Name of the Judge,Gender,Date of Birth,State of Birth,Place of Birth,Date of Appointment,Date of Retirement,If Died in Office,If resigned from office,Parent High Court,If transferred to any other High Court,"If yes, which High Court 1",Date of such transfer - 1,"If yes, which High Court 2",Date of such transfer – 2,"If yes, which High Court 3",Date of such transfer - 3,If appointed Chief Justice in another High Court,"If yes, which High Court – 1","If yes, which High Court – 2","If yes, which High Court – 3",If appointed to the Supreme Court,Date of appointment to the Supreme Court,Cadre,Experience in Subordinate Judiciary,Litigation Experience,If a Senior Advocate,Experience in High Court Administrative Post,If served as Counsel for Government/PSU/Statutory Body,If served as Advocate General,If empanelled by Banks,If empanelled by Private Companies,Chamber Details,Schooling Information,Graduation Institution,Graduation Specialization,Law Degree Institution,Law Degree Year,Bar Enrolment Year,State Bar Association where enrolled,Foreign Degree in Law,Post-Graduate in another subject,Post-Graduate in Law
A Chakraborty,Male,1943-07-15T00:00:00Z,Not Available,Not Available,1994-03-28T00:00:00Z,2005-07-14T00:00:00Z,No,No,Calcutta,Yes,Allahabad,1994-04-19T00:00:00Z,Calcutta,2000-08-01T00:00:00Z,Not Applicable,NA,Not Available,Not Available,Not Available,Not Available,No,NA,Bar,No,Yes,No,Not Applicable,No,No,No,No,No,Not Available,Not Available,Science,Not Available,Not Available,1968,West Bengal,No,No,No
Abhijit Gangopadhyay,Male,NA,Not Available,Not Available,2018-05-02T00:00:00Z,NA,No,No,Calcutta,No,Not Applicable,NA,Not Applicable,NA,Not Applicable,NA,No,Not Applicable,Not Applicable,Not Applicable,No,NA,Not Available,Not Available,Not Available,Not Available,Not Available,Not Available,Not Available,Not Available,Not Available,Not Available,Not Available,Not Available,Not Available,Not Available,Not Available,Not Available,Not Available,Not Available,Not Available,NA
AK Banerjee,Male,1953-06-02T00:00:00Z,Not Available,Not Available,2000-09-15T00:00:00Z,2015-06-01T00:00:00Z,No,No,Calcutta,Not Available,Not Available,NA,Not Available,NA,Not Available,NA,Not Available,Not Available,Not Available,Not Available,No,NA,Bar,No,Yes,No,Not Applicable,No,No,No,No,No,Not Available,"Scottish Church College, Kolkata",Not Available,Not Available,Not Available,1976,West Bengal,No,No,No
AK Mathur,Male,1943-07-07T00:00:00Z,West Bengal,Calcutta,1985-09-18T00:00:00Z,2008-07-07T00:00:00Z,No,No,Rajasthan,Yes,Madhya Pradesh,1994-02-18T00:00:00Z,Calcutta,1999-12-22T00:00:00Z,Not Applicable,NA,Yes,Madhya Pradesh,Calcutta,Not Applicable,Yes,2004-06-07T00:00:00Z,Bar,No,Yes,No,Not Applicable,Yes,No,No,No,No,Not Available,University of Calcutta,Arts (English),University of Calcutta,1970,1967,Rajasthan,No,No,No
Amitabha Chatterjee,Male,1960-05-09T00:00:00Z,Not Available,Not Available,2016-10-06T00:00:00Z,2022-05-08T00:00:00Z,No,No,Calcutta,No,Not Applicable,NA,Not Applicable,NA,Not Applicable,NA,No,Not Applicable,Not Applicable,Not Applicable,No,NA,Service,Yes,Yes,No,No,No,No,No,No,No,Not Available,Katwa College,Not Available,Katwa College,1979,Not Available,West Bengal,No,No,No
Amrita Sinha,Female,NA,Not Available,Not Available,2018-05-02T00:00:00Z,NA,No,No,Calcutta,No,Not Applicable,NA,Not Applicable,NA,Not Applicable,NA,No,Not Applicable,Not Applicable,Not Applicable,No,NA,Not Available,No,Not Available,Not Available,Not Applicable,Not Available,No,No,No,No,Not Available,Not Available,Not Available,Not Available,Not Available,Not Available,Not Available,Not Available,Not Available,NA
Anindita Roy Saraswati,Female,1951-12-03T00:00:00Z,Not Available,Not Available,2012-04-09T00:00:00Z,2013-12-02T00:00:00Z,No,No,Calcutta,Not Available,Not Available,NA,Not Available,NA,Not Available,NA,Not Available,Not Available,Not Available,Not Available,No,NA,Service,Yes,Yes,No,No,No,No,No,No,No,Not Available,Not Available,Not Available,Not Available,Not Available,1977,West Bengal,No,Yes,No
Aniruddha Bose,Male,1959-11-03T00:00:00Z,Not Available,Not Available,2004-01-19T00:00:00Z,2021-11-02T00:00:00Z,No,No,Calcutta,No,Not Applicable,NA,Not Applicable,NA,Not Applicable,NA,No,Not Applicable,Not Applicable,Not Applicable,No,NA,Bar,No,Yes,No,Not Applicable,No,No,No,No,No,"St. Lawrence School, Calcutta",St. Xaviers College,Commerce,Surendranath College,Not Available,1985,West Bengal,No,No,No
Arijit Banerjee,Male,1967-03-07T00:00:00Z,Not Available,Not Available,2013-10-30T00:00:00Z,2029-03-06T00:00:00Z,No,No,Calcutta,No,Not Applicable,NA,Not Applicable,NA,Not Applicable,NA,No,Not Applicable,Not Applicable,Not Applicable,No,NA,Bar,No,Yes,No,Not Applicable,No,No,No,No,No,Not Available,University of Calcutta,Not Available,Not Available,Not Available,1991,West Bengal,No,No,No
Arindam Mukherjee,Male,NA,Not Available,Not Available,2018-03-12T00:00:00Z,NA,No,No,Calcutta,No,Not Applicable,NA,Not Applicable,NA,Not Applicable,NA,No,Not Applicable,Not Applicable,Not Applicable,No,NA,Not Available,Not Available,Not Available,Not Available,Not Available,Not Available,Not Available,Not Available,Not Available,Not Available,Not Available,Not Available,Not Available,Not Available,Not Available,Not Available,Not Available,Not Available,Not Available,NA
Arindam Sinha,Male,1965-09-22T00:00:00Z,Not Available,Not Available,2013-10-30T00:00:00Z,2027-09-21T00:00:00Z,No,No,Calcutta,No,Not Applicable,NA,Not Applicable,NA,Not Applicable,NA,No,Not Applicable,Not Applicable,Not Applicable,No,NA,Bar,No,Yes,No,Not Applicable,No,No,No,No,No,Not Available,Not Available,Not Available,Not Available,Not Available,1991,West Bengal,No,No,No
Arun Mishra,Male,1955-09-03T00:00:00Z,Madhya Pradesh,Not Available,1999-10-25T00:00:00Z,2014-07-06T00:00:00Z,No,No,Madhya Pradesh,No,Not Applicable,NA,Not Applicable,NA,Not Applicable,NA,Yes,Rajasthan,Calcutta,Not Applicable,Yes,2014-07-07T00:00:00Z,Bar,No,Yes,No,Not Applicable,Yes,No,No,No,No,M.P,Not Available,Science,Not Available,Not Available,1978,Madhya Pradesh,No,No,No
Asha Arora,Female,NA,Not Available,Not Available,2016-06-10T00:00:00Z,NA,No,No,Calcutta,No,Not Applicable,NA,Not Applicable,NA,Not Applicable,NA,No,Not Applicable,Not Applicable,Not Applicable,No,NA,Bar,No,Yes,No,Not Applicable,No,No,No,No,No,Not Available,Not Available,Not Available,Not Available,Not Available,Not Available,Not Available,Not Available,Not Available,NA
Ashim Kumar Roy,Male,1955-08-30T00:00:00Z,Not Available,Not Available,2006-06-22T00:00:00Z,2017-08-29T00:00:00Z,No,No,Calcutta,No,Not Applicable,NA,Not Applicable,NA,Not Applicable,NA,No,Not Applicable,Not Applicable,Not Applicable,No,NA,Bar,No,Yes,No,Not Applicable,Yes,No,No,No,No,Not Available,University of Calcutta,Science,University of Calcutta,1982,1984,West Bengal,No,No,No
Ashis Kumar Chakraborty,Male,1965-12-12T00:00:00Z,West Bengal,Not Available,2016-10-06T00:00:00Z,2027-12-11T00:00:00Z,Yes,No,Calcutta,No,Not Applicable,NA,Not Applicable,NA,Not Applicable,NA,No,Not Applicable,Not Applicable,Not Applicable,No,NA,Bar,No,Yes,No,Not Applicable,No,No,No,No,No,Not Available,University of Calcutta,Not Available,University of Calcutta,1992,1993,West Bengal,No,No,No
Asim Kumar Mondal,Male,1952-11-24T00:00:00Z,Not Available,Not Available,2012-04-09T00:00:00Z,2014-11-23T00:00:00Z,No,No,Calcutta,Not Available,Not Available,NA,Not Available,NA,Not Available,NA,Not Available,Not Available,Not Available,Not Available,No,NA,Service,Yes,No,Not Applicable,Yes,Not Applicable,Not Applicable,Not Applicable,Not Applicable,Not Applicable,Not Available,Not Available,Commerce,Not Available,Not Available,Not Available,Not Available,No,Yes,No
Asim Kumar Ray,Male,1952-05-11T00:00:00Z,Not Available,Not Available,2010-06-21T00:00:00Z,2014-05-10T00:00:00Z,No,No,Calcutta,Not Available,Not Available,NA,Not Available,NA,Not Available,NA,Not Available,Not Available,Not Available,Not Available,No,NA,Service,Yes,Not Available,Not Available,No,Not Available,Not Available,Not Available,Not Available,Not Available,Not Available,Not Available,Science,Not Available,Not Available,Not Available,Not Available,No,No,No
Bibek Chaudhuri,Male,NA,Not Available,Not Available,2018-10-12T00:00:00Z,NA,No,No,Calcutta,No,Not Applicable,NA,Not Applicable,NA,Not Applicable,NA,No,Not Applicable,Not Applicable,Not Applicable,No,NA,Not Available,Not Available,Not Available,Not Available,Not Available,Not Available,Not Available,Not Available,Not Available,Not Available,Not Available,Not Available,Not Available,Not Available,Not Available,Not Available,Not Available,Not Available,Not Available,NA
Biswajit Basu,Male,NA,Not Available,Not Available,2018-05-02T00:00:00Z,NA,No,No,Calcutta,No,Not Applicable,NA,Not Applicable,NA,Not Applicable,NA,No,Not Applicable,Not Applicable,Not Applicable,No,NA,Not Available,No,Not Available,Not Available,Not Applicable,Not Available,No,No,No,No,Not Available,Not Available,Not Available,Not Available,Not Available,Not Available,Not Available,Not Available,Not Available,NA
Biswanath Sommader,Male,1963-12-15T00:00:00Z,West Bengal,Calcutta,2006-06-22T00:00:00Z,2025-12-14T00:00:00Z,No,No,Calcutta,Yes,Allahabad,2019-10-17T00:00:00Z,Not Applicable,NA,Not Applicable,NA,Yes,Calcutta,Meghalaya,Not Applicable,No,NA,Bar,No,Yes,No,Not Applicable,Yes,No,No,No,No,Not Available,University of Calcutta,Not Available,University of Calcutta,Not Available,1989,West Bengal,No,No,No
C.S. Karnan,Male,1955-06-12T00:00:00Z,"Karnatham Village, Virudhachalam Taluk,","Cuddalore District, Tamil Nadu",2016-03-11T00:00:00Z,2017-06-11T00:00:00Z,No,No,Madras,Yes,Madras,NA,Calcutta,2016-03-11T00:00:00Z,Not Applicable,NA,No,Not Applicable,Not Applicable,Not Applicable,No,NA,Bar,No,Yes,No,Not Applicable,Yes,No,No,No,No,Mangalampet High School,"New College, Chennai",Science,Madras Law College,1983,1983,Tamil Nadu,No,No,No
Debangsu Basak,Male,1966-06-19T00:00:00Z,Not Available,Not Available,2013-10-30T00:00:00Z,2028-06-18T00:00:00Z,No,No,Calcutta,No,Not Applicable,NA,Not Applicable,NA,Not Applicable,NA,No,Not Applicable,Not Applicable,Not Applicable,No,NA,Bar,No,Yes,No,Not Applicable,No,No,No,No,No,Not Available,Not Available,Not Available,Not Available,Not Available,1991,West Bengal,No,No,No
Debasish Kar Gupta,Male,1957-01-01T00:00:00Z,Calcutta,West Bengal,2006-06-22T00:00:00Z,2018-12-30T00:00:00Z,No,No,Calcutta,No,Not Applicable,NA,Not Applicable,NA,Not Applicable,NA,No,Not Applicable,Not Applicable,Not Applicable,No,NA,Bar,No,Yes,Yes,Not Applicable,Yes,No,No,No,No,Not Available,University of Calcutta,Not Available,University of Calcutta,1980,1982,West Bengal,No,No,No
Debi Prosad Dey,Male,1956-02-16T00:00:00Z,Not Available,Not Available,2016-10-06T00:00:00Z,2018-02-15T00:00:00Z,No,No,Calcutta,No,Not Applicable,NA,Not Applicable,NA,Not Applicable,NA,No,Not Applicable,Not Applicable,Not Applicable,No,NA,Service,Yes,Yes,Yes,Yes,Yes,No,No,No,No,Purulia Zilla School,Burdwan University,Commerce,Burdwan University,Not Available,Not Available,West Bengal,No,No,No
Dipak Saha Ray,Male,1951-06-02T00:00:00Z,Not Available,Not Available,2012-04-09T00:00:00Z,2013-06-01T00:00:00Z,No,No,Calcutta,Not Available,Not Available,NA,Not Available,NA,Not Available,NA,Not Available,Not Available,Not Available,Not Available,No,NA,Service,Yes,Yes,No,No,No,No,No,No,No,Not Available,Not Available,Science,Not Available,Not Available,1977,West Bengal,No,No,No
Dipankar Datta,Male,1965-02-09T00:00:00Z,Not Available,Not Available,2006-06-22T00:00:00Z,2020-04-27T00:00:00Z,No,No,Calcutta,No,Not Applicable,NA,Not Applicable,NA,Not Applicable,NA,Yes,Bombay,Not Applicable,Not Applicable,No,NA,Bar,No,Yes,No,Not Applicable,Yes,No,No,No,No,Not Available,University of Calcutta,Not Available,University of Calcutta,1989,1989,West Bengal,No,No,No
G.C Dey,Male,1943-01-08T00:00:00Z,Not Available,Not Available,1999-09-16T00:00:00Z,2005-01-07T00:00:00Z,No,No,Calcutta,No,Not Applicable,NA,Not Applicable,NA,Not Applicable,NA,No,Not Applicable,Not Applicable,Not Applicable,No,NA,Service,Yes,Yes,No,No,No,No,No,No,No,Not Available,University of Calcutta,Not Available,University of Calcutta,1964,1965,West Bengal,No,No,No
Girish Chandra Gupta,Male,1954-12-01T00:00:00Z,Kolkata,Not Available,2000-09-15T00:00:00Z,2016-02-01T00:00:00Z,No,No,Calcutta,No,Not Applicable,NA,Not Applicable,NA,Not Applicable,NA,Yes,Calcutta,Not Applicable,Not Applicable,No,NA,Bar,No,Yes,No,Not Applicable,Yes,No,No,No,No,Kolkata,Not Available,Not Available,Not Available,Not Available,1982,West Bengal,No,No,No
Harish Tandon,Male,1964-11-16T00:00:00Z,Not Available,Not Available,2010-04-13T00:00:00Z,2026-11-15T00:00:00Z,No,No,Calcutta,No,Not Applicable,NA,Not Applicable,NA,Not Applicable,NA,No,Not Applicable,Not Applicable,Not Applicable,No,NA,Bar,No,Yes,No,Not Applicable,No,No,No,No,No,Not Available,University of Calcutta,Not Available,University of Calcutta,1989,1989,West Bengal,No,No,No
Hiranmay Bhattacharya,Male,1968-12-18T00:00:00Z,Not Available,Not Available,2019-02-12T00:00:00Z,2030-12-17T00:00:00Z,No,No,Calcutta,No,Not Applicable,NA,Not Applicable,NA,Not Applicable,NA,No,Not Applicable,Not Applicable,Not Applicable,No,NA,Bar,No,Yes,No,Not Applicable,No,No,No,No,No,"Ramakrishna Mission Vidyalaya, Narendrapur",Goenka College of Commerce and Business Administration,Commerce,University of Calcutta,2000,Not Available,West Bengal,No,Yes,No
Indira Banerjee,Female,1957-09-24T00:00:00Z,Not Available,Not Available,2002-02-05T00:00:00Z,2022-09-23T00:00:00Z,No,No,Calcutta,Yes,Delhi,2016-08-08T00:00:00Z,Not Applicable,NA,Not Applicable,NA,Yes,Madras,Not Applicable,Not Applicable,Yes,2018-08-07T00:00:00Z,Bar,No,Yes,No,Not Applicable,No,No,No,No,No,"Loreto House, Calcutta",Presidency College,Not Available,"Calcutta University, College of Law",Not Available,1985,West Bengal,No,No,No
Indra Prasanna Mukherji,Male,1963-06-09T00:00:00Z,Not Available,Not Available,2009-05-18T00:00:00Z,2025-06-08T00:00:00Z,No,No,Calcutta,No,Not Applicable,NA,Not Applicable,NA,Not Applicable,NA,No,Not Applicable,Not Applicable,Not Applicable,No,NA,Bar,No,Yes,No,Not Applicable,Yes,No,No,No,No,"St. Xavier's Schoool, Calcutta",Not Available,Not Available,University of Calcutta,Not Available,1990,West Bengal,Yes,No,No
Indrajit Chatterjee,Male,1955-02-02T00:00:00Z,West Bengal,Bankura,2013-10-01T00:00:00Z,2017-02-01T00:00:00Z,No,No,Calcutta,No,Not Applicable,NA,Not Applicable,NA,Not Applicable,NA,No,Not Applicable,Not Applicable,Not Applicable,No,NA,Service,Yes,Yes,No,No,Yes,No,No,No,No,Not Available,University of Calcutta (Belur Vidya Mandir),Not Available,Burdawan University,1979,1980,West Bengal,No,No,No
Ishan Chandra Das,Male,1955-03-01T00:00:00Z,Not Available,Not Available,2013-10-01T00:00:00Z,2017-02-28T00:00:00Z,No,No,Calcutta,No,Not Applicable,NA,Not Applicable,NA,Not Applicable,NA,No,Not Applicable,Not Applicable,Not Applicable,No,NA,Service,Yes,No,Not Applicable,No,Not Applicable,Not Applicable,Not Applicable,Not Applicable,Not Applicable,Not Available,Calcutta University,Not Available,Calcutta University,1979,Not Available,Not Available,No,Yes,No
Jainarayan Patel,Male,1950-10-05T00:00:00Z,Not Available,Not Available,1996-03-11T00:00:00Z,2012-10-05T00:00:00Z,No,No,Bombay,No,Not Applicable,NA,Not Applicable,NA,Not Applicable,NA,Yes,Calcutta,Not Applicable,Not Applicable,No,NA,Bar,No,Yes,No,Not Applicable,No,No,No,No,No,Not Available,Not Available,Not Available,Not Available,Not Available,1974,Bombay,No,No,No
Jay Sengupta,Male,1970-10-30T00:00:00Z,Not Available,Not Available,2018-05-02T00:00:00Z,2032-10-29T00:00:00Z,No,No,Calcutta,No,Not Applicable,NA,Not Applicable,NA,Not Applicable,NA,No,Not Applicable,Not Applicable,Not Applicable,No,NA,Bar,No,Yes,No,Not Applicable,Yes,No,No,No,No,"South Point High School, Kolkata","St. Xaviers College, Kolkata",Economics,University of Mumbai,Not Available,1996,West Bengal,No,No,No
JK Biswas,Male,1953-02-17T00:00:00Z,Not Available,Not Available,2002-02-05T00:00:00Z,2015-02-16T00:00:00Z,No,No,Calcutta,Not Available,Not Available,NA,Not Available,NA,Not Available,NA,Not Available,Not Available,Not Available,Not Available,No,NA,Bar,No,Yes,Yes,Not Applicable,No,No,No,No,No,Not Available,Not Available,Not Available,Not Available,Not Available,1981,West Bengal,No,No,No
Joymalya Bagchi,Male,1966-10-03T00:00:00Z,Not Available,Not Available,2011-06-27T00:00:00Z,2028-10-02T00:00:00Z,No,No,Calcutta,Yes,Andhra Pradesh,NA,Not Applicable,NA,Not Applicable,NA,No,Not Applicable,Not Applicable,Not Applicable,No,NA,Bar,No,Yes,No,Not Applicable,Yes,No,No,No,No,Calcutta Boy's School,Calcutta University,Integrated Law,University of Calcutta,1991,1991,West Bengal,No,No,No
Sanjib Banerjee,Male,1961-11-02T00:00:00Z,West Bengal,Not Available,2006-06-22T00:00:00Z,2023-11-01T00:00:00Z,No,No,Calcutta,No,Not Applicable,NA,Not Applicable,NA,Not Applicable,NA,Yes,Madras,Not Applicable,Not Applicable,No,NA,Bar,No,Yes,No,Not Applicable,No,No,No,No,No,Not Available,University of Calcutta,Science (Economics),University of Calcutta,1983,1990,West Bengal,No,No,No
Jyotirmay Bhattacharya,Male,1956-09-25T00:00:00Z,West Bengal,"Village Beliachandi, 24-Parganas (South)",2003-12-03T00:00:00Z,2018-09-23T00:00:00Z,No,No,Calcutta,No,Not Applicable,NA,Not Applicable,NA,Not Applicable,NA,No,Not Applicable,Not Applicable,Not Applicable,No,NA,Bar,No,Yes,No,Not Applicable,No,No,No,No,No,Baruipur High School,"St. Xavier's College, Calcutta",Not Available,University of Calcutta,Not Available,1983,West Bengal,No,No,No
Kalyan Jyoti Sengupta,Male,1953-05-07T00:00:00Z,Not Available,Not Available,1997-07-17T00:00:00Z,2015-05-06T00:00:00Z,No,No,Calcutta,Yes,Uttarakhand,2012-10-18T00:00:00Z,Not Applicable,NA,Not Applicable,NA,Yes,Calcutta,Andhra Pradesh,Not Applicable,No,NA,Bar,No,Yes,No,Not Applicable,Yes,No,No,No,No,Not Available,Not Available,Not Available,Not Available,Not Available,1981,West Bengal,No,No,No
Kanchan Chakraborty,Male,1952-01-04T00:00:00Z,West Bengal,Malda,2010-06-21T00:00:00Z,2014-01-03T00:00:00Z,No,No,Calcutta,Not Available,Not Available,NA,Not Available,NA,Not Available,NA,Not Available,Not Available,Not Available,Not Available,No,NA,Service,Yes,Yes,No,No,No,No,No,No,No,Not Available,North Bengal University,Commerce,University of Calcutta,1977,Not Available,West Bengal,No,No,No
Kaushik Chanda,Male,1974-01-04T00:00:00Z,Not Available,Not Available,2019-10-01T00:00:00Z,2036-01-03T00:00:00Z,No,No,Calcutta,No,Not Applicable,NA,Not Applicable,NA,Not Applicable,NA,Not Available,Not Available,Not Available,Not Available,No,NA,Bar,No,Yes,Yes,Not Applicable,No,No,No,No,No,Not Available,Not Available,Not Available,University of Calcutta,1997,1998,West Bengal,No,No,No
Madhumati Mitra,Female,1958-05-31T00:00:00Z,West Bengal,Not Available,2020-04-24T00:00:00Z,2020-05-30T00:00:00Z,No,No,Calcutta,No,Not Applicable,NA,Not Applicable,NA,Not Applicable,NA,No,Not Applicable,Not Applicable,Not Applicable,No,NA,Service,Yes,Yes,No,Yes,Yes,No,No,No,No,Not Available,Srerampore College,Not Available,"University College of Law, Calcutta",Not Available,Not Available,West Bengal,No,No,Yes
Malay Marut Banerjee,Male,1955-04-01T00:00:00Z,Not Available,Not Available,2016-10-06T00:00:00Z,2017-03-31T00:00:00Z,No,No,Calcutta,No,Not Applicable,NA,Not Applicable,NA,Not Applicable,NA,No,Not Applicable,Not Applicable,Not Applicable,No,NA,Service,Yes,Yes,No,No,No,No,No,No,No,"Ramakrishna Mission Vidya Mandir, Belur Math",University of Burdawan,Not Available,University of Burdwan,1979,Not Available,Not Available,No,No,No
Manjula Chellur,Female,1955-12-05T00:00:00Z,Karnataka,Bellary,2014-08-05T00:00:00Z,2017-12-04T00:00:00Z,No,No,Karnataka,Yes,Bombay,2016-08-22T00:00:00Z,Not Applicable,NA,Not Applicable,NA,Not Available,Not Available,Not Available,Not Available,No,NA,Service,Yes,Yes,No,No,Yes,No,Yes,Yes,No,Not Available,"Allum Sumangalamma Womens’ College, Bellary",Humanities,"Renukacharya Law College, Bangalore",1977,1978,Karnataka,No,No,No
Manojit Mandal,Male,1958-09-27T00:00:00Z,West Bengal,Not Available,2020-09-24T00:00:00Z,2020-09-26T00:00:00Z,No,No,Calcutta,No,Not Applicable,NA,Not Applicable,NA,Not Applicable,NA,No,Not Applicable,Not Applicable,Not Applicable,No,NA,Service,Yes,Yes,No,No,No,No,No,No,No,Not Available,University of Calcutta,Commerce,University of Calcutta,1982,Not Available,West Bengal,No,No,No
Md Nizamuddin,Male,NA,Not Available,Not Available,2019-02-12T00:00:00Z,2024-04-13T00:00:00Z,No,No,Calcutta,No,Not Applicable,NA,Not Applicable,NA,Not Applicable,NA,No,Not Applicable,Not Applicable,Not Applicable,No,NA,Not Available,Not Available,Not Available,Not Available,Not Available,Not Available,Not Available,Not Available,Not Available,Not Available,Not Available,Not Available,Not Available,Not Available,Not Available,Not Available,West Bengal,Not Available,Not Available,NA
Md. Mumtaz Khan,Male,1957-08-15T00:00:00Z,Not Available,Not Available,2015-03-30T00:00:00Z,2019-08-14T00:00:00Z,No,No,Calcutta,No,Not Applicable,NA,Not Applicable,NA,Not Applicable,NA,No,Not Applicable,Not Applicable,Not Applicable,No,NA,Service,Yes,Yes,No,No,No,No,No,No,No,Not Available,Not Available,Science,Not Available,Not Available,Not Available,Not Available,No,No,No
Mir Dara Sheko,Male,1956-02-11T00:00:00Z,Not Available,Not Available,2016-10-06T00:00:00Z,2018-02-10T00:00:00Z,No,No,Calcutta,No,Not Applicable,NA,Not Applicable,NA,Not Applicable,NA,No,Not Applicable,Not Applicable,Not Applicable,No,NA,Bar,No,Yes,No,Not Applicable,Yes,No,No,No,No,Not Available,Rampurhat College,Arts,Jogesh Chandra Choudhury College of Law under University of Calcutta,1980,1981,Birbhum,No,No,No
Mohit Shantilal Shah,Male,1953-09-09T00:00:00Z,Gujarat,Vijapur,1995-09-18T00:00:00Z,2015-09-09T00:00:00Z,No,No,Gujarat,No,Not Applicable,NA,Not Applicable,NA,Not Applicable,NA,Yes,Calcutta,Not Applicable,Not Applicable,No,NA,Bar,No,Yes,No,Not Applicable,No,No,No,No,No,"Baroda, Surat, Amreli",Maharaja Sayajirao University of Baroda,Not Available,Maharaja Sayajirao University of Baroda,1976,1976,Gujrat,No,No,No
Moushumi Bhattacharya,Female,1967-10-27T00:00:00Z,Not Available,Not Available,2017-09-21T00:00:00Z,2029-10-26T00:00:00Z,No,No,Calcutta,No,Not Applicable,NA,Not Applicable,NA,Not Applicable,NA,No,Not Applicable,Not Applicable,Not Applicable,No,NA,Bar,No,Yes,No,Not Applicable,No,No,No,No,No,"Loreto House, Calcutta","Jadavpur University, Calcutta",English,University of Calcutta,1996,1997,West Bengal,Yes,No,Yes
Mrinal Kanti Saha,Male,1952-11-09T00:00:00Z,Not Available,Not Available,2009-06-24T00:00:00Z,2014-11-08T00:00:00Z,No,No,Calcutta,Not Available,Not Available,NA,Not Available,NA,Not Available,NA,Not Available,Not Available,Not Available,Not Available,No,NA,Service,Yes,Not Available,Not Available,No,Not Available,Not Available,Not Available,Not Available,Not Available,Not Available,Not Available,Not Available,University of Calcutta,Not Available,Not Available,Not Available,No,Yes,No
Murari Prasad Shrivastava,Male,1952-02-13T00:00:00Z,West Bengal,Dum Dum,2012-04-09T00:00:00Z,2014-02-12T00:00:00Z,No,No,Calcutta,Not Available,Not Available,NA,Not Available,NA,Not Available,NA,Not Available,Not Available,Not Available,Not Available,No,NA,Service,Yes,Not Available,Not Available,No,Not Available,Not Available,Not Available,Not Available,Not Available,"Don Bosco, Park Circus, Kolkata","St. Xavier's College, Kolkata",Chemistry,University of Calcutta,Not Available,Not Available,Not Available,No,Yes,No
Nadira Patherya,Female,1956-11-19T00:00:00Z,Not Available,Not Available,2006-06-22T00:00:00Z,2018-11-18T00:00:00Z,No,No,Calcutta,No,Not Applicable,NA,Not Applicable,NA,Not Applicable,NA,No,Not Applicable,Not Applicable,Not Applicable,No,NA,Bar,No,Yes,No,Not Applicable,No,No,No,No,No,Not Available,University of Calcutta,Arts,University of Calcutta,Not Available,1983,West Bengal,No,No,No
Nishita Mhatre,Female,2020-09-20T00:00:00Z,Maharashtra,Pune,2003-03-21T00:00:00Z,2017-09-18T00:00:00Z,No,No,Bombay,Yes,Calcutta,2011-12-27T00:00:00Z,Not Applicable,NA,Not Applicable,NA,Yes,Calcutta,Not Applicable,Not Applicable,No,NA,Bar,No,Yes,No,Not Applicable,Yes,No,No,No,No,St. Mary’s School,"Sophia College, Mumbai",Microbiology,"Government Law College, Mumbai",Not Available,1978,Maharashtra and Goa,No,No,No
PK Chattopadhyay,Male,1953-08-09T00:00:00Z,Not Available,Not Available,2000-09-15T00:00:00Z,2015-08-08T00:00:00Z,No,No,Calcutta,Not Available,Not Available,NA,Not Available,NA,Not Available,NA,Not Available,Not Available,Not Available,Not Available,No,NA,Bar,No,Yes,No,Not Applicable,No,No,No,No,No,Not Available,Not Available,Science,University of Calcutta,Not Available,1978,West Bengal,No,No,No
Prasenjit Mandal,Male,1952-03-28T00:00:00Z,Not Available,Not Available,2006-06-22T00:00:00Z,2014-03-27T00:00:00Z,No,No,Calcutta,Not Available,Not Available,NA,Not Available,NA,Not Available,NA,Not Available,Not Available,Not Available,Not Available,No,NA,Service,Yes,Yes,No,No,Yes,No,No,No,No,Not Available,Not Available,Physics,Not Available,Not Available,1975,Not Available,No,No,No
Protik Prakash Banerjee,Male,1969-06-01T00:00:00Z,Not Available,Not Available,2017-09-21T00:00:00Z,2031-05-31T00:00:00Z,Yes,No,Calcutta,No,Not Applicable,NA,Not Applicable,NA,Not Applicable,NA,No,Not Applicable,Not Applicable,Not Applicable,No,NA,Bar,No,Yes,No,Not Applicable,Yes,No,No,No,Yes,Calcutta Boys School,University of Calcutta,Not Available,University of Calcutta,Not Available,1995,West Bengal,No,No,No
Raghunath Bhattacharya,Male,1952-01-11T00:00:00Z,Not Available,Not Available,2010-06-21T00:00:00Z,2014-01-10T00:00:00Z,No,No,Calcutta,Not Available,Not Available,NA,Not Available,NA,Not Available,NA,Not Available,Not Available,Not Available,Not Available,No,NA,Service,Yes,No,Not Applicable,Yes,Not Applicable,Not Applicable,Not Applicable,Not Applicable,Not Applicable,Not Available,Universty of Calcutta,Chemistry,University of Calcutta,1977,Not Available,Not Available,No,No,No
Rajarshi Bharadwaj,Male,1967-08-04T00:00:00Z,Not Available,Not Available,2017-09-21T00:00:00Z,2029-08-03T00:00:00Z,No,No,Calcutta,No,Not Applicable,NA,Not Applicable,NA,Not Applicable,NA,No,Not Applicable,Not Applicable,Not Applicable,No,NA,Bar,No,Yes,No,Not Applicable,No,No,No,No,No,Not Available,"St. Xaviers College, Kolkata",Not Available,University of Calcutta,1998,1999,West Bengal,No,No,No
Rajasekhar Mantha,Male,1967-10-29T00:00:00Z,Not Available,Not Available,2017-09-21T00:00:00Z,2029-10-28T00:00:00Z,No,No,Calcutta,No,Not Applicable,NA,Not Applicable,NA,Not Applicable,NA,No,Not Applicable,Not Applicable,Not Applicable,No,NA,Bar,No,Yes,Yes,Not Applicable,No,No,No,No,No,"St. Paul's Boarding and Day's School; St. Xavier's Collegiate School, Calcutta",Not Available,Not Available,"University College of Law, Nagpur",1990,1991,West Bengal,Yes,No,Yes
Rajesh Bindal,Male,1961-04-16T00:00:00Z,Haryana,Ambala City,2006-03-22T00:00:00Z,2023-04-15T00:00:00Z,No,No,Punjab and Haryana,Not Available,J&K and Ladakh,2018-11-19T00:00:00Z,Calcutta,2021-01-05T00:00:00Z,Not Available,NA,Yes,J&K and Ladakh,Calcutta,Not Applicable,No,NA,Bar,No,Yes,No,Not Applicable,Yes,No,No,No,No,Not Available,Kurukshestra University,Not Available,Kurukshestra University,1985,1985,Punjab and Haryana,No,No,No
Rajiv Sharma,Male,1955-09-25T00:00:00Z,Uttar Pradesh,Lucknow,2004-09-24T00:00:00Z,2017-09-24T00:00:00Z,No,No,Allahabad,Not Available,Not Available,NA,Not Available,NA,Not Available,NA,Not Available,Not Available,Not Available,Not Available,No,NA,Bar,No,Yes,No,Not Applicable,Yes,No,No,No,Yes,"Mahanagar Boys' Inter College, Lucknow; Colvin Taluqader's College, Lucknow","Canning College, University of Lucknow",Science,Not Available,Not Available,1979,Uttar Pradesh,No,Yes,No
Rakesh Tiwari,Male,1955-10-25T00:00:00Z,Not Available,Not Available,2002-02-14T00:00:00Z,2017-10-23T00:00:00Z,No,No,Allahabad,Yes,Calcutta,2016-03-21T00:00:00Z,Not Applicable,NA,Not Applicable,NA,Yes,Calcutta,Not Applicable,Not Applicable,No,NA,Bar,No,Yes,No,Not Applicable,Yes,No,Yes,No,No,Not Available,Allahabad University,Commerce,Allahabad University,Not Available,1984,Allahabad,No,No,No
Ranjit Kumar Bag,Male,1955-11-08T00:00:00Z,Not Available,Not Available,2013-10-01T00:00:00Z,2017-11-07T00:00:00Z,No,No,Calcutta,No,Not Applicable,NA,Not Applicable,NA,Not Applicable,NA,No,Not Applicable,Not Applicable,Not Applicable,No,NA,Service,Yes,Yes,No,No,Yes,No,No,No,No,Not Available,Calcutta University,Not Available,Calcutta University,Not Available,Not Available,West Bengal,No,No,No
Ravi Krishan Kapur,Male,1971-10-05T00:00:00Z,Not Available,Not Available,2018-03-12T00:00:00Z,2033-10-04T00:00:00Z,No,No,Calcutta,No,Not Applicable,NA,Not Applicable,NA,Not Applicable,NA,No,Not Applicable,Not Applicable,Not Applicable,No,NA,Bar,No,Yes,No,Not Applicable,No,No,No,No,No,Not Available,"St. Xaviers College, Kolkata",Commerce,University of Leeds,1997,1998,West Bengal,Yes,No,No
Sabyasachi Bhattacharyya,Male,1970-08-30T00:00:00Z,Not Available,Not Available,2017-09-21T00:00:00Z,2032-08-29T00:00:00Z,No,No,Calcutta,No,Not Applicable,NA,Not Applicable,NA,Not Applicable,NA,No,Not Applicable,Not Applicable,Not Applicable,No,NA,Bar,No,Yes,Yes,Not Applicable,Yes,No,No,No,No,Calcutta Boy's School,Not Available,Not Available,University of Calcutta,1995,1995,West Bengal,No,No,No
Sahidullah Munshi,Male,1958-09-29T00:00:00Z,Not Available,Not Available,2016-03-14T00:00:00Z,2020-09-28T00:00:00Z,No,No,Calcutta,No,Not Applicable,NA,Not Applicable,NA,Not Applicable,NA,No,Not Applicable,Not Applicable,Not Applicable,No,NA,Bar,No,Yes,No,Not Applicable,No,No,No,No,No,Not Available,Not Available,Science,Not Available,Not Available,1986,West Bengal,No,No,No
Samapti Chatterjee,Female,1958-12-13T00:00:00Z,West Bengal,Not Available,2016-03-14T00:00:00Z,2020-12-12T00:00:00Z,No,No,Calcutta,No,Not Applicable,NA,Not Applicable,NA,Not Applicable,NA,No,Not Applicable,Not Applicable,Not Applicable,No,NA,Bar,No,Yes,No,Not Applicable,No,No,No,No,No,Not Available,Gokhale Memorial College,Not Available,University of Calcutta,Not Available,1985,West Bengal,No,No,No
"Sambuddha Chakrabarti

",Male,1958-05-11T00:00:00Z,West Bengal,Not Available,2010-09-13T00:00:00Z,2020-05-10T00:00:00Z,No,No,Calcutta,No,Not Applicable,NA,Not Applicable,NA,Not Applicable,NA,No,Not Applicable,Not Applicable,Not Applicable,No,NA,Bar,No,Yes,Yes,Not Applicable,Yes,No,No,No,No,Not Available,Presidency University,Not Available,University of Calcutta,1986,Not Available,Not Available,No,Yes,No
Sankar Acharyya,Male,1955-08-24T00:00:00Z,Not Available,Not Available,2016-10-06T00:00:00Z,2017-08-23T00:00:00Z,No,No,Calcutta,No,Not Applicable,NA,Not Applicable,NA,Not Applicable,NA,No,Not Applicable,Not Applicable,Not Applicable,No,NA,Bar,No,Yes,No,Not Applicable,No,No,No,No,No,Not Available,University of Calcutta,Commerce,University of Calcutta,1980,1981,West Bengal,No,Yes,No
Saugata Bhattacharya,Male,NA,Not Available,Not Available,2019-02-12T00:00:00Z,NA,No,No,Calcutta,No,Not Applicable,NA,Not Applicable,NA,Not Applicable,NA,No,Not Applicable,Not Applicable,Not Applicable,No,NA,Not Available,Not Available,Not Available,Not Available,Not Available,Not Available,Not Available,Not Available,Not Available,Not Available,Not Available,Not Available,Not Available,Not Available,Not Available,Not Available,Not Available,Not Available,Not Available,NA
Shampa Sarkar,Female,1968-02-18T00:00:00Z,Not Available,Not Available,2018-03-12T00:00:00Z,2030-02-17T00:00:00Z,No,No,Calcutta,No,Not Applicable,NA,Not Applicable,NA,Not Applicable,NA,No,Not Applicable,Not Applicable,Not Applicable,No,NA,Bar,No,Yes,No,Not Applicable,Yes,No,No,No,No,Not Available,"Loreto College, Calcutta",English,North Bengal University,1992,1993,West Bengal,No,No,No
Shekhar Bobby Saraf,Male,1971-10-21T00:00:00Z,Not Available,Not Available,2017-09-21T00:00:00Z,2033-10-20T00:00:00Z,No,No,Calcutta,No,Not Applicable,NA,Not Applicable,NA,Not Applicable,NA,No,Not Applicable,Not Applicable,Not Applicable,No,NA,Bar,No,Yes,No,Not Applicable,Yes,No,Yes,No,Yes,"St. Xavier's Collegiate School, Calcutta",Not Available,Not Available,"National Law School of India University, Bangalore",1996,1999,West Bengal,Yes,No,Yes
Shib Sadhan Sadhu,Male,1954-04-10T00:00:00Z,Not Available,Not Available,2013-10-01T00:00:00Z,2016-04-09T00:00:00Z,No,No,Calcutta,Not Available,Not Available,NA,Not Available,NA,Not Available,NA,Not Available,Not Available,Not Available,Not Available,No,NA,Service,Yes,Yes,No,No,No,No,No,No,No,"Sri Sri Sarada Vidyapith, Dubrajpur, Birbhum","TDB College Raniganj, University of Burdwan",Mathematics,University of Burdwan,1979,Not Available,West Bengal,No,No,No
Shivakant Prasad,Male,1959-12-06T00:00:00Z,Not Available,Not Available,2015-03-30T00:00:00Z,2021-12-05T00:00:00Z,No,No,Calcutta,No,Not Applicable,NA,Not Applicable,NA,Not Applicable,NA,No,Not Applicable,Not Applicable,Not Applicable,No,NA,Service,Yes,Yes,No,Yes,No,No,No,No,No,Not Available,University of Calcutta,Not Available,University of Calcutta,1985,1985,West Bengal,No,No,No
Siddhartha Chattopadhyay,Male,1956-02-08T00:00:00Z,Not Available,Not Available,2016-10-06T00:00:00Z,2018-02-07T00:00:00Z,No,No,Calcutta,No,Not Applicable,NA,Not Applicable,NA,Not Applicable,NA,No,Not Applicable,Not Applicable,Not Applicable,No,NA,Service,Yes,Yes,No,No,Yes,No,No,No,No,Not Available,Goenka College of Commerce & Business Administration,Commerce,University of Calcutta,1984,Not Available,West Bengal,No,No,Yes
Soumen Sen,Male,1965-07-27T00:00:00Z,West Bengal,Kolkata,2011-04-13T00:00:00Z,2027-07-26T00:00:00Z,No,No,Calcutta,No,Not Applicable,NA,Not Applicable,NA,Not Applicable,NA,No,Not Applicable,Not Applicable,Not Applicable,No,NA,Bar,No,Yes,Yes,Not Applicable,Yes,No,Yes,No,No,"St. Lawrence High School, Calcutta",Not Available,Not Available,University of Calcutta,1990,1991,West Bengal,No,No,No
Soumitra Pal,Male,1954-08-28T00:00:00Z,Not Available,Not Available,2004-01-19T00:00:00Z,2016-08-28T00:00:00Z,No,No,Calcutta,No,Not Applicable,NA,Not Applicable,NA,Not Applicable,NA,No,Not Applicable,Not Applicable,Not Applicable,No,NA,Bar,No,Yes,No,Not Applicable,No,No,No,No,No,South Point High School,Xaviers College,Arts,Calcutta University,1980,1981,West Bengal,No,No,No
Subal Baidya,Male,1952-01-03T00:00:00Z,Not Available,Not Available,2012-04-09T00:00:00Z,2014-01-02T00:00:00Z,No,No,Calcutta,Not Available,Not Available,NA,Not Available,NA,Not Available,NA,Not Available,Not Available,Not Available,Not Available,No,NA,Service,Yes,Not Available,Not Available,Yes,Not Available,Not Available,Not Available,Not Available,Not Available,Not Available,Not Available,Political Science,"Jogesh Chandra Chowdhury College of Law, University of Calcutta",Not Available,Not Available,Not Available,No,Yes,No
Subhasis Dasgupta,Male,1961-02-22T00:00:00Z,Not Available,Not Available,2018-10-12T00:00:00Z,2023-02-21T00:00:00Z,No,No,Calcutta,No,Not Applicable,NA,Not Applicable,NA,Not Applicable,NA,No,Not Applicable,Not Applicable,Not Applicable,No,NA,Service,Yes,Yes,No,Yes,No,No,No,No,No,Not Available,University of Burdwan,Science,University of Burdwan,1984,Not Available,West Bengal,No,No,No
Subhro Kamal Mukherjee,Male,1955-10-10T00:00:00Z,Not Available,Not Available,2000-09-15T00:00:00Z,2017-10-09T00:00:00Z,No,No,Calcutta,Not Available,Not Available,NA,Not Available,NA,Not Available,NA,Not Available,Not Available,Not Available,Not Available,No,NA,Bar,No,Yes,No,Not Applicable,No,No,No,No,No,Not Available,Not Available,Not Available,Not Available,Not Available,1982,West Bengal,No,Yes,No
Subrata Talukdar,Male,1961-07-04T00:00:00Z,Not Available,Not Available,2013-10-30T00:00:00Z,2023-07-03T00:00:00Z,No,No,Calcutta,No,Not Applicable,NA,Not Applicable,NA,Not Applicable,NA,No,Not Applicable,Not Applicable,Not Applicable,No,NA,Bar,No,Yes,Yes,Not Applicable,Yes,No,No,No,No,Not Available,"Presidency College, Kolkata",Political Science,University of Delhi,Not Available,1989,West Bengal,No,Yes,No
Sudip Ahluwalia,Male,1959-12-30T00:00:00Z,Punjab,Not Available,2013-10-01T00:00:00Z,2016-05-22T00:00:00Z,No,No,Calcutta,No,Not Applicable,NA,Not Applicable,NA,Not Applicable,NA,No,Not Applicable,Not Applicable,Not Applicable,No,NA,Service,Yes,Yes,No,No,Yes,No,No,No,No,Not Available,Punjabi University,Humanities,Indore University,1981,Not Available,Not Available,No,No,No
Surinder Singh Nijjer,Male,1949-06-07T00:00:00Z,Not Available,Not Available,1996-04-08T00:00:00Z,2014-06-06T00:00:00Z,No,No,Punjab and Haryana,Yes,Bombay,1996-04-26T00:00:00Z,Punjab and Haryana,2000-08-07T00:00:00Z,Not Applicable,NA,Yes,Calcutta,Not Applicable,Not Applicable,Yes,2009-11-17T00:00:00Z,Bar,No,Yes,Yes,Not Applicable,Yes,No,Yes,No,No,England,University of London,Not Available,University of London,1972,1975,Punjab and Haryana,Yes,No,Yes
Suvra Ghosh,Female,1968-04-23T00:00:00Z,Not Available,Not Available,2018-11-19T00:00:00Z,2030-04-22T00:00:00Z,No,No,Calcutta,No,Not Applicable,NA,Not Applicable,NA,Not Applicable,NA,No,Not Applicable,Not Applicable,Not Applicable,No,NA,Service,Yes,Yes,No,Yes,No,No,No,No,No,Hyderabad Board,Not Available,Not Available,University of Calcutta,1991,Not Available,West Bengal,No,No,No
T Sen,Male,1953-09-02T00:00:00Z,Not Available,Not Available,NA,2015-09-01T00:00:00Z,Not Available,Not Available,Calcutta,Not Available,Not Available,NA,Not Available,NA,Not Available,NA,Not Available,Not Available,Not Available,Not Available,No,NA,Not Available,Not Available,Not Available,Not Available,Not Available,Not Available,Not Available,Not Available,Not Available,Not Available,Not Available,Not Available,Not Available,Not Available,Not Available,Not Available,Not Available,Not Available,Not Available,NA
Tapabrata Chakraborty,Male,1966-11-27T00:00:00Z,Not Available,Not Available,2013-10-30T00:00:00Z,2028-11-26T00:00:00Z,No,No,Calcutta,No,Not Applicable,NA,Not Applicable,NA,Not Applicable,NA,No,Not Applicable,Not Applicable,Not Applicable,No,NA,Bar,No,Yes,No,Not Applicable,No,No,No,No,No,Not Available,Not Available,Not Available,Not Available,Not Available,1991,West Bengal,No,No,Yes
Tapash Mookherjee,Male,1955-07-15T00:00:00Z,Not Available,Not Available,2013-10-01T00:00:00Z,2017-07-14T00:00:00Z,No,No,Calcuta,No,Not Applicable,NA,Not Applicable,NA,Not Applicable,NA,No,Not Applicable,Not Applicable,Not Applicable,No,NA,Service,Yes,Yes,No,No,No,No,No,No,No,Rahara Ramkrishna Mission Boys’ Home School,Raj College under Burdwan University,commerce,"Burdwan University, Department of Law",1979,Not Available,West Bengal,No,No,No
Tarun Kumar Das,Male,1952-01-01T00:00:00Z,Not Available,Not Available,2012-04-09T00:00:00Z,2013-12-31T00:00:00Z,No,No,Calcutta,Not Available,Not Available,NA,Not Available,NA,Not Available,NA,Not Available,Not Available,Not Available,Not Available,No,NA,Service,Yes,Yes,No,No,No,No,No,No,No,Not Available,Not Available,Science,Not Available,Not Available,1975,West Bengal,No,No,No
Tarun Kumar Gupta,Male,1952-06-15T00:00:00Z,Not Available,Not Available,2010-06-01T00:00:00Z,2014-06-14T00:00:00Z,No,No,Calcutta,Not Available,Not Available,NA,Not Available,NA,Not Available,NA,Not Available,Not Available,Not Available,Not Available,No,NA,Service,Yes,Not Available,Not Available,Yes,Not Available,Not Available,Not Available,Not Available,Not Available,"Atheneum Institution, Kolkata","Vidyasagar College, Calcutta",Chemistry,"Surendranath College, University of Calcutta",Not Available,Not Available,Not Available,No,No,No
Thottathil B. Nair Radhakrishnan,Male,1959-04-29T00:00:00Z,Kollam,Thiruvanantapuram,2004-10-14T00:00:00Z,2021-04-28T00:00:00Z,No,No,Kerala,No,Not Applicable,NA,Not Applicable,NA,Not Applicable,NA,Yes,Chhattisgarh,Telangana,Calcutta.,No,NA,Bar,No,Yes,No,Not Applicable,Yes,No,Yes,No,No,"St. Joseph's Convent and Government Boys' High School, Kollam; Arya Central School, Thiruvananthapuram and secured ISC conferred by the University of Cambridge (Local Examination Syndicate), having studied in Trinity Lyceum, Kollam",University of Kerala,Science (Zoology),"K.G.F. Law College, Bangalore University",Not Available,1983,Kerala,No,No,No
Tirthankar Ghosh,Male,NA,Not Available,Not Available,2019-02-12T00:00:00Z,NA,No,No,Calcutta,No,Not Applicable,NA,Not Applicable,NA,Not Applicable,NA,No,Not Applicable,Not Applicable,Not Applicable,No,NA,Not Available,Not Available,Not Available,Not Available,Not Available,Not Available,Not Available,Not Available,Not Available,Not Available,Not Available,Not Available,Not Available,Not Available,Not Available,Not Available,Not Available,Not Available,Not Available,NA
TK Dutt,Male,1953-02-09T00:00:00Z,Not Available,Not Available,2003-12-03T00:00:00Z,2015-02-08T00:00:00Z,No,No,Calcutta,Not Available,Not Available,NA,Not Available,NA,Not Available,NA,Not Available,Not Available,Not Available,Not Available,No,NA,Bar,No,Yes,No,Not Applicable,No,No,No,No,No,La Martiniere School for Boys,St. Xavier's College,Commerce,University of Calcutta,Not Available,1980,West Bengal,No,No,No
Toufique Uddin,Male,1952-03-04T00:00:00Z,Not Available,Not Available,2012-04-09T00:00:00Z,2014-03-03T00:00:00Z,No,No,Calcutta,Not Available,Not Available,NA,Not Available,NA,Not Available,NA,Not Available,Not Available,Not Available,Not Available,No,NA,Service,Yes,Yes,No,Yes,Yes,No,No,No,No,Not Available,University of Calcutta,Mathematics,University of Calcutta,Not Available,Not Available,Not Available,No,No,Yes
VS Sirpurkar,Male,1946-08-22T00:00:00Z,Maharashtra,Chandrapur,1992-11-09T00:00:00Z,2011-08-22T00:00:00Z,No,No,Bombay,Yes,Madras,NA,Not Applicable,NA,Not Applicable,NA,Yes,Uttarakhand,Calcutta,Not Applicable,Yes,2005-12-01T00:00:00Z,Bar,No,Yes,No,Not Applicable,Yes,No,No,No,No,Not Available,Morris College,Not Available,University College of Nagpur,Not Available,1985,Maharashtra,No,No,No
