Name of the Judge,Gender,Date of Birth,State of Birth,Place of Birth,Date of Appointment,Date of Retirement,If Died in Office,If resigned from office,Parent High Court,If transferred to any other High Court,"If yes, which High Court 1",Date of such transfer - 1,"If yes, which High Court 2",Date of such transfer – 2,"If yes, which High Court 3",Date of such transfer - 3,If appointed Chief Justice in another High Court,"If yes, which High Court – 1","If yes, which High Court – 2","If yes, which High Court – 3",If appointed to the Supreme Court,Date of appointment to the Supreme Court,Cadre,Experience in Subordinate Judiciary,Litigation Experience,If a Senior Advocate,Experience in High Court Administrative Post,If served as Counsel for Government/PSU/Statutory Body,If served as Advocate General,If empanelled by Banks,If empanelled by Private Companies,Chamber Details,Schooling Information,Graduation Institution,Graduation Specialization,Law Degree Institution,Law Degree Year,Bar Enrolment Year,State Bar Association where enrolled,Foreign Degree in Law,Post-Graduate in another subject,Post-Graduate in Law
Abhijit Sinha,Male,1947-08-21T00:00:00Z,Not Available,Not Available,2008-11-03T00:00:00Z,2009-08-21T00:00:00Z,No,No,Patna,No,Not Applicable,NA,Not Applicable,NA,Not Applicable,NA,No,Not Applicable,Not Applicable,Not Applicable,No,NA,Service,Yes,No,Not Applicable,No,Not Applicable,Not Applicable,Not Applicable,Not Applicable,Not Applicable,Not Available,Not Available,Arts,Not Available,Not Available,Not Applicable,Not Applicable,No,No,No
Aditya Kumar Trivedi,Male,1958-08-11T00:00:00Z,Bihar,Muzaffarpur,2011-06-20T00:00:00Z,2020-08-10T00:00:00Z,No,No,Patna,No,Not Applicable,NA,Not Applicable,NA,Not Applicable,NA,No,Not Applicable,Not Applicable,Not Applicable,No,NA,Service,Yes,Yes,No,No,No,No,No,No,No,Not Available,Bihar University,Science,Bihar University,Not Available,1981,Bihar,No,No,No
Aditya Narayan Chaturvedi,Male,NA,Not Available,Not Available,1991-09-18T00:00:00Z,1997-01-18T00:00:00Z,No,No,Patna,No,Not Applicable,NA,Not Applicable,NA,Not Applicable,NA,No,Not Applicable,Not Applicable,Not Applicable,No,NA,Not Available,Not Available,Not Available,Not Available,Not Available,Not Available,Not Available,Not Available,Not Available,Not Available,Not Available,Not Available,Not Available,Not Available,Not Available,Not Available,Not Available,No,No,No
Aftab Alam,Male,1948-04-19T00:00:00Z,Bihar,Patna,1990-07-27T00:00:00Z,2013-04-18T00:00:00Z,No,No,Patna,Yes,J&K and Ladakh,2007-06-06T00:00:00Z,Not Applicable,NA,Not Applicable,NA,No,Not Applicable,Not Applicable,Not Applicable,Yes,2007-11-12T00:00:00Z,Bar,No,Yes,Yes,Not Applicable,Yes,No,No,No,No,Not Available,Not Available,Not Available,Not Available,Not Available,1973,Bihar,No,No,No
Ahsanuddin Amanullah,Male,1963-05-11T00:00:00Z,Bihar,Patna,2011-06-20T00:00:00Z,2025-05-10T00:00:00Z,No,No,Patna,No,Not Applicable,NA,Not Applicable,NA,Not Applicable,NA,No,Not Applicable,Not Applicable,Not Applicable,No,NA,Bar,No,Yes,No,Not Applicable,Yes,No,Yes,Yes,No,Not Available,Patna University,Science (Chemistry),Patna University,Not Available,1991,Bihar,No,No,No
Ajay Kumar Tripathi,Male,NA,Not Available,Not Available,2006-10-09T00:00:00Z,2019-11-11T00:00:00Z,No,Yes,Patna,No,Not Applicable,NA,Not Applicable,NA,Not Applicable,NA,Yes,Chhattisgarh,Not Applicable,Not Applicable,No,NA,Bar,No,Yes,No,Not Applicable,Yes,No,No,No,No,Not Available,Sri Ram College of Commerce (SRCC),Economics,"Campus Law Centre, Delhi University",Not Available,1981,Bihar,No,No,No
Akhilesh Chandra,Male,1953-03-15T00:00:00Z,Not Available,Not Available,2010-03-15T00:00:00Z,2015-03-15T00:00:00Z,No,No,Patna,No,Not Applicable,NA,Not Applicable,NA,Not Applicable,NA,No,Not Applicable,Not Applicable,Not Applicable,No,NA,Service,Yes,Yes,No,Yes,No,No,No,No,No,Not Available,Not Available,Arts,Not Available,Not Available,1977,Bihar,No,No,No
Amaresh Kumar Lal,Male,1953-08-28T00:00:00Z,Not Available,Not Available,2011-06-20T00:00:00Z,2015-06-19T00:00:00Z,No,No,Patna,No,Not Applicable,NA,Not Applicable,NA,Not Applicable,NA,No,Not Applicable,Not Applicable,Not Applicable,No,NA,Service,Yes,Yes,No,No,No,No,No,No,No,Not Available,Not Available,Not Available,Not Available,Not Available,1977,Bihar,No,Yes,No
Amir Das,Male,NA,Not Available,Not Available,1991-12-02T00:00:00Z,1996-01-01T00:00:00Z,No,No,Patna,No,Not Applicable,NA,Not Applicable,NA,Not Applicable,NA,No,Not Applicable,Not Applicable,Not Applicable,No,NA,Not Available,Not Available,Not Available,Not Available,Not Available,Not Available,Not Available,Not Available,Not Available,Not Available,Not Available,Not Available,Not Available,Not Available,Not Available,Not Available,Not Available,No,No,No
Amreshwar Pratap Sahi,Male,1959-01-01T00:00:00Z,Not Available,Not Available,2004-09-24T00:00:00Z,2020-12-31T00:00:00Z,No,No,Allahabad,No,Not Applicable,NA,Not Applicable,NA,Not Applicable,NA,Yes,Patna,Not Applicable,Not Applicable,No,NA,Bar,No,Yes,No,Not Applicable,Yes,No,No,No,No,Not Available,Not Available,Not Available,Not Available,Not Available,1985,Uttar Pradesh,Not Available,Not Available,Not Available
Anil Kumar Sharma,Male,NA,Not Available,Not Available,1998-12-29T00:00:00Z,2004-01-08T00:00:00Z,No,No,Patna,No,Not Applicable,NA,Not Applicable,NA,Not Applicable,NA,No,Not Applicable,Not Applicable,Not Applicable,No,NA,Not Available,Not Available,Not Available,Not Available,Not Available,Not Available,Not Available,Not Available,Not Available,Not Available,Not Available,Not Available,Not Available,Not Available,Not Available,Not Available,Not Available,No,No,No
Anil Kumar Sinha,Male,1965-06-19T00:00:00Z,Not Available,Not Available,2019-04-17T00:00:00Z,2027-06-18T00:00:00Z,No,No,Patna,No,Not Applicable,NA,Not Applicable,NA,Not Applicable,NA,No,Not Applicable,Not Applicable,Not Applicable,No,NA,Bar,No,Yes,No,Not Applicable,Yes,No,No,No,No,Not Available,Not Available,Not Available,Not Available,Not Available,1991,Bihar,No,Not Available,Not Available
Anil Kumar Sinha,Male,NA,Not Available,Not Available,1998-12-29T00:00:00Z,2004-01-08T00:00:00Z,No,No,Patna,No,Not Applicable,NA,Not Applicable,NA,Not Applicable,NA,No,Not Applicable,Not Applicable,Not Applicable,No,NA,Bar,No,Yes,No,Not Applicable,No,No,No,No,No,Not Available,Not Available,Not Available,Not Available,Not Available,Not Available,Not Available,Not Available,Not Available,Not Available
Anil Kumar Upadhyay,Male,1962-12-04T00:00:00Z,Bihar,Not Available,2017-05-22T00:00:00Z,2024-12-03T00:00:00Z,No,No,Patna,No,Not Applicable,NA,Not Applicable,NA,Not Applicable,NA,No,Not Applicable,Not Applicable,Not Applicable,No,NA,Bar,No,Yes,No,Not Applicable,Yes,No,No,No,No,Not Available,Not Available,Not Available,Patna University,Not Available,Not Available,Bihar,No,Yes,Yes
Anjana Mishra,Female,1958-03-01T00:00:00Z,Not Available,Not Available,2014-05-15T00:00:00Z,2016-04-15T00:00:00Z,No,No,Patna,No,Not Applicable,NA,Not Applicable,NA,Not Applicable,NA,No,Not Applicable,Not Applicable,Not Applicable,No,NA,Bar,No,Yes,No,Not Applicable,No,No,No,No,No,"St. Joseph's Convent, Patna",Patna University,Arts,Patna University,Not Available,1986,Bihar,No,Yes,No
Anjana Prakash,Female,1954-07-17T00:00:00Z,Bihar,Not Available,2009-06-13T00:00:00Z,2016-07-17T00:00:00Z,No,No,Patna,No,Not Applicable,NA,Not Applicable,NA,Not Applicable,NA,No,Not Applicable,Not Applicable,Not Applicable,No,NA,Bar,No,Yes,No,Not Applicable,No,No,No,Yes,No,Not Available,Not Available,Not Available,Not Available,Not Available,1982,Bihar,No,No,No
Anjani Kumar Sharan,Male,1963-04-10T00:00:00Z,Not Available,Not Available,2019-04-17T00:00:00Z,2025-04-09T00:00:00Z,No,No,Patna,No,Not Applicable,NA,Not Applicable,NA,Not Applicable,NA,No,Not Applicable,Not Applicable,Not Applicable,No,NA,Bar,No,Yes,No,Not Applicable,Yes,No,No,No,No,Not Available,Not Available,Not Available,Not Available,Not Available,1991,Bihar,No,Not Available,Not Available
Anwar Ahmad,Male,NA,Not Available,Not Available,2006-05-10T00:00:00Z,NA,No,No,Patna,No,Not Applicable,NA,Not Applicable,NA,Not Applicable,NA,No,Not Applicable,Not Applicable,Not Applicable,No,NA,Not Available,Not Available,Not Available,Not Available,Not Available,Not Available,Not Available,Not Available,Not Available,Not Available,Not Available,Not Available,Not Available,Not Available,Not Available,Not Available,Not Available,Not Available,Not Available,Not Available
Arun Kumar,Male,1956-08-22T00:00:00Z,Bihar,Patna,2016-12-09T00:00:00Z,2018-08-21T00:00:00Z,No,No,Patna,No,Not Applicable,NA,Not Applicable,NA,Not Applicable,NA,No,Not Applicable,Not Applicable,Not Applicable,No,NA,Service,Yes,Yes,No,Yes,No,No,No,No,No,Not Available,Patna University,Not Available,Patna Law College,1987,Not Available,Bihar,No,Yes,No
Arvind Srivastava,Male,1962-04-04T00:00:00Z,Uttar Pradesh,Varanas,2019-12-09T00:00:00Z,2024-04-03T00:00:00Z,No,No,Patna,No,Not Applicable,NA,Not Applicable,NA,Not Applicable,NA,No,Not Applicable,Not Applicable,Not Applicable,No,NA,Service,Yes,Yes,No,No,No,No,No,No,No,Not Available,Not Available,Not Available,Not Available,Not Available,1985,Uttar Pradesh,No,No,No
Ashok Kumar Prasad,Male,1939-04-10T00:00:00Z,Not Available,Not Available,1997-10-16T00:00:00Z,2001-04-10T00:00:00Z,No,No,Patna,Yes,Jharkhand,2000-11-15T00:00:00Z,Not Applicable,NA,Not Applicable,NA,No,Not Applicable,Not Applicable,Not Applicable,No,NA,Service,Yes,No,Not Applicable,No,Not Applicable,Not Applicable,Not Applicable,Not Applicable,Not Applicable,Not Available,Not Available,Not Available,Not Available,Not Available,Not Applicable,Not Applicable,Not Available,Yes,No
Ashok Kumar Verma,Male,NA,Not Available,Not Available,1999-12-16T00:00:00Z,2004-01-28T00:00:00Z,No,No,Patna,No,Not Applicable,NA,Not Applicable,NA,Not Applicable,NA,No,Not Applicable,Not Applicable,Not Applicable,No,NA,Not Available,Not Available,Not Available,Not Available,Not Available,Not Available,Not Available,Not Available,Not Available,Not Available,Not Available,Not Available,Not Available,Not Available,Not Available,Not Available,Not Available,Not Available,Not Available,Not Available
Ashoke Kumar Prasad,Male,1939-04-10T00:00:00Z,Not Available,Not Available,1997-10-16T00:00:00Z,2001-04-10T00:00:00Z,No,No,Patna,Yes,Jharkhand,2000-11-15T00:00:00Z,Not Applicable,NA,Not Applicable,NA,No,Not Applicable,Not Applicable,Not Applicable,No,NA,Service,Yes,Yes,No,No,No,No,No,No,No,Not Available,Not Available,Not Available,Not Available,Not Available,1962,Not Available,No,Yes,No
Ashutosh Kumar,Male,1966-10-01T00:00:00Z,Bihar,Not Available,2014-05-15T00:00:00Z,2028-09-30T00:00:00Z,No,No,Patna,Yes,Delhi,2015-01-07T00:00:00Z,Not Applicable,NA,Not Applicable,NA,No,Not Applicable,Not Applicable,Not Applicable,No,NA,Bar,No,Yes,No,Not Applicable,Yes,No,No,No,No,St. Micheal's High School,"St. Stephens' College, Delhi University",Not Available,"Campus law Centre, Delhi University",Not Available,1991,Bihar,No,No,No
Ashwani Kumar Singh,Male,1960-11-01T00:00:00Z,Bihar,Gaya,2011-06-20T00:00:00Z,2022-10-31T00:00:00Z,No,No,Patna,No,Not Applicable,NA,Not Applicable,NA,Not Applicable,NA,No,Not Applicable,Not Applicable,Not Applicable,No,NA,Bar,No,Yes,Yes,Not Applicable,No,No,No,No,No,Zila School,Gaya College,Arts (History),"A.M.College, Gaya",Not Available,1985,Bihar,No,No,No
Asok Kumar Ganguly,Male,1947-02-03T00:00:00Z,West Bengal,Not Available,1994-01-10T00:00:00Z,2012-02-02T00:00:00Z,No,No,Calcutta,Yes,Patna,1994-04-04T00:00:00Z,Calcutta,2000-08-01T00:00:00Z,Not Applicable,NA,Yes,Orissa,Madras,Not Applicable,Yes,2008-12-17T00:00:00Z,Bar,No,Yes,No,Not Applicable,No,No,No,No,No,Kidderpore Academy,University of Calcutta,English,University of Calcutta,1970,1971,West Bengal,No,Yes,No
B.K. Jha,Male,NA,Not Available,Not Available,2002-03-01T00:00:00Z,2005-02-01T00:00:00Z,No,No,Patna,No,Not Applicable,NA,Not Applicable,NA,Not Applicable,NA,No,Not Applicable,Not Applicable,Not Applicable,No,NA,Not Available,Not Available,Not Available,Not Available,Not Available,Not Available,Not Available,Not Available,Not Available,Not Available,Not Available,Not Available,Not Available,Not Available,Not Available,Not Available,Not Available,No,No,No
B.L. Yadav,Male,1934-04-05T00:00:00Z,Not Available,Not Available,1984-05-24T00:00:00Z,1996-04-05T00:00:00Z,No,No,Allahabad,Yes,Patna,1994-04-28T00:00:00Z,Not Applicable,NA,Not Applicable,NA,No,Not Applicable,Not Applicable,Not Applicable,No,NA,Bar,No,Yes,No,Not Applicable,Yes,No,No,No,No,Not Available,Not Available,Not Available,Not Available,Not Available,1958,Not Available,No,No,No
B.M. Lal,Male,NA,Not Available,Not Available,NA,NA,No,No,Patna,No,Not Applicable,NA,Not Applicable,NA,Not Applicable,NA,No,Not Applicable,Not Applicable,Not Applicable,No,NA,Not Available,Not Available,Not Available,Not Available,Not Available,Not Available,Not Available,Not Available,Not Available,Not Available,Not Available,Not Available,Not Available,Not Available,Not Available,Not Available,Not Available,Not Available,Not Available,Not Available
"B.N. Singh ""Neelam""",Male,NA,Not Available,Not Available,1994-03-16T00:00:00Z,2001-02-10T00:00:00Z,No,No,Patna,No,Not Applicable,NA,Not Applicable,NA,Not Applicable,NA,No,Not Applicable,Not Applicable,Not Applicable,No,NA,Not Available,Not Available,Not Available,Not Available,Not Available,Not Available,Not Available,Not Available,Not Available,Not Available,Not Available,Not Available,Not Available,Not Available,Not Available,Not Available,Not Available,Not Available,Not Available,Not Available
Barin Ghosh,Male,1952-06-05T00:00:00Z,Not Available,Not Available,1995-07-14T00:00:00Z,2018-08-05T00:00:00Z,No,No,Calcutta,Yes,Patna,2005-01-07T00:00:00Z,J&K and Ladakh,2008-12-24T00:00:00Z,Not Applicable,NA,Yes,J&K and Ladakh,Sikkim,Uttarakhand,No,NA,Bar,No,Yes,No,Not Applicable,No,No,No,No,No,Not Available,Not Available,Commerce,Not Available,Not Available,1978,West Bengal,No,No,No
Bharat Prasad Sharma,Male,NA,Not Available,Not Available,1996-05-09T00:00:00Z,2000-01-23T00:00:00Z,No,No,Patna,No,Not Applicable,NA,Not Applicable,NA,Not Applicable,NA,No,Not Applicable,Not Applicable,Not Applicable,No,NA,Not Available,Not Available,Not Available,Not Available,Not Available,Not Available,Not Available,Not Available,Not Available,Not Available,Not Available,Not Available,Not Available,Not Available,Not Available,Not Available,Not Available,Not Available,Not Available,Not Available
Bimal Chandra Basak,Male,NA,Not Available,Not Available,NA,NA,No,No,Patna,No,Not Applicable,NA,Not Applicable,NA,Not Applicable,NA,No,Not Applicable,Not Applicable,Not Applicable,No,NA,Not Available,Not Available,Not Available,Not Available,Not Available,Not Available,Not Available,Not Available,Not Available,Not Available,Not Available,Not Available,Not Available,Not Available,Not Available,Not Available,Not Available,Not Available,Not Available,Not Available
Binod Kumar Roy,Male,1944-12-26T00:00:00Z,Bihar,Not Available,1988-10-31T00:00:00Z,2006-12-26T00:00:00Z,No,No,Patna,Yes,Allahabad,1994-04-28T00:00:00Z,Not Applicable,NA,Not Applicable,NA,Yes,Punjab and Haryana,Gauhati,Sikkim,No,NA,Bar,No,Yes,No,Not Applicable,No,No,No,No,No,Not Available,"Patna College, Patna University",Arts (Political Science),Magadh University,Not Available,1968,Bihar,No,Yes,No
Binod Kumar Roy,Male,1944-12-26T00:00:00Z,Not Available,Not Available,1988-10-31T00:00:00Z,2006-12-26T00:00:00Z,No,No,Patna,Yes,Allahabad,1994-04-28T00:00:00Z,Not Applicable,NA,Not Applicable,NA,Yes,Punjab and Haryana,Gauhati,Sikkim,No,NA,Bar,No,Yes,No,Not Applicable,No,No,No,No,No,Not Available,Patna College,Arts,Magadh University,Not Available,1968,Bihar,Not Available,Not Available,No
Birendra Kumar,Male,1963-05-23T00:00:00Z,Bihar,Not Available,2016-11-16T00:00:00Z,2025-05-22T00:00:00Z,No,No,Patna,No,Not Applicable,NA,Not Applicable,NA,Not Applicable,NA,No,Not Applicable,Not Applicable,Not Applicable,No,NA,Service,Yes,Yes,No,Yes,No,No,No,No,No,Not Available,Not Available,Not Available,Patna Law College,1986,Not Available,Bihar,No,No,No
Birendra Prasad Verma,Male,1955-01-17T00:00:00Z,BIhar,Not Available,2010-02-18T00:00:00Z,2017-01-16T00:00:00Z,No,No,Patna,No,Not Applicable,NA,Not Applicable,NA,Not Applicable,NA,No,Not Applicable,Not Applicable,Not Applicable,No,NA,Bar,No,Yes,Yes,Not Applicable,Yes,No,No,No,No,Not Available,Patna University,B.Ed.,Patna University,Not Available,1979,Bihar,No,Yes,No
Biseshwar Prasad Singh,Male,1942-07-09T00:00:00Z,Not Available,Not Available,1987-03-09T00:00:00Z,2007-07-09T00:00:00Z,No,No,Patna,Yes,Karnataka,1990-04-09T00:00:00Z,Patna,1991-09-09T00:00:00Z,Not Applicable,NA,Yes,Bombay,Not Applicable,Not Applicable,Yes,2001-12-14T00:00:00Z,Bar,No,Yes,No,Not Applicable,No,No,No,No,No,Not Available,Not Available,Arts,Not Available,Not Available,1963,Not Available,No,No,No
Bisheshwar Prasad Singh,Male,1942-07-09T00:00:00Z,Not Available,Not Available,1987-03-09T00:00:00Z,2007-07-08T00:00:00Z,No,No,Patna,Yes,Karnataka,1990-04-09T00:00:00Z,Patna,1991-09-09T00:00:00Z,Not Applicable,NA,Yes,Bombay,Not Applicable,Not Applicable,Yes,2001-12-14T00:00:00Z,Bar,No,Yes,No,Not Applicable,No,No,No,No,No,"St. Xavier's School, Patna and St. Columbia's School, New Delhi","Hindu College, Delhi University",Arts,Delhi University,1963,1963,Not Available,No,No,No
Bishwanath Agrawal,Male,1944-10-15T00:00:00Z,Not Available,Not Available,1986-11-17T00:00:00Z,2009-10-15T00:00:00Z,No,No,Patna,No,Not Applicable,NA,Not Applicable,NA,Not Applicable,NA,Yes,Orissa,Not Applicable,Not Applicable,Yes,2000-10-19T00:00:00Z,Bar,No,Yes,No,Not Applicable,No,No,No,No,No,Not Available,Not Available,Arts,Not Available,Not Available,1966,Bihar,No,No,No
Biswanath Agrawal,Male,1994-10-15T00:00:00Z,Not Available,Not Available,1986-11-17T00:00:00Z,2009-10-15T00:00:00Z,No,No,Patna,No,Not Applicable,NA,Not Applicable,NA,Not Applicable,NA,Yes,Orissa,Not Applicable,Not Applicable,Yes,2000-10-19T00:00:00Z,Bar,No,Yes,No,Not Applicable,No,No,No,No,No,Not Available,Not Available,Not Available,Not Available,Not Available,1966,Bihar,No,No,No
Braj Nandan Prasad Singh,Male,NA,Not Available,Not Available,2001-07-01T00:00:00Z,2008-04-08T00:00:00Z,No,No,Patna,No,Not Applicable,NA,Not Applicable,NA,Not Applicable,NA,No,Not Applicable,Not Applicable,Not Applicable,No,NA,Not Available,Not Available,Not Available,Not Available,Not Available,Not Available,Not Available,Not Available,Not Available,Not Available,Not Available,Not Available,Not Available,Not Available,Not Available,Not Available,Not Available,Not Available,Not Available,Not Available
C.M. Prasad,Male,NA,Not Available,Not Available,2003-03-24T00:00:00Z,NA,No,No,Patna,No,Not Applicable,NA,Not Applicable,NA,Not Applicable,NA,No,Not Applicable,Not Applicable,Not Applicable,No,NA,Not Available,Not Available,Not Available,Not Available,Not Available,Not Available,Not Available,Not Available,Not Available,Not Available,Not Available,Not Available,Not Available,Not Available,Not Available,Not Available,Not Available,No,No,No
Chakradhari Sharan Singh,Male,1963-01-20T00:00:00Z,Not Available,Not Available,2012-04-05T00:00:00Z,2025-01-19T00:00:00Z,No,No,Patna,No,Not Applicable,NA,Not Applicable,NA,Not Applicable,NA,No,Not Applicable,Not Applicable,Not Applicable,No,NA,Bar,No,Yes,Yes,Not Applicable,Yes,No,No,No,No,Not Available,Not Available,Not Available,"Campus law Centre, Delhi University",Not Available,1990,Not Available,No,No,No
Chandra Mohan Prasad,Male,1949-03-01T00:00:00Z,Not Available,Not Available,2003-03-24T00:00:00Z,2011-03-01T00:00:00Z,No,No,Patna,No,Not Applicable,NA,Not Applicable,NA,Not Applicable,NA,No,Not Applicable,Not Applicable,Not Applicable,No,NA,Service,Yes,Not Available,Not Available,No,Not Available,Not Available,Not Available,Not Available,Not Available,Not Available,Not Available,Arts,Not Available,Not Available,Not Available,Not Available,No,No,No
Chandramauli Kumar Prasad,Male,1949-07-15T00:00:00Z,Bihar,Patna,1994-11-08T00:00:00Z,2014-07-14T00:00:00Z,No,No,Patna,Yes,Madhya Pradesh,1994-11-21T00:00:00Z,Patna,2001-09-06T00:00:00Z,Not Applicable,NA,Yes,Allahabad,Not Applicable,Not Applicable,No,NA,Bar,No,Yes,Yes,Not Applicable,No,No,No,No,No,Not Available,Not Available,Not Available,Not Available,Not Available,1973,Bihar,Not Available,Not Available,No
D.P.S. Choudhary,Male,NA,Not Available,Not Available,1998-12-29T00:00:00Z,2002-03-28T00:00:00Z,No,No,Patna,No,Not Applicable,NA,Not Applicable,NA,Not Applicable,NA,No,Not Applicable,Not Applicable,Not Applicable,No,NA,Not Available,Not Available,Not Available,Not Available,Not Available,Not Available,Not Available,Not Available,Not Available,Not Available,Not Available,Not Available,Not Available,Not Available,Not Available,Not Available,Not Available,No,No,No
Daljeet Singh Dhaliwal,Male,NA,Not Available,Not Available,1994-07-21T00:00:00Z,1998-07-22T00:00:00Z,No,No,Patna,No,Not Applicable,NA,Not Applicable,NA,Not Applicable,NA,No,Not Applicable,Not Applicable,Not Applicable,No,NA,Not Available,Not Available,Not Available,Not Available,Not Available,Not Available,Not Available,Not Available,Not Available,Not Available,Not Available,Not Available,Not Available,Not Available,Not Available,Not Available,Not Available,No,No,No
Deoki Nandan Prasad,Male,1941-08-01T00:00:00Z,Not Available,Not Available,1998-12-01T00:00:00Z,NA,No,No,Patna,Yes,Jharkhand,2000-11-15T00:00:00Z,Not Applicable,NA,Not Applicable,NA,No,Not Applicable,Not Applicable,Not Applicable,No,NA,Service,Yes,No,Not Applicable,No,Not Applicable,Not Applicable,Not Applicable,Not Applicable,Not Applicable,Not Available,Not Available,Not Available,Not Available,Not Available,Not Applicable,Not Applicable,Not Available,Yes,No
Devinder Pratap Wadhwa,Male,1935-05-05T00:00:00Z,Not Available,Not Available,1983-08-12T00:00:00Z,2000-05-05T00:00:00Z,No,No,Delhi,No,Not Applicable,NA,Not Applicable,NA,Not Applicable,NA,Yes,Patna,Not Applicable,Not Applicable,Yes,1997-03-21T00:00:00Z,Bar,No,Yes,No,Not Applicable,Yes,No,No,No,No,Not Available,Not Available,Science,Not Available,Not Available,1962,Not Available,No,No,No
Dharnidhar Jha,Male,1952-09-07T00:00:00Z,Bihar,Not Available,2006-11-06T00:00:00Z,2015-09-07T00:00:00Z,No,No,Patna,Yes,Allahabad,2011-12-09T00:00:00Z,Not Applicable,NA,Not Applicable,NA,No,Not Applicable,Not Applicable,Not Applicable,No,NA,Service,Yes,Yes,No,No,No,No,No,No,No,Not Available,Not Available,Not Available,Not Available,Not Available,1980,Bihar,No,No,No
Dinesh Kumar Singh,Male,1958-10-03T00:00:00Z,BIhar,Chapra,2010-02-18T00:00:00Z,2020-10-02T00:00:00Z,No,No,Patna,No,Not Applicable,NA,Not Applicable,NA,Not Applicable,NA,No,Not Applicable,Not Applicable,Not Applicable,No,NA,Bar,No,Yes,Yes,Not Applicable,Yes,No,No,No,No,Not Available,Bihar University,Not Available,Patna University,Not Available,1986,Bihar,No,Yes,No
Dipak Misra,Male,1953-10-03T00:00:00Z,Odisha,Not Available,1996-01-17T00:00:00Z,2018-10-02T00:00:00Z,No,No,Orissa,Yes,Madhya Pradesh,1997-03-03T00:00:00Z,Not Applicable,NA,Not Applicable,NA,Yes,Patna,Delhi,Not Applicable,Yes,2011-10-10T00:00:00Z,Bar,No,Yes,No,Not Applicable,No,No,No,No,No,Not Available,Not Available,Not Available,Not Available,Not Available,1977,Orissa,Not Available,Not Available,Not Available
Dr. Ravi Ranjan,Male,NA,Not Available,Not Available,2008-07-14T00:00:00Z,2022-12-19T00:00:00Z,No,No,Patna,Yes,Punjab and Haryana,2018-11-10T00:00:00Z,Not Applicable,NA,Not Applicable,NA,Yes,Jharkhand,Not Applicable,Not Applicable,No,NA,Bar,No,Yes,No,Not Applicable,Yes,No,Yes,Yes,No,Not Available,Not Available,Not Available,Not Available,Not Available,Not Available,Not Available,No,No,No
G.S. Chaube,Male,NA,Not Available,Not Available,1996-05-09T00:00:00Z,2000-07-20T00:00:00Z,No,No,Patna,No,Not Applicable,NA,Not Applicable,NA,Not Applicable,NA,No,Not Applicable,Not Applicable,Not Applicable,No,NA,Not Available,Not Available,Not Available,Not Available,Not Available,Not Available,Not Available,Not Available,Not Available,Not Available,Not Available,Not Available,Not Available,Not Available,Not Available,Not Available,Not Available,Not Available,Not Available,Not Available
Ghanshyam Prasad,Male,1947-01-28T00:00:00Z,Not Available,Not Available,2005-01-24T00:00:00Z,2009-01-28T00:00:00Z,No,No,Patna,No,Not Applicable,NA,Not Applicable,NA,Not Applicable,NA,No,Not Applicable,Not Applicable,Not Applicable,No,NA,Service,Yes,Not Available,Not Available,Yes,Not Available,Not Available,Not Available,Not Available,Not Available,Not Available,Not Available,Science,Not Available,Not Available,Not Available,Not Available,No,No,No
Gopal Ballav Patnaik,Male,1937-12-19T00:00:00Z,Odisha,Not Available,1983-06-01T00:00:00Z,2002-12-19T00:00:00Z,No,No,Orissa,No,Not Applicable,NA,Not Applicable,NA,Not Applicable,NA,Yes,Patna,Not Applicable,Not Applicable,Yes,1995-09-11T00:00:00Z,Bar,No,Yes,No,Not Applicable,Yes,No,No,No,No,Not Available,Not Available,Science,Not Available,Not Available,1962,Orissa,No,No,No
Gopal Prasad,Male,1954-07-06T00:00:00Z,Bihar,Not Available,2010-03-15T00:00:00Z,2016-07-06T00:00:00Z,No,No,Patna,No,Not Applicable,NA,Not Applicable,NA,Not Applicable,NA,No,Not Applicable,Not Applicable,Not Applicable,No,NA,Service,Yes,Not Available,Not Available,Yes,Not Available,Not Available,Not Available,Not Available,Not Available,Not Available,Not Available,Not Available,Not Available,Not Available,Not Available,Not Available,No,Yes,No
Gopi Chand Bharuka,Male,1941-06-15T00:00:00Z,Not Available,Not Available,1994-06-13T00:00:00Z,2003-06-16T00:00:00Z,No,No,Patna,No,Not Applicable,NA,Not Applicable,NA,Not Applicable,NA,No,Not Applicable,Not Applicable,Not Applicable,No,NA,Bar,No,Yes,Yes,Not Available,No,No,No,No,No,Not Available,Not Available,Not Available,Ranchi University,Not Available,1968,Bihar,No,Not Available,Yes
Gurusharan Sharma,Male,1942-01-15T00:00:00Z,Bihar,Pandarak,1992-10-19T00:00:00Z,2004-01-15T00:00:00Z,No,No,Patna,Yes,Jharkhand,2000-11-15T00:00:00Z,Not Applicable,NA,Not Applicable,NA,No,Not Applicable,Not Applicable,Not Applicable,No,NA,Bar,No,Yes,No,Not Applicable,No,No,No,No,No,"Punyark Vidya Mandir, Pandarak",Patna University,Master's in Political Science,Not Available,Not Available,1966,Bihar,No,Yes,Not Available
Gyan Sudha Mishra,Female,1949-04-28T00:00:00Z,Not Available,Not Available,1994-03-16T00:00:00Z,2014-04-27T00:00:00Z,No,No,Patna,Yes,Rajasthan,1994-04-21T00:00:00Z,Not Applicable,NA,Not Applicable,NA,Yes,Jharkhand,Not Applicable,Not Applicable,Yes,2010-04-30T00:00:00Z,Bar,No,Yes,No,Not Applicable,Yes,No,No,No,No,Not Available,Patna University,Political Science,Patna University,Not Available,1972,Bihar,No,Yes,No
Hemant Kumar Srivastava,Male,1959-02-02T00:00:00Z,Uttar Pradesh,Allahabad,2010-08-12T00:00:00Z,2021-02-01T00:00:00Z,No,No,Patna,No,Not Applicable,NA,Not Applicable,NA,Not Applicable,NA,No,Not Applicable,Not Applicable,Not Applicable,No,NA,Service,Yes,Yes,No,No,No,No,No,No,No,Not Available,Allahabad University,Arts,Allahabad University,1980,1982,Uttar Pradesh,No,No,No
I.P. Singh,Male,NA,Not Available,Not Available,1990-07-10T00:00:00Z,2007-09-01T00:00:00Z,No,No,Patna,No,Not Applicable,NA,Not Applicable,NA,Not Applicable,NA,No,Not Applicable,Not Applicable,Not Applicable,No,NA,Not Available,Not Available,Not Available,Not Available,Not Available,Not Available,Not Available,Not Available,Not Available,Not Available,Not Available,Not Available,Not Available,Not Available,Not Available,Not Available,Not Available,No,No,No
Iqbal Ahmed Ansari,Male,1954-10-29T00:00:00Z,Assam,Tejpur,2002-03-04T00:00:00Z,2016-10-28T00:00:00Z,No,No,Gauhati,Yes,Patna,2013-11-11T00:00:00Z,Not Applicable,NA,Not Applicable,NA,Yes,Patna,Not Applicable,Not Applicable,No,NA,Service,Yes,Yes,No,Yes,No,No,No,No,No,Not Available,"Darrang College, Tezpur",Science,Tezpur Law College,Not Available,1978,Assam,No,No,No
J.N. Bhatt,Male,1945-10-16T00:00:00Z,Gujarat,Jamnagar,1990-06-21T00:00:00Z,2007-10-16T00:00:00Z,No,No,Gujarat,No,Not Applicable,NA,Not Applicable,NA,Not Applicable,NA,Yes,Patna,Not Applicable,Not Applicable,No,NA,Service,Yes,Yes,No,Yes,Yes,No,Yes,No,Yes,Not Available,Not Available,Not Available,Not Available,Not Available,1968,Gujrat,No,Yes,Yes
J.N. Dubey,Male,1937-07-15T00:00:00Z,Not Available,Not Available,1984-05-24T00:00:00Z,1999-07-15T00:00:00Z,No,No,Allahabad,Yes,Patna,1994-04-28T00:00:00Z,Not Applicable,NA,Not Applicable,NA,No,Not Applicable,Not Applicable,Not Applicable,No,NA,Bar,No,Yes,No,Not Applicable,No,No,No,No,No,Not Available,Not Available,Not Available,Not Available,Not Available,1966,Not Available,No,No,No
Jacob Benjamin Koshy,Male,1947-05-13T00:00:00Z,Kerala,Not Available,1996-01-17T00:00:00Z,2009-05-12T00:00:00Z,No,No,Kerala,No,Not Applicable,NA,Not Applicable,NA,Not Applicable,NA,Yes,Patna,Not Applicable,Not Applicable,No,NA,Bar,No,Yes,No,Not Applicable,Yes,No,No,Yes,No,Not Available,Not Available,Science,Not Available,Not Available,1968,Kerala,No,No,Yes
Jayanandan Singh,Male,1952-09-30T00:00:00Z,Not Available,Not Available,2006-10-09T00:00:00Z,2014-09-30T00:00:00Z,No,No,Patna,No,Not Applicable,NA,Not Applicable,NA,Not Applicable,NA,No,Not Applicable,Not Applicable,Not Applicable,No,NA,Bar,No,Yes,No,Not Applicable,Yes,No,No,No,No,Not Available,Not Available,Not Available,Not Available,Not Available,1976,Bihar,No,Yes,No
Jitendra Mohan Sharma,Male,1956-07-02T00:00:00Z,Bihar,Gaya,2014-04-21T00:00:00Z,2018-07-01T00:00:00Z,No,No,Patna,No,Not Applicable,NA,Not Applicable,NA,Not Applicable,NA,No,Not Applicable,Not Applicable,Not Applicable,No,NA,Service,Yes,Yes,No,No,No,No,No,No,No,"Raj Kumari Devi High School, Sindauri Konch, Gaya","Magadh University, Bodh Gaya",Science,"Magadh University, Bodh Gaya",Not Available,1983,Bihar,No,No,No
Jyoti Saran,Male,1957-08-19T00:00:00Z,Not Available,Not Available,2009-06-13T00:00:00Z,2019-08-18T00:00:00Z,No,No,Patna,No,Not Applicable,NA,Not Applicable,NA,Not Applicable,NA,No,Not Applicable,Not Applicable,Not Applicable,No,NA,Bar,No,Yes,No,Not Applicable,Yes,No,No,Yes,No,Not Available,Delhi University,Not Available,Patna University,Not Available,1986,Bihar,No,No,No
Kishore Kumar Mandal,Male,1956-01-22T00:00:00Z,Bihar,Madhepura,2007-07-10T00:00:00Z,2018-01-21T00:00:00Z,No,No,Patna,No,Not Applicable,NA,Not Applicable,NA,Not Applicable,NA,No,Not Applicable,Not Applicable,Not Applicable,No,NA,Bar,No,Yes,Yes,Not Applicable,Yes,No,No,No,No,Not Available,"Patna College, Patna",Not Available,"Patna Law College, Patna University",Not Available,1980,Bihar,No,No,No
Konduswami Venkataswami,Male,1934-09-19T00:00:00Z,Not Available,Not Available,1983-07-24T00:00:00Z,1999-09-18T00:00:00Z,No,No,Madras,No,Not Applicable,NA,Not Applicable,NA,Not Applicable,NA,Yes,Patna,Not Applicable,Not Applicable,Yes,1995-03-06T00:00:00Z,Bar,No,Yes,No,Not Applicable,Yes,Yes,No,No,No,"Swathantra High School, Coimbatore",Vivekananda College,Not Available,Madras Law College,Not Available,1959,Tamil Nadu,No,No,No
Krishnaswami Sundara Paripoornan,Male,1932-06-12T00:00:00Z,Not Available,Not Available,1982-12-23T00:00:00Z,1997-06-11T00:00:00Z,No,No,Kerala,No,Not Applicable,NA,Not Applicable,NA,Not Applicable,NA,Yes,Patna,Not Applicable,Not Applicable,Yes,1994-06-11T00:00:00Z,Bar,No,Yes,No,Not Applicable,Yes,No,No,No,No,Not Available,Not Available,Arts,Not Available,Not Available,1956,Kerala,No,No,No
Lalit Mohan Sharma,Male,1928-02-12T00:00:00Z,Bihar,Musi,1973-04-12T00:00:00Z,1993-02-11T00:00:00Z,No,No,Patna,No,Not Applicable,NA,Not Applicable,NA,Not Applicable,NA,No,Not Applicable,Not Applicable,Not Applicable,Yes,1987-10-05T00:00:00Z,Bar,No,Yes,Yes,Not Applicable,No,No,No,No,No,Not Available,Not Available,Not Available,Not Available,Not Available,Not Available,Not Available,No,No,No
Lingala Narasimha Reddy,Male,1953-08-01T00:00:00Z,Telangana,"Gavicherla Village, Warangal",2001-09-10T00:00:00Z,2015-07-31T00:00:00Z,No,No,Andhra Pradesh,No,Not Applicable,NA,Not Applicable,NA,Not Applicable,NA,Yes,Patna,Not Applicable,Not Applicable,No,NA,Bar,No,Yes,No,Not Applicable,Yes,No,Yes,No,Yes,"Zilla Parishad High School, Sanghem","C.K.M. College, Warangal",Science,"Osmania University, Hyderabad",Not Available,1979,Andhra Pradesh,No,No,No
Lok Nath Prasad,Male,NA,Not Available,Not Available,1992-10-19T00:00:00Z,1998-09-19T00:00:00Z,No,No,Patna,No,Not Applicable,NA,Not Applicable,NA,Not Applicable,NA,No,Not Applicable,Not Applicable,Not Applicable,No,NA,Not Available,Not Available,Not Available,Not Available,Not Available,Not Available,Not Available,Not Available,Not Available,Not Available,Not Available,Not Available,Not Available,Not Available,Not Available,Not Available,Not Available,Not Available,Not Available,Not Available
Madhavendra Saran,Male,NA,Not Available,Not Available,2006-05-10T00:00:00Z,NA,No,No,Patna,No,Not Applicable,NA,Not Applicable,NA,Not Applicable,NA,No,Not Applicable,Not Applicable,Not Applicable,No,NA,Not Available,Not Available,Not Available,Not Available,Not Available,Not Available,Not Available,Not Available,Not Available,Not Available,Not Available,Not Available,Not Available,Not Available,Not Available,Not Available,Not Available,Not Available,Not Available,Not Available
Madhuresh Prasad,Male,1968-10-02T00:00:00Z,Not Available,Not Available,2017-05-22T00:00:00Z,2030-10-02T00:00:00Z,No,No,Patna,No,Not Applicable,NA,Not Applicable,NA,Not Applicable,NA,No,Not Applicable,Not Applicable,Not Applicable,No,NA,Bar,No,Yes,No,Not Applicable,No,No,No,No,No,Not Available,Not Available,Commerce,Not Available,Not Available,1997,Not Available,No,No,No
Mandhata Singh,Male,1952-12-20T00:00:00Z,Not Available,Not Available,2009-02-09T00:00:00Z,2013-12-20T00:00:00Z,No,No,Patna,No,Not Applicable,NA,Not Applicable,NA,Not Applicable,NA,No,Not Applicable,Not Applicable,Not Applicable,No,NA,Service,Yes,Not Available,Not Available,No,Not Available,Not Available,Not Available,Not Available,Not Available,Not Available,Not Available,Arts,Not Available,Not Available,Not Available,Not Available,No,No,No
Manohar Lal Visa,Male,NA,Not Available,Not Available,1998-12-29T00:00:00Z,2006-02-28T00:00:00Z,No,No,Patna,No,Not Applicable,NA,Not Applicable,NA,Not Applicable,NA,No,Not Applicable,Not Applicable,Not Applicable,No,NA,Not Available,Not Available,Not Available,Not Available,Not Available,Not Available,Not Available,Not Available,Not Available,Not Available,Not Available,Not Available,Not Available,Not Available,Not Available,Not Available,Not Available,Not Available,Not Available,Not Available
Mihir Kumar Jha,Male,1953-12-01T00:00:00Z,Not Available,Not Available,2007-07-10T00:00:00Z,2015-12-01T00:00:00Z,No,No,Patna,No,Not Applicable,NA,Not Applicable,NA,Not Applicable,NA,No,Not Applicable,Not Applicable,Not Applicable,No,NA,Bar,No,Yes,No,Not Applicable,Yes,No,Yes,No,No,Not Available,Not Available,Not Available,Not Available,Not Available,1979,Bihar,No,Yes,No
Mohit Kumar Shah,Male,NA,Not Available,Not Available,2017-05-22T00:00:00Z,NA,No,No,Patna,No,Not Applicable,NA,Not Applicable,NA,Not Applicable,NA,No,Not Applicable,Not Applicable,Not Applicable,No,NA,Bar,No,Yes,No,Not Applicable,No,No,No,No,No,Not Available,Not Available,Not Available,Not Available,Not Available,Not Available,Not Available,Not Available,Not Available,Not Available
Mridula Mishra,Female,1949-10-31T00:00:00Z,Not Available,Not Available,2004-02-11T00:00:00Z,2011-10-31T00:00:00Z,No,No,Patna,No,Not Applicable,NA,Not Applicable,NA,Not Applicable,NA,No,Not Applicable,Not Applicable,Not Applicable,No,NA,Bar,No,Yes,No,Not Applicable,Yes,No,No,No,No,Not Available,Not Available,Arts,Not Available,Not Available,1979,Bihar,No,No,No
Mukesh Kumar Rashikbhai Shah,Male,1958-05-16T00:00:00Z,Gujarat,Not Available,2004-03-07T00:00:00Z,2023-05-15T00:00:00Z,No,No,Gujarat,No,Not Applicable,NA,Not Applicable,NA,Not Applicable,NA,Yes,Patna,Not Applicable,Not Applicable,Yes,2018-11-02T00:00:00Z,Bar,No,Yes,No,Not Applicable,No,No,No,No,No,Not Available,Not Available,Science,Not Available,Not Available,1982,Gujarat,No,No,No
Mukundakam Sharma,Male,1946-09-18T00:00:00Z,West Bengal,Calcutta,1994-01-10T00:00:00Z,2011-09-17T00:00:00Z,No,No,Gauhati,Yes,Patna,1994-02-14T00:00:00Z,Delhi,1994-12-12T00:00:00Z,Not Applicable,NA,Yes,Delhi,Not Applicable,Not Applicable,Yes,2008-04-09T00:00:00Z,Bar,No,Yes,Yes,Not Applicable,Yes,Yes,No,No,No,"Cotton College, Guwahati","Ramjas College, Delhi University",Arts,Guwahati University,Not Available,Not Available,Assam and Nagaland,No,Yes,Yes
Mungeshwar Sahoo,Male,1955-11-01T00:00:00Z,Orrisa,"Village- Bagdega, P.S.-Birsa, District-Sundarnagar",2010-03-15T00:00:00Z,2017-10-31T00:00:00Z,No,No,Patna,No,Not Applicable,NA,Not Applicable,NA,Not Applicable,NA,No,Not Applicable,Not Applicable,Not Applicable,No,NA,Service,Yes,Yes,No,No,No,No,No,No,No,Not Available,Not Available,Science,Not Available,Not Available,Not Available,Bihar,No,No,No
N. Pandey,Male,NA,Not Available,Not Available,1988-10-31T00:00:00Z,2001-03-20T00:00:00Z,No,No,Patna,No,Not Applicable,NA,Not Applicable,NA,Not Applicable,NA,No,Not Applicable,Not Applicable,Not Applicable,No,NA,Not Available,Not Available,Not Available,Not Available,Not Available,Not Available,Not Available,Not Available,Not Available,Not Available,Not Available,Not Available,Not Available,Not Available,Not Available,Not Available,Not Available,No,No,No
N.S. Rao,Male,NA,Not Available,Not Available,1987-09-13T00:00:00Z,1994-01-04T00:00:00Z,No,No,Patna,No,Not Applicable,NA,Not Applicable,NA,Not Applicable,NA,No,Not Applicable,Not Applicable,Not Applicable,No,NA,Not Available,Not Available,Not Available,Not Available,Not Available,Not Available,Not Available,Not Available,Not Available,Not Available,Not Available,Not Available,Not Available,Not Available,Not Available,Not Available,Not Available,No,No,No
Nagendra Prasad Singh,Male,1931-12-25T00:00:00Z,Not Available,Not Available,1973-04-12T00:00:00Z,1996-12-24T00:00:00Z,No,No,Patna,No,Not Applicable,NA,Not Applicable,NA,Not Applicable,NA,Yes,Calcutta,Not Applicable,Not Applicable,Yes,1992-06-15T00:00:00Z,Bar,No,Yes,No,Not Applicable,No,No,No,No,No,Not Available,Not Available,Not Available,Not Available,Not Available,1956,Not Available,No,No,No
Nand Lall Untwalia,Male,1915-08-01T00:00:00Z,Not Available,Not Available,1958-01-02T00:00:00Z,1980-08-01T00:00:00Z,No,No,Patna,No,Not Applicable,NA,Not Applicable,NA,Not Applicable,NA,No,Not Applicable,Not Applicable,Not Applicable,Yes,1974-10-03T00:00:00Z,Bar,No,Yes,No,Not Applicable,No,No,No,No,No,Not Available,Not Available,Not Available,Not Available,Not Available,Not Available,Not Available,Not Available,Not Available,Not Available
Nanumani Prasad Singh,Male,NA,Not Available,Not Available,1990-07-10T00:00:00Z,1999-09-11T00:00:00Z,No,No,Patna,No,Not Applicable,NA,Not Applicable,NA,Not Applicable,NA,No,Not Applicable,Not Applicable,Not Applicable,No,NA,Not Available,Not Available,Not Available,Not Available,Not Available,Not Available,Not Available,Not Available,Not Available,Not Available,Not Available,Not Available,Not Available,Not Available,Not Available,Not Available,Not Available,No,No,No
Narayan Roy,Male,1947-02-01T00:00:00Z,Not Available,Not Available,1991-12-02T00:00:00Z,2009-02-01T00:00:00Z,No,No,Patna,No,Not Applicable,NA,Not Applicable,NA,Not Applicable,NA,No,Not Applicable,Not Applicable,Not Applicable,No,NA,Bar,No,Yes,No,Not Applicable,No,No,No,No,No,Not Available,Not Available,Not Available,Not Available,Not Available,1972,Not Available,No,Yes,No
Narendra Narayan Singh,Male,NA,Not Available,Not Available,1996-05-09T00:00:00Z,2000-03-15T00:00:00Z,No,No,Patna,No,Not Applicable,NA,Not Applicable,NA,Not Applicable,NA,No,Not Applicable,Not Applicable,Not Applicable,No,NA,Not Available,Not Available,Not Available,Not Available,Not Available,Not Available,Not Available,Not Available,Not Available,Not Available,Not Available,Not Available,Not Available,Not Available,Not Available,Not Available,Not Available,Not Available,Not Available,Not Available
Naresh Kumar Sinha,Male,NA,Not Available,Not Available,1992-10-19T00:00:00Z,1999-04-12T00:00:00Z,No,No,Patna,No,Not Applicable,NA,Not Applicable,NA,Not Applicable,NA,No,Not Applicable,Not Applicable,Not Applicable,No,NA,Not Available,Not Available,Not Available,Not Available,Not Available,Not Available,Not Available,Not Available,Not Available,Not Available,Not Available,Not Available,Not Available,Not Available,Not Available,Not Available,Not Available,No,No,No
Navaniti Prasad Singh,Male,1955-11-06T00:00:00Z,Bihar,Not Available,2006-03-06T00:00:00Z,2017-11-05T00:00:00Z,No,No,Patna,No,Not Applicable,NA,Not Applicable,NA,Not Applicable,NA,Yes,Kerala,Not Applicable,Not Applicable,No,NA,Bar,No,Yes,Yes,Not Applicable,Yes,No,No,No,No,"Scindhia School, Gwalior",Delhi University,Not Available,"Campus Law Centre, Delhi University",Not Available,1980,Bihar,No,No,No
Navin Sinha,Male,1957-08-19T00:00:00Z,Bihar,Not Available,2004-02-11T00:00:00Z,2021-08-18T00:00:00Z,No,No,Patna,No,Not Applicable,NA,Not Applicable,NA,Not Applicable,NA,No,Not Applicable,Not Applicable,Not Applicable,Yes,2017-02-17T00:00:00Z,Bar,No,Yes,No,Not Applicable,No,No,No,No,No,Not Available,Not Available,Not Available,Not Available,Not Available,Not Available,Not Available,Not Available,Not Available,Not Available
Nilu Agrawal,Female,NA,Bihar,Patna,2015-04-15T00:00:00Z,NA,No,No,Patna,No,Not Applicable,NA,Not Applicable,NA,Not Applicable,NA,No,Not Applicable,Not Applicable,Not Applicable,No,NA,Bar,No,Yes,No,Not Applicable,Yes,No,Yes,No,Yes,"St. Joseph's Convent, Patna",Patna University,Arts (History),Patna University,Not Available,1983,Bihar,No,Yes,No
O.N. Asthana,Male,NA,Not Available,Not Available,1994-02-21T00:00:00Z,1997-04-10T00:00:00Z,No,No,Patna,No,Not Applicable,NA,Not Applicable,NA,Not Applicable,NA,No,Not Applicable,Not Applicable,Not Applicable,No,NA,Not Available,Not Available,Not Available,Not Available,Not Available,Not Available,Not Available,Not Available,Not Available,Not Available,Not Available,Not Available,Not Available,Not Available,Not Available,Not Available,Not Available,No,Not Available,Not Available
P.K. Sarkar,Male,NA,Not Available,Not Available,1996-03-09T00:00:00Z,2000-01-09T00:00:00Z,No,No,Patna,No,Not Applicable,NA,Not Applicable,NA,Not Applicable,NA,No,Not Applicable,Not Applicable,Not Applicable,No,NA,Not Available,Not Available,Not Available,Not Available,Not Available,Not Available,Not Available,Not Available,Not Available,Not Available,Not Available,Not Available,Not Available,Not Available,Not Available,Not Available,Not Available,No,Not Available,Not Available
P.K. Sinha,Male,NA,Not Available,Not Available,1999-12-16T00:00:00Z,2005-03-06T00:00:00Z,No,No,Patna,No,Not Applicable,NA,Not Applicable,NA,Not Applicable,NA,No,Not Applicable,Not Applicable,Not Applicable,No,NA,Not Available,Not Available,Not Available,Not Available,Not Available,Not Available,Not Available,Not Available,Not Available,Not Available,Not Available,Not Available,Not Available,Not Available,Not Available,Not Available,Not Available,No,Not Available,Not Available
P.N. Yadav,Male,NA,Not Available,Not Available,2001-07-02T00:00:00Z,2005-01-04T00:00:00Z,No,No,Patna,No,Not Applicable,NA,Not Applicable,NA,Not Applicable,NA,No,Not Applicable,Not Applicable,Not Applicable,No,NA,Not Available,Not Available,Not Available,Not Available,Not Available,Not Available,Not Available,Not Available,Not Available,Not Available,Not Available,Not Available,Not Available,Not Available,Not Available,Not Available,Not Available,No,Not Available,Not Available
Partha Sarthy,Male,1969-10-22T00:00:00Z,Not Available,Not Available,2019-04-17T00:00:00Z,2031-10-21T00:00:00Z,No,No,Patna,No,Not Applicable,NA,Not Applicable,NA,Not Applicable,NA,No,Not Applicable,Not Applicable,Not Applicable,No,NA,Bar,No,Yes,No,Not Applicable,No,No,No,No,No,Not Available,"Kirori Mal College, Delhi University",Not Available,"Patna Law College, Patna University",Not Available,1995,Bihar,No,No,No
Prabha Shankar Mishra,Male,1938-08-06T00:00:00Z,Not Available,Not Available,1982-11-18T00:00:00Z,1998-08-06T00:00:00Z,No,No,Patna,Yes,Madaras,1990-01-20T00:00:00Z,Not Applicable,NA,Not Applicable,NA,Yes,Andhra Pradesh,Calcutta,Not Applicable,No,NA,Bar,No,Yes,No,Not Applicable,Yes,No,No,No,No,Not Available,Not Available,Not Available,Not Available,Not Available,Not Available,Bihar,No,No,No
Prabhat Kumar Jha,Male,1959-07-16T00:00:00Z,Bihar,"Hanumannagar Bedaul, Sitamarhi",2014-04-21T00:00:00Z,2021-07-15T00:00:00Z,No,No,Patna,No,Not Applicable,NA,Not Applicable,NA,Not Applicable,NA,No,Not Applicable,Not Applicable,Not Applicable,No,NA,Service,Yes,Yes,No,Yes,No,No,No,No,No,Not Available,Patna University,"B.A, LL.B",Patna University,1986,1986,Bihar,No,No,No
Prabhat Kumar Singh,Male,1967-01-02T00:00:00Z,Not Available,Not Available,2019-04-17T00:00:00Z,2029-01-01T00:00:00Z,No,No,Patna,No,Not Applicable,NA,Not Applicable,NA,Not Applicable,NA,No,Not Applicable,Not Applicable,Not Applicable,No,NA,Bar,No,Yes,No,Not Applicable,No,No,No,No,No,Not Available,"Ramjas College, Delhi University",History,"Campus Law Centre, Delhi University",Not Available,1994,Bihar,No,Yes,No
Prafulla Kumar Mishra,Male,1947-09-17T00:00:00Z,Odisha,Not Available,1996-01-17T00:00:00Z,2009-09-17T00:00:00Z,No,No,Orissa,Yes,Madras,2001-06-25T00:00:00Z,Not Applicable,NA,Not Applicable,NA,Yes,Patna,Not Applicable,Not Applicable,No,NA,Bar,No,Yes,No,Not Applicable,No,No,No,No,No,Not Available,Not Available,Arts,Utkal University,1968,1968,Odisha,No,No,Yes
Prakash Chandra Jaiswal,Male,1957-12-30T00:00:00Z,Not Available,Not Available,2017-05-22T00:00:00Z,2019-12-29T00:00:00Z,No,No,Patna,No,Not Applicable,NA,Not Applicable,NA,Not Applicable,NA,No,Not Applicable,Not Applicable,Not Applicable,No,NA,Service,Yes,Yes,No,Yes,No,No,No,No,No,"Queens College, Varanasi",Not Available,Not Available,Banras Hindu University,Not Available,Not Available,Uttar Pradesh,Not Available,Not Available,No
Prakash Chandra Verma,Male,1951-01-12T00:00:00Z,Not Available,Not Available,1999-02-05T00:00:00Z,2013-01-12T00:00:00Z,No,No,Allahabad,Yes,Uttarakhand,2000-11-09T00:00:00Z,Allahabad,2009-02-04T00:00:00Z,Patna,2011-04-08T00:00:00Z,No,Not Applicable,Not Applicable,Not Applicable,No,NA,Bar,No,Yes,No,Not Applicable,Yes,No,No,No,No,Not Available,Not Available,Science,Lucknow University,1975,1976,Uttar Pradesh,No,No,No
Pramod Kumar Sarin,Male,1936-11-27T00:00:00Z,Not Available,Not Available,1994-02-01T00:00:00Z,1998-11-27T00:00:00Z,No,No,Allahabad,Yes,Patna,1994-02-21T00:00:00Z,Not Applicable,NA,Not Applicable,NA,No,Not Applicable,Not Applicable,Not Applicable,No,NA,Service,Yes,No,Not Applicable,No,Not Applicable,Not Applicable,Not Applicable,Not Applicable,Not Applicable,Not Available,Not Available,Not Available,Not Available,Not Available,Not Applicable,Not Applicable,Not Available,Not Available,No
Prasun Kumar Deb,Male,NA,Not Available,Not Available,1994-02-14T00:00:00Z,2003-10-01T00:00:00Z,No,No,Patna,No,Not Applicable,NA,Not Applicable,NA,Not Applicable,NA,No,Not Applicable,Not Applicable,Not Applicable,No,NA,Not Available,Not Available,Not Available,Not Available,Not Available,Not Available,Not Available,Not Available,Not Available,Not Available,Not Available,Not Available,Not Available,Not Available,Not Available,Not Available,Not Available,No,Not Available,Not Available
R.N. Prasad,Male,1944-08-04T00:00:00Z,Bihar,Madanpur,1990-07-27T00:00:00Z,2006-08-04T00:00:00Z,No,No,Patna,No,Not Applicable,NA,Not Applicable,NA,Not Applicable,NA,No,Not Applicable,Not Applicable,Not Applicable,No,NA,Bar,No,Yes,Yes,Not Applicable,Yes,No,No,No,No,Not Available,Not Available,Arts,Not Available,Not Available,1967,Not Available,No,No,No
R.N. Sahay,Male,NA,Not Available,Not Available,1990-07-10T00:00:00Z,2000-05-21T00:00:00Z,No,No,Patna,No,Not Applicable,NA,Not Applicable,NA,Not Applicable,NA,No,Not Applicable,Not Applicable,Not Applicable,No,NA,Not Available,Not Available,Not Available,Not Available,Not Available,Not Available,Not Available,Not Available,Not Available,Not Available,Not Available,Not Available,Not Available,Not Available,Not Available,Not Available,Not Available,No,Not Available,Not Available
Radha Mohan Prasad,Male,NA,Not Available,Not Available,1991-12-02T00:00:00Z,2006-07-12T00:00:00Z,No,No,Patna,No,Not Applicable,NA,Not Applicable,NA,Not Applicable,NA,No,Not Applicable,Not Applicable,Not Applicable,No,NA,Not Available,Not Available,Not Available,Not Available,Not Available,Not Available,Not Available,Not Available,Not Available,Not Available,Not Available,Not Available,Not Available,Not Available,Not Available,Not Available,Not Available,No,Not Available,Not Available
Rajeev Ranjan Prasad,Male,1966-09-05T00:00:00Z,Bihar,"Tarhari, Lakhisarai",2017-05-22T00:00:00Z,2028-09-04T00:00:00Z,No,No,Patna,No,Not Applicable,NA,Not Applicable,NA,Not Applicable,NA,No,Not Applicable,Not Applicable,Not Applicable,No,NA,Bar,No,Yes,No,Not Applicable,Yes,No,Yes,No,No,Not Available,Patna University,Commerce,"Campus Law Centre, Delhi University",1991,Not Available,Bihar,No,No,No
Rajendra Kumar Mishra,Male,1959-10-01T00:00:00Z,Uttar Pradesh,Not Available,2011-06-20T00:00:00Z,2021-09-30T00:00:00Z,No,No,Patna,No,Not Applicable,NA,Not Applicable,NA,Not Applicable,NA,No,Not Applicable,Not Applicable,Not Applicable,No,NA,Service,Yes,Yes,No,No,No,No,No,No,No,Not Available,Rashtriya Degree College,Science,Allahabad University,Not Available,1986,Uttar Pradesh,No,No,No
Rajendra Mal Lodha,Male,1949-09-28T00:00:00Z,Rajasthan,Jodhpur,1994-01-31T00:00:00Z,2014-09-27T00:00:00Z,No,No,Rajasthan,Yes,Bombay,1994-02-16T00:00:00Z,Rajasthan,2007-02-02T00:00:00Z,Not Applicable,NA,Yes,Patna,Not Applicable,Not Applicable,Yes,2008-12-17T00:00:00Z,Bar,No,Yes,No,Not Applicable,Yes,No,Yes,No,No,Not Available,Not Available,Science,University of Jodhpur,Not Available,1973,Rajasthan,No,No,No
Rajendra Menon,Male,1957-06-07T00:00:00Z,Not Available,Not Available,2002-04-01T00:00:00Z,2019-07-06T00:00:00Z,No,No,Madhya Pradesh,No,Not Applicable,NA,Not Applicable,NA,Not Applicable,NA,Yes,Patna,Delhi,Not Applicable,No,NA,Bar,No,Yes,No,Not Applicable,Yes,No,Yes,Yes,No,Not Available,"Government Science College, Jabalpur",Science,"NSE Law College, Jabalpur",1981,Not Available,Madhya Pradesh,No,No,No
Rajendra Prasad,Male,NA,Not Available,Not Available,2002-09-09T00:00:00Z,2006-01-01T00:00:00Z,No,No,Patna,No,Not Applicable,NA,Not Applicable,NA,Not Applicable,NA,No,Not Applicable,Not Applicable,Not Applicable,No,NA,Not Available,Not Available,Not Available,Not Available,Not Available,Not Available,Not Available,Not Available,Not Available,Not Available,Not Available,Not Available,Not Available,Not Available,Not Available,Not Available,Not Available,No,Not Available,Not Available
Rajesh Balia,Male,1946-03-03T00:00:00Z,Not Available,Not Available,1991-10-21T00:00:00Z,2008-03-03T00:00:00Z,No,No,Rajasthan,Yes,Gujarat,1994-06-24T00:00:00Z,Rajasthan,1999-12-14T00:00:00Z,Not Applicable,NA,Yes,Patna,Not Applicable,Not Applicable,No,NA,Bar,No,Yes,No,Not Applicable,Yes,No,No,No,Yes,Not Available,Not Available,Commerce.,Not Available,Not Available,1967,Rajasthan,No,No,No
Rakesh Kumar,Male,1959-01-01T00:00:00Z,Bihar,Not Available,2009-12-25T00:00:00Z,2020-12-31T00:00:00Z,No,No,Patna,Yes,Andhra Pradesh HC,2019-11-13T00:00:00Z,Not Applicable,NA,Not Applicable,NA,No,Not Applicable,Not Applicable,Not Applicable,No,NA,Bar,No,Yes,No,Not Applicable,Yes,No,No,No,No,Not Available,Not Available,Commerce,Not Available,Not Available,1983,Bihar,No,No,No
Ram Avtar Sharma,Male,NA,Not Available,Not Available,1997-12-12T00:00:00Z,2000-01-06T00:00:00Z,No,No,Patna,No,Not Applicable,NA,Not Applicable,NA,Not Applicable,NA,No,Not Applicable,Not Applicable,Not Applicable,No,NA,Not Available,Not Available,Not Available,Not Available,Not Available,Not Available,Not Available,Not Available,Not Available,Not Available,Not Available,Not Available,Not Available,Not Available,Not Available,Not Available,Not Available,No,Not Available,Not Available
Ram Kishore Singh,Male,NA,Not Available,Not Available,1994-11-08T00:00:00Z,2000-01-13T00:00:00Z,No,No,Patna,No,Not Applicable,NA,Not Applicable,NA,Not Applicable,NA,No,Not Applicable,Not Applicable,Not Applicable,No,NA,Not Available,Not Available,Not Available,Not Available,Not Available,Not Available,Not Available,Not Available,Not Available,Not Available,Not Available,Not Available,Not Available,Not Available,Not Available,Not Available,Not Available,No,Not Available,Not Available
Ramesh Kumar Datta,Male,1955-01-01T00:00:00Z,Bihar,Not Available,2006-03-06T00:00:00Z,2017-01-01T00:00:00Z,No,No,Patna,No,Not Applicable,NA,Not Applicable,NA,Not Applicable,NA,No,Not Applicable,Not Applicable,Not Applicable,No,NA,Bar,No,Yes,No,Not Applicable,Yes,No,No,No,No,Not Available,Not Available,Arts (Political Science),Not Available,Not Available,1985,Bihar,No,No,No
Ramesh Surajmal Garg,Male,1948-06-18T00:00:00Z,Not Available,Not Available,1994-12-15T00:00:00Z,2010-06-18T00:00:00Z,No,No,Madhya Pradesh,Yes,Chhattisgarh,2000-10-31T00:00:00Z,Patna,2001-10-31T00:00:00Z,Gujarat,2005-02-26T00:00:00Z,Yes,Gauhati,Not Applicable,Not Applicable,No,NA,Bar,No,Yes,No,Not Applicable,Yes,No,No,No,No,Indore Christian College,Not Available,Not Available,Not Available,Not Available,1971,Madhya Pradesh,Not Available,Yes,Not Available
Ravi Ranjan,Male,1960-12-20T00:00:00Z,Bihar,Patna,2008-07-14T00:00:00Z,2022-12-19T00:00:00Z,No,No,Patna,No,Not Applicable,NA,Not Applicable,NA,Not Applicable,NA,Yes,Jharkhand,Not Applicable,Not Applicable,No,NA,Bar,No,Yes,No,Not Applicable,Yes,No,Yes,Yes,No,Not Available,"B. N. College, Patna University",Science,"Patna Law College, Patna University",1989,1990,Bihar,No,Yes,No
Ravi Swaroop Dhavan,Male,1942-07-22T00:00:00Z,Not Available,Not Available,1986-01-09T00:00:00Z,2004-07-22T00:00:00Z,No,No,Allahabad,No,Not Applicable,NA,Not Applicable,NA,Not Applicable,NA,Yes,Patna,Not Applicable,Not Applicable,No,NA,Bar,No,Yes,No,Not Applicable,Yes,No,No,No,No,Not Available,Not Available,Not Available,Not Available,Not Available,1966,Uttar Pradesh,No,No,No
Rekha Kumari,Female,NA,Not Available,Not Available,2005-01-24T00:00:00Z,2008-07-08T00:00:00Z,No,No,Patna,No,Not Applicable,NA,Not Applicable,NA,Not Applicable,NA,No,Not Applicable,Not Applicable,Not Applicable,No,NA,Not Available,Not Available,Not Available,Not Available,Not Available,Not Available,Not Available,Not Available,Not Available,Not Available,Not Available,Not Available,Not Available,Not Available,Not Available,Not Available,Not Available,No,Not Available,Not Available
Rekha Manharlal Doshit,Female,1952-12-13T00:00:00Z,Not Available,Not Available,1995-09-18T00:00:00Z,2021-06-20T00:00:00Z,No,No,Gujarat,Yes,Patna,NA,Not Applicable,NA,Not Applicable,NA,Yes,Patna,Not Applicable,Not Applicable,No,NA,Bar,No,Yes,No,Not Applicable,Yes,No,No,No,No,Not Available,Bombay University,Science,"Sir L. A. Shah Law College, Ahmedabad",1976,1977,Gujarat,No,No,No
S.K. Hom Chaudhari,Male,NA,Not Available,Not Available,1994-04-28T00:00:00Z,1996-03-01T00:00:00Z,No,No,Patna,No,Not Applicable,NA,Not Applicable,NA,Not Applicable,NA,No,Not Applicable,Not Applicable,Not Applicable,No,NA,Not Available,Not Available,Not Available,Not Available,Not Available,Not Available,Not Available,Not Available,Not Available,Not Available,Not Available,Not Available,Not Available,Not Available,Not Available,Not Available,Not Available,No,Not Available,Not Available
S.K. Katriar,Male,NA,Not Available,Not Available,1999-03-31T00:00:00Z,NA,No,No,Patna,No,Not Applicable,NA,Not Applicable,NA,Not Applicable,NA,No,Not Applicable,Not Applicable,Not Applicable,No,NA,Not Available,Not Available,Not Available,Not Available,Not Available,Not Available,Not Available,Not Available,Not Available,Not Available,Not Available,Not Available,Not Available,Not Available,Not Available,Not Available,Not Available,No,Not Available,Not Available
S.M.M. Alam,Male,NA,Not Available,Not Available,2005-01-24T00:00:00Z,2009-01-02T00:00:00Z,No,No,Patna,No,Not Applicable,NA,Not Applicable,NA,Not Applicable,NA,No,Not Applicable,Not Applicable,Not Applicable,No,NA,Not Available,Not Available,Not Available,Not Available,Not Available,Not Available,Not Available,Not Available,Not Available,Not Available,Not Available,Not Available,Not Available,Not Available,Not Available,Not Available,Not Available,No,Not Available,Not Available
S.N. Mishra,Male,NA,Not Available,Not Available,1991-12-02T00:00:00Z,2001-06-16T00:00:00Z,No,No,Patna,No,Not Applicable,NA,Not Applicable,NA,Not Applicable,NA,No,Not Applicable,Not Applicable,Not Applicable,No,NA,Not Available,Not Available,Not Available,Not Available,Not Available,Not Available,Not Available,Not Available,Not Available,Not Available,Not Available,Not Available,Not Available,Not Available,Not Available,Not Available,Not Available,No,Not Available,Not Available
S.N. Pathak,Male,NA,Not Available,Not Available,1999-12-16T00:00:00Z,2003-02-05T00:00:00Z,No,No,Patna,No,Not Applicable,NA,Not Applicable,NA,Not Applicable,NA,No,Not Applicable,Not Applicable,Not Applicable,No,NA,Not Available,Not Available,Not Available,Not Available,Not Available,Not Available,Not Available,Not Available,Not Available,Not Available,Not Available,Not Available,Not Available,Not Available,Not Available,Not Available,Not Available,No,Not Available,Not Available
Sadanand Mukherjee,Male,NA,Not Available,Not Available,2005-01-24T00:00:00Z,2008-02-12T00:00:00Z,No,No,Patna,No,Not Applicable,NA,Not Applicable,NA,Not Applicable,NA,No,Not Applicable,Not Applicable,Not Applicable,No,NA,Not Available,Not Available,Not Available,Not Available,Not Available,Not Available,Not Available,Not Available,Not Available,Not Available,Not Available,Not Available,Not Available,Not Available,Not Available,Not Available,Not Available,No,Not Available,Not Available
Samarendra Pratap Singh,Male,1955-08-01T00:00:00Z,Bihar,Not Available,2006-09-09T00:00:00Z,2017-07-31T00:00:00Z,No,No,Patna,No,Not Applicable,NA,Not Applicable,NA,Not Applicable,NA,No,Not Applicable,Not Applicable,Not Applicable,No,NA,Bar,No,Yes,Yes,Not Applicable,Yes,No,No,No,No,St. Xavier's High School and St. Micheal's High School,"Patna College, Patna",Not Available,"Patna Law College, Patna University",Not Available,1980,Bihar,No,No,No
Sanjay Karol,Male,1961-08-23T00:00:00Z,Himachal Pradesh,"Dehra Gopipur, Kangra",2007-03-08T00:00:00Z,2023-08-22T00:00:00Z,No,No,Himachal Pradesh,No,Not Applicable,NA,Not Applicable,NA,Not Applicable,NA,Yes,Tripura,Patna,Not Applicable,No,NA,Bar,No,Yes,Yes,Not Applicable,Yes,Yes,No,No,No,"St. Edward School, Shimla","Government Degree College, Shimla",History,"H.P. University, Shimla",Not Available,1968,Himachal Pradesh,No,No,No
Sanjay Kumar,Male,1960-10-22T00:00:00Z,Not Available,Not Available,2017-05-22T00:00:00Z,2022-10-22T00:00:00Z,No,No,Patna,No,Not Applicable,NA,Not Applicable,NA,Not Applicable,NA,No,Not Applicable,Not Applicable,Not Applicable,No,NA,Bar,No,Yes,No,Not Applicable,No,No,No,No,No,Not Available,Not Available,Science,Not Available,Not Available,1991,Not Available,No,Yes,No
Sanjay Kumar,Male,1957-01-02T00:00:00Z,Not Available,Not Available,2016-12-09T00:00:00Z,2019-01-02T00:00:00Z,No,No,Patna,No,Not Applicable,NA,Not Applicable,NA,Not Applicable,NA,No,Not Applicable,Not Applicable,Not Applicable,No,NA,Service,Yes,Not Available,Not Available,Not Available,Not Available,Not Available,Not Available,Not Available,Not Available,Not Available,Not Available,Not Available,Not Available,Not Available,Not Available,Not Available,Not Available,Not Available,Not Available
Sanjay Priya,Male,1957-09-04T00:00:00Z,Bihar,Not Available,2016-12-09T00:00:00Z,2019-09-03T00:00:00Z,No,No,Patna,No,Not Applicable,NA,Not Applicable,NA,Not Applicable,NA,No,Not Applicable,Not Applicable,Not Applicable,No,NA,Service,Yes,Yes,No,Yes,No,No,Yes,No,No,Not Available,Not Available,Not Available,Not Available,Not Available,Not Available,Patna,Not Available,Not Available,Not Available
Satyabrata Sinha,Male,1944-08-08T00:00:00Z,Jharkhand,Dhanbad,1987-03-07T00:00:00Z,2009-08-08T00:00:00Z,No,No,Patna,Yes,Calcutta,1994-05-11T00:00:00Z,Not Applicable,NA,Not Applicable,NA,Yes,Andhra Pradesh,Delhi,Not Applicable,Yes,2002-10-03T00:00:00Z,Bar,No,Yes,No,Not Applicable,No,No,No,No,No,Not Available,Not Available,Not Available,Not Available,Not Available,Not Available,Not Available,Not Available,Not Available,Not Available
Sayed Mohammad Mahfooz Alam,Male,1947-01-02T00:00:00Z,Not Available,Not Available,2005-01-24T00:00:00Z,2009-01-02T00:00:00Z,No,No,Patna,No,Not Applicable,NA,Not Applicable,NA,Not Applicable,NA,No,Not Applicable,Not Applicable,Not Applicable,No,NA,Service,Yes,Not Available,Not Available,No,Not Available,Not Available,Not Available,Not Available,Not Available,Not Available,Not Available,Arts,Not Available,Not Available,Not Available,Not Available,No,No,No
Seema Ali Khan,Female,1953-09-02T00:00:00Z,Not Available,Not Available,2006-10-09T00:00:00Z,2013-09-04T00:00:00Z,No,No,Patna,No,Not Applicable,NA,Not Applicable,NA,Not Applicable,NA,No,Not Applicable,Not Applicable,Not Applicable,No,NA,Bar,No,Yes,No,Not Applicable,Yes,No,No,No,No,Not Available,Not Available,Not Available,Not Available,Not Available,1980,Bihar,No,Yes,No
Shailesh Kumar Sinha,Male,1952-02-07T00:00:00Z,Not Available,Not Available,2006-10-09T00:00:00Z,2014-02-07T00:00:00Z,No,No,Patna,No,Not Applicable,NA,Not Applicable,NA,Not Applicable,NA,No,Not Applicable,Not Applicable,Not Applicable,No,NA,Bar,No,Yes,No,Not Applicable,Yes,No,Yes,No,No,Not Available,Not Available,Science,Not Available,Not Available,1952,Bihar,No,No,No
Shashank Kumar Singh,Male,NA,Not Available,Not Available,1990-07-27T00:00:00Z,2005-10-02T00:00:00Z,No,No,Patna,No,Not Applicable,NA,Not Applicable,NA,Not Applicable,NA,No,Not Applicable,Not Applicable,Not Applicable,No,NA,Not Available,Not Available,Not Available,Not Available,NA,Not Available,Not Available,Not Available,Not Available,Not Available,Not Available,Not Available,Not Available,Not Available,Not Available,Not Available,Not Available,No,Not Available,Not Available
Shivaji Pandey,Male,1959-05-08T00:00:00Z,Bihar,Bhagalpur,2011-06-20T00:00:00Z,2021-05-07T00:00:00Z,No,No,Patna,No,Not Applicable,NA,Not Applicable,NA,Not Applicable,NA,No,Not Applicable,Not Applicable,Not Applicable,No,NA,Not Available,Not Available,Not Available,Not Available,Not Available,Not Available,Not Available,Not Available,Not Available,Not Available,Not Available,"Marwari College, Bhagalpur",Science,"T.N.B. College, Bhagalpur",Not Available,1982,Bihar,No,No,No
Shyam Kishore Sharma,Male,1952-07-07T00:00:00Z,Not Available,Not Available,2006-05-10T00:00:00Z,2014-07-06T00:00:00Z,No,No,Patna,No,Not Applicable,NA,Not Applicable,NA,Not Applicable,NA,No,Not Applicable,Not Applicable,Not Applicable,No,NA,Service,Yes,Yes,No,No,No,No,No,No,No,Not Available,Not Available,Science,Not Available,Not Available,1979,Bihar,No,No,No
Subash Chandra Jha,Male,NA,Not Available,Not Available,2006-05-10T00:00:00Z,NA,No,No,Patna,No,Not Applicable,NA,Not Applicable,NA,Not Applicable,NA,No,Not Applicable,Not Applicable,Not Applicable,No,NA,Not Available,Not Available,Not Available,Not Available,Not Available,Not Available,Not Available,Not Available,Not Available,Not Available,Not Available,Not Available,Not Available,Not Available,Not Available,Not Available,Not Available,No,Not Available,Not Available
Sudhansu Kumar Das,Male,NA,Not Available,Not Available,1905-04-27T00:00:00Z,1963-09-03T00:00:00Z,No,No,Patna,No,Not Applicable,NA,Not Applicable,NA,Not Applicable,NA,No,Not Applicable,Not Applicable,Not Applicable,Yes,1956-04-30T00:00:00Z,Service,Yes,Not Available,Not Available,Not Available,Not Available,Not Available,Not Available,Not Available,Not Available,Collegiate School,Presidency college,Not Available,Not Available,Not Available,Not Available,Not Available,Yes,Not Available,Not Available
Sudhir Kumar Katriar,Male,1949-12-01T00:00:00Z,Not Available,Not Available,1991-03-31T00:00:00Z,2011-12-01T00:00:00Z,No,No,Patna,No,Not Applicable,NA,Not Applicable,NA,Not Applicable,NA,No,Not Applicable,Not Applicable,Not Applicable,No,NA,Bar,No,Yes,Yes,Not Applicable,Yes,No,No,No,No,Not Available,Not Available,Not Available,Not Available,Not Available,1973,Bihar,No,Yes,No
Sudhir Singh,Male,NA,Not Available,Not Available,2015-04-15T00:00:00Z,2027-12-10T00:00:00Z,No,No,Patna,No,Not Applicable,NA,Not Applicable,NA,Not Applicable,NA,No,Not Applicable,Not Applicable,Not Applicable,No,NA,Bar,No,Yes,No,Not Applicable,Yes,No,No,No,No,"Vikas Vidyalaya, Ranchi","Patna College, Patna",Political Science,"Patna Law College, Patna University",Not Available,1991,Not Available,No,No,No
Surinder Sarup,Male,1938-04-21T00:00:00Z,Not Available,Not Available,1994-06-20T00:00:00Z,2000-04-21T00:00:00Z,No,No,Punjab and Haryana,Yes,Patna,1994-07-21T00:00:00Z,Himachal Pradesh,1996-04-06T00:00:00Z,Not Applicable,NA,No,Not Applicable,Not Applicable,Not Applicable,No,NA,Service,Yes,Yes,No,Yes,No,No,No,No,No,Not Available,Not Available,Not Available,Not Available,Not Available,1962,Punjab and Haryana,No,No,No
Syed Jaffer Imam,Male,NA,Bihar,Patna,1905-04-26T00:00:00Z,1964-01-30T00:00:00Z,No,No,Patna,No,Not Applicable,NA,Not Applicable,NA,Not Applicable,NA,No,Not Applicable,Not Applicable,Not Applicable,Yes,1955-01-10T00:00:00Z,Bar,No,Yes,No,Not Applicable,No,No,No,No,No,Not Available,Not Available,Not Available,Not Available,Not Available,Not Available,Not Available,Yes,Not Available,Yes
Syed Rafat Alam,Male,1950-08-08T00:00:00Z,Not Available,Not Available,1994-11-08T00:00:00Z,2012-08-07T00:00:00Z,No,No,Patna,Yes,Allahabad,1994-11-28T00:00:00Z,Not Applicable,NA,Not Applicable,NA,Yes,Madhya Pradesh,Allahabad,Not Applicable,No,NA,Bar,No,Yes,No,Not Applicable,Yes,No,No,No,No,Not Available,"St. Columbus College, Hazaribagh",Arts,"Patna Law College, Patna",Not Available,1975,Bihar,No,No,No
Syed Shah Nayyar Hussain,Male,1951-07-17T00:00:00Z,Not Available,Not Available,2004-03-24T00:00:00Z,2013-07-16T00:00:00Z,No,No,Patna,No,Not Applicable,NA,Not Applicable,NA,Not Applicable,NA,No,Not Applicable,Not Applicable,Not Applicable,No,NA,Bar,No,Yes,No,Not Applicable,Yes,No,No,No,No,Not Available,Not Available,Not Available,Not Available,Not Available,1979,Bihar,No,Yes,No
Tarkeshwar Prasad Singh,Male,NA,Not Available,Not Available,2002-03-02T00:00:00Z,NA,No,No,Patna,No,Not Applicable,NA,Not Applicable,NA,Not Applicable,NA,No,Not Applicable,Not Applicable,Not Applicable,No,NA,Not Available,Not Available,Not Available,Not Available,Not Available,Not Available,Not Available,Not Available,Not Available,Not Available,Not Available,Not Available,Not Available,Not Available,Not Available,Not Available,Not Available,No,Not Available,Not Available
U.P. Singh,Male,NA,Not Available,Not Available,1984-02-15T00:00:00Z,1997-12-20T00:00:00Z,No,No,Patna,No,Not Applicable,NA,Not Applicable,NA,Not Applicable,NA,No,Not Applicable,Not Applicable,Not Applicable,No,NA,Not Available,Not Available,Not Available,Not Available,Not Available,Not Available,Not Available,Not Available,Not Available,Not Available,Not Available,Not Available,Not Available,Not Available,Not Available,Not Available,Not Available,Not Available,Not Available,Not Available
Uday Pratap Singh,Male,NA,Not Available,Not Available,1984-02-15T00:00:00Z,1997-12-20T00:00:00Z,No,No,Patna,No,Not Applicable,NA,Not Applicable,NA,Not Applicable,NA,Yes,Kerala,Not Applicable,Not Applicable,No,NA,Not Available,Not Available,Not Available,Not Available,Not Available,Not Available,Not Available,Not Available,Not Available,Not Available,Not Available,Not Available,Not Available,Not Available,Not Available,Not Available,Not Available,Not Available,Not Available,Not Available
V.N. Sinha,Male,NA,Not Available,Not Available,2004-03-24T00:00:00Z,2015-11-15T00:00:00Z,No,No,Patna,No,Not Applicable,NA,Not Applicable,NA,Not Applicable,NA,No,Not Applicable,Not Applicable,Not Applicable,No,NA,Not Available,Not Available,Not Available,Not Available,Not Available,Not Available,Not Available,Not Available,Not Available,Not Available,Not Available,Not Available,Not Available,Not Available,Not Available,Not Available,Not Available,No,Not Available,Not Available
Vijayendra Nath,Male,1955-08-13T00:00:00Z,Bihar,"Ara,Bhojpur",2011-06-20T00:00:00Z,2017-08-13T00:00:00Z,No,No,Patna,No,Not Applicable,NA,Not Applicable,NA,Not Applicable,NA,No,Not Applicable,Not Applicable,Not Applicable,No,NA,Bar,No,Yes,No,Not Applicable,No,No,No,No,No,Not Available,Not Available,Arts,Patna Law College,Not Available,1980,Bihar,No,No,No
Vijayeshwar Narayan Sinha,Male,1953-11-15T00:00:00Z,Bihar,Not Available,2004-03-24T00:00:00Z,2015-03-15T00:00:00Z,No,No,Patna,No,Not Applicable,NA,Not Applicable,NA,Not Applicable,NA,No,Not Applicable,Not Applicable,Not Applicable,No,NA,Bar,No,Yes,No,Not Applicable,Yes,No,No,No,No,Not Available,Not Available,Not Available,Not Available,Not Available,1979,Bihar,No,No,No
Vikash Jain,Male,1960-02-18T00:00:00Z,Bihar,Patna,2011-06-20T00:00:00Z,2022-02-17T00:00:00Z,No,No,Patna,No,Not Applicable,NA,Not Applicable,NA,Not Applicable,NA,No,Not Applicable,Not Applicable,Not Applicable,No,NA,Bar,No,Yes,Yes,Not Applicable,Yes,No,No,No,No,"St. Xavier's High School, Patna; St. Michael's High School, Patna",Patna University,Not Available,Patna Law College,1986,1986,Bihar,No,No,No
Vinod Kumar Sinha,Male,1958-04-23T00:00:00Z,Not Available,Not Available,2016-12-09T00:00:00Z,2020-04-22T00:00:00Z,No,No,Patna,No,Not Applicable,NA,Not Applicable,NA,Not Applicable,NA,No,Not Applicable,Not Applicable,Not Applicable,No,NA,Service,Yes,Yes,No,Yes,No,No,No,No,No,Not Available,Not Available,Not Available,"Patna Law College, Patna",1984,Not Available,Bihar,No,No,No
