Name of the Judge,Gender,Date of Birth,State of Birth,Place of Birth,Date of Appointment,Date of Retirement,If Died in Office,If resigned from office,Parent High Court,If transferred to any other High Court,"If yes, which High Court 1",Date of such transfer - 1,"If yes, which High Court 2",Date of such transfer – 2,"If yes, which High Court 3",Date of such transfer - 3,If appointed Chief Justice in another High Court,"If yes, which High Court – 1","If yes, which High Court – 2","If yes, which High Court – 3",If appointed to the Supreme Court,Date of appointment to the Supreme Court,Cadre,Experience in Subordinate Judiciary,Litigation Experience,If a Senior Advocate,Experience in High Court Administrative Post,If served as Counsel for Government/PSU/Statutory Body,If served as Advocate General,If empanelled by Banks,If empanelled by Private Companies,Chamber Details,Schooling Information,Graduation Institution,Graduation Specialization,Law Degree Institution,Law Degree Year,Bar Enrolment Year,State Bar Association where enrolled,Foreign Degree in Law,Post-Graduate in another subject,Post-Graduate in Law
A.B. Saharya,Male,1940-09-15T00:00:00Z,Not Available,Not Available,1986-04-24T00:00:00Z,2002-09-14T00:00:00Z,No,No,Delhi,No,Not Applicable,NA,Not Applicable,NA,Not Applicable,NA,Yes,Punjab and Haryana,Not Applicable,Not Applicable,No,NA,Bar,No,Yes,Yes,Not Applicable,No,No,No,No,No,Not Available,Not Available,Not Available,Not Available,Not Available,1963,Mysore,No,No,No
Adarsh Kumar Goel,Male,1953-07-07T00:00:00Z,Haryana,Hissar,2001-07-02T00:00:00Z,2018-07-06T00:00:00Z,No,No,Punjab and Haryana,Yes,Gauhati,2011-09-12T00:00:00Z,Not Applicable,NA,Not Applicable,NA,Yes,Gauhati,Orissa,Not Applicable,Yes,2014-07-07T00:00:00Z,Bar,No,Yes,Yes,Not Applicable,No,No,No,No,No,Not Available,"Punjab University, Chandigarh",Arts,"Punjab University, Chandigarh",Not Available,1974,Punjab and Haryana,No,No,No
Ajay Kumar Mittal,Male,1958-09-30T00:00:00Z,Chandigarh,Chandigarh,2004-01-09T00:00:00Z,2019-05-28T00:00:00Z,No,No,Punjab and Haryana,No,Not Applicable,NA,Not Applicable,NA,Not Applicable,NA,Yes,Meghalaya,Madhya Pradesh,Not Applicable,No,NA,Bar,No,Yes,No,Not Applicable,Yes,No,No,No,No,Not Available,"Sri Ram College of Commerce, Delhi University",Commerce,"Faculty of Law, Delhi University",1980,1980,Punjab and Haryana,No,No,No
Amar Bir Singh Gill,Male,NA,Not Available,Not Available,1994-06-20T00:00:00Z,2003-05-19T00:00:00Z,No,No,Punjab and Haryana,Yes,Allahabad,1994-07-21T00:00:00Z,Not Applicable,NA,Not Applicable,NA,No,Not Applicable,Not Applicable,Not Applicable,No,NA,Bar,No,Yes,No,Not Applicable,No,No,No,No,No,Not Available,Not Available,Not Available,Not Available,Not Available,Not Available,Not Available,No,No,No
Amar Dutt,Male,NA,Not Available,Not Available,1999-02-08T00:00:00Z,2006-08-22T00:00:00Z,No,No,Punjab and Haryana,No,Not Applicable,NA,Not Applicable,NA,Not Applicable,NA,No,Not Applicable,Not Applicable,Not Applicable,No,NA,Not Available,Not Available,Not Available,Not Available,Not Available,Not Available,Not Available,Not Available,Not Available,Not Available,Not Available,Not Available,Not Available,Not Available,Not Available,Not Available,Not Available,No,No,No
Amarjeet Chaudhary,Male,NA,Not Available,Not Available,1988-06-27T00:00:00Z,1988-09-04T00:00:00Z,No,No,Punjab and Haryana,No,Not Applicable,NA,Not Applicable,NA,Not Applicable,NA,No,Not Applicable,Not Applicable,Not Applicable,No,NA,Not Available,Not Available,Not Available,Not Available,Not Available,Not Available,Not Available,Not Available,Not Available,Not Available,Not Available,Not Available,Not Available,Not Available,Not Available,Not Available,Not Available,No,No,No
Amrit Lal Bahri,Male,NA,Not Available,Not Available,1988-05-04T00:00:00Z,1994-10-26T00:00:00Z,No,No,Punjab and Haryana,No,Not Applicable,NA,Not Applicable,NA,Not Applicable,NA,No,Not Applicable,Not Applicable,Not Applicable,No,NA,Not Available,Not Available,Not Available,Not Available,Not Available,Not Available,Not Available,Not Available,Not Available,Not Available,Not Available,Not Available,Not Available,Not Available,Not Available,Not Available,Not Available,No,No,No
Anand Parkash Chowdhri,Male,NA,Not Available,Not Available,1988-05-04T00:00:00Z,1995-03-31T00:00:00Z,No,No,Punjab and Haryana,No,Not Applicable,NA,Not Applicable,NA,Not Applicable,NA,No,Not Applicable,Not Applicable,Not Applicable,No,NA,Not Available,Not Available,Not Available,Not Available,Not Available,Not Available,Not Available,Not Available,Not Available,Not Available,Not Available,Not Available,Not Available,Not Available,Not Available,Not Available,Not Available,No,No,No
Arjan Kumar Sikri,Male,1954-03-07T00:00:00Z,Not Available,Not Available,1999-07-07T00:00:00Z,2019-03-06T00:00:00Z,No,No,Delhi,No,Not Applicable,NA,Not Applicable,NA,Not Applicable,NA,Yes,Punjab and Haryana,Not Applicable,Not Applicable,Yes,2013-04-12T00:00:00Z,Bar,No,Yes,Yes,Not Applicable,Yes,No,Yes,No,No,Not Available,"Shriram College of Commerce, Delhi University",Commerce,"Law Faculty, Delhi University",1977,1977,Delhi,No,No,Yes
A.S. Garg,Male,NA,Not Available,Not Available,1999-02-08T00:00:00Z,2001-12-17T00:00:00Z,No,No,Punjab and Haryana,No,Not Applicable,NA,Not Applicable,NA,Not Applicable,NA,No,Not Applicable,Not Applicable,Not Applicable,No,NA,Not Available,Not Available,Not Available,Not Available,Not Available,Not Available,Not Available,Not Available,Not Available,Not Available,Not Available,Not Available,Not Available,Not Available,Not Available,Not Available,Not Available,No,No,No
A.S. Nehra,Male,NA,Not Available,Not Available,1990-06-15T00:00:00Z,1997-06-02T00:00:00Z,No,No,Punjab and Haryana,No,Not Applicable,NA,Not Applicable,NA,Not Applicable,NA,No,Not Applicable,Not Applicable,Not Applicable,No,NA,Not Available,Not Available,Not Available,Not Available,Not Available,Not Available,Not Available,Not Available,Not Available,Not Available,Not Available,Not Available,Not Available,Not Available,Not Available,Not Available,Not Available,No,No,No
Ashok Bhan,Male,1943-10-02T00:00:00Z,Not Available,Not Available,1990-06-15T00:00:00Z,2008-10-01T00:00:00Z,No,No,Punjab and Haryana,Yes,Karnataka,1997-10-07T00:00:00Z,Not Applicable,NA,Not Applicable,NA,No,Not Applicable,Not Applicable,Not Applicable,Yes,2001-06-17T00:00:00Z,Bar,No,Yes,Yes,Not Applicable,Yes,Yes,No,No,No,Not Available,Not Available,Not Available,Not Available,Not Available,1965,Punjab and Haryana,No,No,No
Ashutosh Mohunta,Male,1953-02-25T00:00:00Z,Haryana,Sirsa,2001-07-02T00:00:00Z,2015-02-24T00:00:00Z,No,No,Punjab and Haryana,Yes,Andhra Pradesh,2010-10-28T00:00:00Z,Punjab and Haryana,2014-06-26T00:00:00Z,Not Applicable,NA,No,Not Applicable,Not Applicable,Not Applicable,No,NA,Bar,No,Yes,Yes,Not Applicable,Yes,No,No,No,Yes,"Mayo College at Ajmer, Rajasthan",Not Available,Not Available,Delhi University,Not Available,1977,Punjab and Haryana,No,No,No
B. Rai,Male,NA,Not Available,Not Available,1996-01-29T00:00:00Z,1999-01-31T00:00:00Z,No,No,Punjab and Haryana,No,Not Applicable,NA,Not Applicable,NA,Not Applicable,NA,No,Not Applicable,Not Applicable,Not Applicable,No,NA,Not Available,Not Available,Not Available,Not Available,Not Available,Not Available,Not Available,Not Available,Not Available,Not Available,Not Available,Not Available,Not Available,Not Available,Not Available,Not Available,Not Available,No,No,No
Bakshish Kaur,Female,NA,Not Available,Not Available,1999-05-14T00:00:00Z,2002-07-06T00:00:00Z,No,No,Punjab and Haryana,No,Not Applicable,NA,Not Applicable,NA,Not Applicable,NA,No,Not Applicable,Not Applicable,Not Applicable,No,NA,Service,Yes,No,Not Applicable,No,Not Applicable,Not Applicable,Not Applicable,Not Applicable,Not Applicable,Not Available,Patiala,Home Science and Psychology,Panjab University,1962,Not Applicable,Not Applicable,No,No,No
Baldev Singh,Male,NA,Not Available,Not Available,2004-11-05T00:00:00Z,2007-02-12T00:00:00Z,No,No,Punjab and Haryana,Not Available,Not Available,NA,Not Available,NA,Not Available,NA,No,Not Applicable,Not Applicable,Not Applicable,No,NA,Not Available,Not Available,Not Available,Not Available,Not Available,Not Available,Not Available,Not Available,Not Available,Not Available,Not Available,Not Available,Not Available,Not Available,Not Available,Not Available,Not Available,No,No,No
Binod Kumar Roy,Male,1944-12-26T00:00:00Z,Not Available,Not Available,1988-10-31T00:00:00Z,2006-12-27T00:00:00Z,No,No,Patna,Yes,Allahabad,1994-04-28T00:00:00Z,Not Applicable,NA,Not Applicable,NA,Yes,Punjab and Haryana,Gauhati,Sikkim,No,NA,Bar,No,Yes,No,Not Applicable,No,No,No,No,No,Not Available,"Patna College, a Constituent College of the Patna University",Arts,Magadh University,Not Available,1968,Bihar,No,Yes,No
B.S. Nehra,Male,NA,Not Available,Not Available,1991-03-15T00:00:00Z,1994-04-02T00:00:00Z,No,No,Punjab and Haryana,No,Not Applicable,NA,Not Applicable,NA,Not Applicable,NA,No,Not Applicable,Not Applicable,Not Applicable,No,NA,Not Available,Not Available,Not Available,Not Available,Not Available,Not Available,Not Available,Not Available,Not Available,Not Available,Not Available,Not Available,Not Available,Not Available,Not Available,Not Available,Not Available,No,No,No
Daljeet Singh Dhaliwal,Male,NA,Not Available,Not Available,1994-06-20T00:00:00Z,1994-07-22T00:00:00Z,No,No,Punjab and Haryana,Yes,Patna,1994-07-21T00:00:00Z,Not Applicable,NA,Not Applicable,NA,No,Not Applicable,Not Applicable,Not Applicable,No,NA,Bar,No,Yes,No,Not Applicable,No,No,No,No,No,Not Available,Not Available,Not Available,Not Available,Not Available,Not Available,Not Available,No,No,No
Daya Chaudhary,Female,1959-01-10T00:00:00Z,Not Available,Not Available,2007-12-05T00:00:00Z,2021-01-09T00:00:00Z,No,No,Punjab and Haryana,No,Not Applicable,NA,Not Applicable,NA,Not Applicable,NA,No,Not Applicable,Not Applicable,Not Applicable,No,NA,Bar,No,Yes,Yes,Not Applicable,Yes,No,No,No,No,Not Available,Not Available,Not Available,Not Available,Not Available,1987,Punjab and Haryana,No,Yes,Yes
Devinder Kumar Jain,Male,1948-01-25T00:00:00Z,Not Available,Not Available,1991-03-19T00:00:00Z,2013-01-24T00:00:00Z,No,No,Delhi,No,Not Applicable,NA,Not Applicable,NA,Not Applicable,NA,Yes,Punjab and Haryana,Not Applicable,Not Applicable,Yes,2006-04-10T00:00:00Z,Bar,No,Yes,No,Not Applicable,Yes,No,No,No,No,Not Available,Not Available,Not Available,Not Available,Not Available,1974,Delhi,No,No,No
Ganpat Singh Singhvi,Male,1948-12-12T00:00:00Z,Rajasthan,Jodhpur,1990-07-20T00:00:00Z,2013-12-11T00:00:00Z,No,No,Rajasthan,Yes,Punjab and Haryana,1994-04-28T00:00:00Z,Gujarat,2005-02-28T00:00:00Z,Not Applicable,NA,Yes,Andhra Pradhesh,Not Applicable,Not Applicable,Yes,2007-11-12T00:00:00Z,Bar,No,Yes,No,Not Applicable,Yes,No,No,No,Yes,Not Available,Jodhpur University,Not Available,Rajasthan University,1971,1971,Rajasthan,No,No,No
G.C. Gargg,Male,NA,Not Available,Not Available,1991-03-15T00:00:00Z,1999-07-23T00:00:00Z,No,No,Punjab and Haryana,No,Not Applicable,NA,Not Applicable,NA,Not Applicable,NA,No,Not Applicable,Not Applicable,Not Applicable,No,NA,Not Available,Not Available,Not Available,Not Available,Not Available,Not Available,Not Available,Not Available,Not Available,Not Available,Not Available,Not Available,Not Available,Not Available,Not Available,Not Available,Not Available,No,No,No
G.S. Chahal,Male,NA,Not Available,Not Available,1990-06-15T00:00:00Z,1993-12-21T00:00:00Z,No,No,Punjab and Haryana,No,Not Applicable,NA,Not Applicable,NA,Not Applicable,NA,No,Not Applicable,Not Applicable,Not Applicable,No,NA,Not Available,Not Available,Not Available,Not Available,Not Available,Not Available,Not Available,Not Available,Not Available,Not Available,Not Available,Not Available,Not Available,Not Available,Not Available,Not Available,Not Available,No,No,No
Gurbax Rai Majithia,Male,1934-04-14T00:00:00Z,Not Available,Not Available,1988-05-04T00:00:00Z,1994-04-14T00:00:00Z,No,No,Punjab and Haryana,Yes,Bombay,1994-04-28T00:00:00Z,Not Applicable,NA,Not Applicable,NA,No,Not Applicable,Not Applicable,Not Applicable,No,NA,Bar,No,Yes,No,Not Applicable,No,Yes,No,No,No,Not Available,Not Available,Commerce,Not Available,Not Available,1960,Punjab and Haryana,No,No,No
Har Mohinder Kaur Sandhu,Female,NA,Not Available,Not Available,1991-03-15T00:00:00Z,1994-11-27T00:00:00Z,No,No,Punjab and Haryana,No,Not Applicable,NA,Not Applicable,NA,Not Applicable,NA,No,Not Applicable,Not Applicable,Not Applicable,No,NA,Service,Yes,No,Not Applicable,No,Not Applicable,Not Applicable,Not Applicable,Not Applicable,Not Applicable,Not Available,Not Available,Not Available,Not Available,Not Available,Not Applicable,Not Applicable,No,No,No
Harjit Singh Bedi,Male,1946-09-05T00:00:00Z,Punjab Province of British India (now Pakistan),Sahiwal (formerly known as Montgomery),1991-03-15T00:00:00Z,2011-09-04T00:00:00Z,No,No,Punjab and Haryana,No,Not Applicable,NA,Not Applicable,NA,Not Applicable,NA,Yes,Bombay,Not Applicable,Not Applicable,Yes,2007-01-12T00:00:00Z,Bar,No,Yes,Yes,Not Applicable,No,Yes,No,No,No,"Bishop Cotton School, Shimla",Not Available,Not Available,Cambridge,1962,1972,Punjab and Haryana,Yes,No,Yes
Harphul Singh Brar,Male,NA,Not Available,Not Available,1991-03-15T00:00:00Z,1999-07-29T00:00:00Z,No,No,Punjab and Haryana,No,Not Applicable,NA,Not Applicable,NA,Not Applicable,NA,No,Not Applicable,Not Applicable,Not Applicable,No,NA,Not Available,Not Available,Not Available,Not Available,Not Available,Not Available,Not Available,Not Available,Not Available,Not Available,Not Available,Not Available,Not Available,Not Available,Not Available,Not Available,Not Available,No,No,No
Hemant Gupta,Male,1957-10-17T00:00:00Z,Not Available,Not Available,2002-07-02T00:00:00Z,2022-10-16T00:00:00Z,No,No,Punjab and Haryana,Yes,Patna,2016-02-08T00:00:00Z,Not Applicable,NA,Not Applicable,NA,Yes,Madhya Pradesh,Not Applicable,Not Applicable,Yes,2018-11-02T00:00:00Z,Bar,No,Yes,No,Not Applicable,No,Yes,No,No,No,Not Available,Not Available,Not Available,Not Applicable,Not Available,1980,Punjab and Haryana,No,No,No
I.P. Vasishth,Male,NA,Not Available,Not Available,1994-06-20T00:00:00Z,2000-10-17T00:00:00Z,No,Yes,Punjab and Haryana,Yes,Allahabad,1994-07-21T00:00:00Z,Not Applicable,NA,Not Applicable,NA,No,Not Applicable,Not Applicable,Not Applicable,No,NA,Service,Yes,No,Not Applicable,No,Not Applicable,Not Applicable,Not Applicable,Not Applicable,Not Applicable,Not Available,Not Available,Not Available,Not Available,Not Available,Not Applicable,Not Applicable,No,No,No
Iqbal Singh,Male,NA,Not Available,Not Available,1996-01-29T00:00:00Z,2000-03-31T00:00:00Z,No,No,Punjab and Haryana,No,Not Applicable,NA,Not Applicable,NA,Not Applicable,NA,No,Not Applicable,Not Applicable,Not Applicable,No,NA,Not Available,Not Available,Not Available,Not Available,Not Available,Not Available,Not Available,Not Available,Not Available,Not Available,Not Available,Not Available,Not Available,Not Available,Not Available,Not Available,Not Available,No,No,No
Jagdish Chandra Verma,Male,NA,Not Available,Not Available,1996-04-08T00:00:00Z,2001-12-15T00:00:00Z,No,No,Punjab and Haryana,Yes,Rajasthan,1996-05-13T00:00:00Z,Not Applicable,NA,Not Applicable,NA,No,Not Applicable,Not Applicable,Not Applicable,No,NA,Not Available,Not Available,Not Available,Not Available,Not Available,Not Available,Not Available,Not Available,Not Available,Not Available,Not Available,Not Available,Not Available,Not Available,Not Available,Not Available,Not Available,No,No,No
Jagdish Singh Khehar,Male,1952-08-28T00:00:00Z,British Kenya (now Kenya),Nairobi,1999-02-08T00:00:00Z,2017-08-27T00:00:00Z,No,No,Punjab and Haryana,No,Not Applicable,NA,Not Applicable,NA,Not Applicable,NA,Yes,Uttarakhand,Karnataka,Not Applicable,Yes,2011-09-13T00:00:00Z,Bar,No,Yes,Yes,Not Applicable,Yes,Yes,No,Yes,No,Not Available,"Government College, Chandigarh",Science,"Panjab University, Chandigarh",1977,1979,Punjab and Haryana,No,No,Yes
Jai Singh Sekhon,Male,NA,Not Available,Not Available,1988-03-08T00:00:00Z,1994-05-04T00:00:00Z,No,No,Punjab and Haryana,No,Not Applicable,NA,Not Applicable,NA,Not Applicable,NA,No,Not Applicable,Not Applicable,Not Applicable,No,NA,Not Available,Not Available,Not Available,Not Available,Not Available,Not Available,Not Available,Not Available,Not Available,Not Available,Not Available,Not Available,Not Available,Not Available,Not Available,Not Available,Not Available,No,No,No
Jasbir Singh,Male,1952-08-01T00:00:00Z,Not Available,Not Available,2001-07-02T00:00:00Z,2014-07-31T00:00:00Z,No,No,Punjab and Haryana,No,Not Applicable,NA,Not Applicable,NA,Not Applicable,NA,No,Not Applicable,Not Applicable,Not Applicable,No,NA,Bar,No,Yes,No,Not Applicable,No,No,No,No,No,"govt. Model School, Jalandhar","Khalsa College, Jalandha",Not Available,"Punjabi University, Patiala",Not Available,1979,Punjab and Haryana,No,Yes,No
Jaswant Singh,Male,1961-02-23T00:00:00Z,Not Available,Not Available,2007-12-05T00:00:00Z,2023-02-22T00:00:00Z,No,No,Punjab and Haryana,No,Not Applicable,NA,Not Applicable,NA,Not Applicable,NA,No,Not Applicable,Not Applicable,Not Applicable,No,NA,Bar,No,Yes,Yes,Not Applicable,Yes,Yes,No,No,No,"Oak Grove School, Jharipani, Mussoorie/Model School, Rohtak",Not Available,Arts,"Maharishi Dayanand University, Rohtak",Not Available,1986,Punjab and Haryana,No,Yes,No
Jawahar Lal Gupta,Male,NA,Not Available,Not Available,1991-03-15T00:00:00Z,2004-01-22T00:00:00Z,No,No,Punjab and Haryana,No,Not Applicable,NA,Not Applicable,NA,Not Applicable,NA,Yes,Kerala,Not Applicable,Not Applicable,No,NA,Bar,No,Yes,Yes,Not Applicable,No,No,No,No,No,Not Available,Not Available,Not Available,Not Available,Not Available,1963,Punjab and Haryana,No,No,No
J.B. Garg,Male,NA,Not Available,Not Available,1989-11-02T00:00:00Z,1995-08-05T00:00:00Z,No,No,Punjab and Haryana,No,Not Applicable,NA,Not Applicable,NA,Not Applicable,NA,No,Not Applicable,Not Applicable,Not Applicable,No,NA,Not Available,Not Available,Not Available,Not Available,Not Available,Not Available,Not Available,Not Available,Not Available,Not Available,Not Available,Not Available,Not Available,Not Available,Not Available,Not Available,Not Available,No,No,No
Joginder Singh Sidhu,Male,1937-01-30T00:00:00Z,Not Available,Not Available,1994-06-20T00:00:00Z,1999-01-30T00:00:00Z,No,No,Punjab and Haryana,Yes,Allahabad,1994-07-21T00:00:00Z,Rajasthan,1996-10-11T00:00:00Z,Not Applicable,NA,No,Not Applicable,Not Applicable,Not Applicable,No,NA,Service,Yes,No,Not Applicable,No,Not Applicable,Not Applicable,Not Applicable,Not Applicable,Not Applicable,Not Available,Not Available,Not Available,Not Available,Not Available,Not Applicable,Not Applicable,No,No,No
J.S. Narang,Male,NA,Not Available,Not Available,1999-05-14T00:00:00Z,2007-01-01T00:00:00Z,No,No,Punjab and Haryana,No,Not Applicable,NA,Not Applicable,NA,Not Applicable,NA,No,Not Applicable,Not Applicable,Not Applicable,No,NA,Not Available,Not Available,Not Available,Not Available,Not Available,Not Available,Not Available,Not Available,Not Available,Not Available,Not Available,Not Available,Not Available,Not Available,Not Available,Not Available,Not Available,No,No,No
Kamajit Singh Garewal,Male,NA,Not Available,Not Available,2000-05-25T00:00:00Z,2009-09-29T00:00:00Z,No,No,Punjab and Haryana,No,Not Applicable,NA,Not Applicable,NA,Not Applicable,NA,No,Not Applicable,Not Applicable,Not Applicable,No,NA,Not Available,Not Available,Not Available,Not Available,Not Available,Not Available,Not Available,Not Available,Not Available,Not Available,"Mayo College, Ajmer",Not Available,Not Available,Not Available,Not Available,Not Available,Not Available,No,No,No
Karam Chand Puri,Male,1953-09-20T00:00:00Z,Punjab,Payal in District Ludhiana,2007-10-15T00:00:00Z,2015-09-19T00:00:00Z,No,No,Punjab and Haryana,No,Not Applicable,NA,Not Applicable,NA,Not Applicable,NA,No,Not Applicable,Not Applicable,Not Applicable,No,NA,Service,Yes,Yes,No,No,Yes,No,Yes,No,No,"MLN School, Yamuna Nagar","Bikram College of Commerce, Patiala",Commerce,"Punjabi University, Patiala",1982,1982,Punjab and Haryana,No,Yes,No
K.C. Gupta,Male,NA,Not Available,Not Available,2000-05-25T00:00:00Z,2004-02-02T00:00:00Z,No,No,Punjab and Haryana,No,Not Applicable,NA,Not Applicable,NA,Not Applicable,NA,No,Not Applicable,Not Applicable,Not Applicable,No,NA,Not Available,Not Available,Not Available,Not Available,Not Available,Not Available,Not Available,Not Available,Not Available,Not Available,Not Available,Not Available,Not Available,Not Available,Not Available,Not Available,Not Available,No,No,No
Kiran Anand Lall,Female,NA,Not Available,Not Available,2002-07-02T00:00:00Z,2007-03-14T00:00:00Z,No,No,Punjab and Haryana,Not Available,Not Available,NA,Not Available,NA,Not Available,NA,Not Available,Not Available,Not Available,Not Available,No,NA,Not Available,Not Available,Not Available,Not Available,Not Available,Not Available,Not Available,Not Available,Not Available,Not Available,Not Available,Not Available,Not Available,Not Available,Not Available,Not Available,Not Available,No,No,No
K.K. Srivastva,Male,NA,Not Available,Not Available,1994-10-10T00:00:00Z,2000-08-27T00:00:00Z,No,No,Punjab and Haryana,Yes,Allahabad,1994-10-29T00:00:00Z,Not Applicable,NA,Not Applicable,NA,No,Not Applicable,Not Applicable,Not Applicable,No,NA,Not Available,Not Available,Not Available,Not Available,Not Available,Not Available,Not Available,Not Available,Not Available,Not Available,Not Available,Not Available,Not Available,Not Available,Not Available,Not Available,Not Available,No,No,No
Krishna Murari,Male,1958-07-09T00:00:00Z,Not Available,Not Available,2004-01-07T00:00:00Z,2023-07-08T00:00:00Z,No,No,Allahabad,No,Not Applicable,NA,Not Applicable,NA,Not Applicable,NA,Yes,Punjab and Haryana,Not Applicable,Not Applicable,Yes,2019-09-23T00:00:00Z,Bar,No,Yes,No,Not Applicable,Yes,No,No,No,No,Not Available,Not Available,Not Available,"Allahabad University, Allahabad",Not Available,1981,Allahabad,No,No,No
K.S. Kumaran,Male,NA,Not Available,Not Available,1994-11-01T00:00:00Z,2001-12-23T00:00:00Z,No,No,Punjab and Haryana,No,Not Applicable,NA,Not Applicable,NA,Not Applicable,NA,No,Not Applicable,Not Applicable,Not Applicable,No,NA,Not Available,Not Available,Not Available,Not Available,Not Available,Not Available,Not Available,Not Available,Not Available,Not Available,Not Available,Not Available,Not Available,Not Available,Not Available,Not Available,Not Available,No,No,No
Kumaran Sreedharan,Male,1936-06-04T00:00:00Z,Not Available,Not Available,1985-09-10T00:00:00Z,1998-06-04T00:00:00Z,No,No,Kerala,No,Not Applicable,NA,Not Applicable,NA,Not Applicable,NA,Yes,Punjab and Haryana,Gujarat,Not Applicable,No,NA,Service,Yes,Yes,No,No,No,No,No,No,No,Not Available,Not Available,Not Available,Not Available,Not Available,1959,Kerala,No,No,No
Mahesh Grover,Male,1957-06-04T00:00:00Z,Not Available,Not Available,2006-03-22T00:00:00Z,2019-06-03T00:00:00Z,No,No,Punjab and Haryana,No,Not Applicable,NA,Not Applicable,NA,Not Applicable,NA,No,Not Applicable,Not Applicable,Not Applicable,No,NA,Bar,No,Yes,No,Not Applicable,No,Yes,No,No,No,Not Available,Not Available,Not Available,Not Available,Not Available,1981,Punjab and Haryana,No,No,No
Mahesh Mittal Kumar,Male,1953-01-05T00:00:00Z,Not Available,Not Available,2001-07-02T00:00:00Z,2015-01-04T00:00:00Z,No,No,Punjab and Haryana,No,Not Applicable,NA,Not Applicable,NA,Not Applicable,NA,Yes,J & K and Ladakh,Not Applicable,Not Applicable,No,NA,Bar,No,Yes,No,Not Applicable,No,Yes,No,No,Yes,Not Available,"Punjabi University, Patiala",Not Available,"Punjabi University, Patiala",1977,1977,Punjab and Haryana,Yes,No,Yes
Mangat Rai Agnihotri,Male,NA,Not Available,Not Available,1986-11-14T00:00:00Z,1993-12-24T00:00:00Z,No,No,Punjab and Haryana,Not Available,Not Available,NA,Not Available,NA,Not Available,NA,Not Available,Not Available,Not Available,Not Available,No,NA,Not Available,Not Available,Not Available,Not Available,Not Available,Not Available,Not Available,Not Available,Not Available,Not Available,Not Available,Not Available,Not Available,Not Available,Not Available,Not Available,Not Available,No,No,No
Manmohan Singh Liberhan,Male,1938-11-11T00:00:00Z,Chandigarh,Chandigarh,1987-02-11T00:00:00Z,1997-07-05T00:00:00Z,No,No,Punjab and Haryana,Yes,Madras,1997-07-07T00:00:00Z,Andhra Pradesh,1998-12-28T00:00:00Z,Not Applicable,NA,Yes,Andhra Pradesh,Not Applicable,Not Applicable,No,NA,Bar,No,Yes,Yes,Not Applicable,Yes,Yes,No,Yes,Yes,Not Available,Not Available,Not Available,Not Available,Not Available,1962,Haryana,No,No,No
Mehtab Singh Gill,Male,NA,Not Available,Not Available,1999-05-14T00:00:00Z,2010-10-29T00:00:00Z,No,No,Punjab and Haryana,No,Not Applicable,NA,Not Applicable,NA,Not Applicable,NA,No,Not Applicable,Not Applicable,Not Applicable,No,NA,Not Available,Not Available,Not Available,Not Available,Not Available,Not Available,Not Available,Not Available,Not Available,Not Available,"The Lawrence School, Sanawar",Not Available,Not Available,Not Available,Not Available,Not Available,Not Available,No,No,No
M.L. Singhal,Male,NA,Not Available,Not Available,1996-01-29T00:00:00Z,2003-03-24T00:00:00Z,No,No,Punjab and Haryana,No,Not Applicable,NA,Not Applicable,NA,Not Applicable,NA,No,Not Applicable,Not Applicable,Not Applicable,No,NA,Not Available,Not Available,Not Available,Not Available,Not Available,Not Available,Not Available,Not Available,Not Available,Not Available,Not Available,Not Available,Not Available,Not Available,Not Available,Not Available,Not Available,No,No,No
M.M. Aggarwal,Male,NA,Not Available,Not Available,2004-11-05T00:00:00Z,2008-01-19T00:00:00Z,No,No,Punjab and Haryana,Not Available,Not Available,NA,Not Available,NA,Not Available,NA,Not Available,Not Available,Not Available,Not Available,No,NA,Not Available,Not Available,Not Available,Not Available,Not Available,Not Available,Not Available,Not Available,Not Available,Not Available,Not Available,Not Available,Not Available,Not Available,Not Available,Not Available,Not Available,No,No,No
Mohinder Mohan Singh Bedi,Male,1956-10-09T00:00:00Z,Not Available,Not Available,2006-04-01T00:00:00Z,2018-10-08T00:00:00Z,No,No,Punjab and Haryana,No,Not Applicable,NA,Not Applicable,NA,Not Applicable,NA,No,Not Applicable,Not Applicable,Not Applicable,No,NA,Service,Yes,Yes,No,Yes,No,No,No,No,No,Not Available,Not Available,Not Available,Not Available,Not Available,1980,Punjab and Haryana,No,No,Yes
Moti Lal Koul,Male,NA,Not Available,Not Available,1991-10-14T00:00:00Z,1997-11-20T00:00:00Z,No,No,J & K and Ladakh,Yes,Punjab and Haryana,1994-11-01T00:00:00Z,Not Applicable,NA,Not Applicable,NA,No,Not Applicable,Not Applicable,Not Applicable,No,NA,Bar,No,Yes,No,Not Applicable,No,No,No,No,No,Not Available,Not Available,Not Available,Not Available,Not Available,Not Available,Not Available,No,No,No
Mukul Mudgal,Male,NA,Not Available,Not Available,1998-03-02T00:00:00Z,2011-01-03T00:00:00Z,No,No,Delhi,No,Not Applicable,NA,Not Applicable,NA,Not Applicable,NA,Yes,Punjab and Haryana,Not Applicable,Not Applicable,No,NA,Bar,No,Yes,No,Not Applicable,No,No,No,No,No,"Modern School, Barakhamba Road, New Delhi","Hindu College, Delhi University",Science,"Law Faculty, Delhi University",Not Available,1973,Delhi,No,No,No
Naresh Chand Jain,Male,NA,Not Available,Not Available,1988-06-27T00:00:00Z,2001-04-05T00:00:00Z,No,No,Punjab and Haryana,No,Not Applicable,NA,Not Applicable,NA,Not Applicable,NA,Yes,Gauhati,Not Applicable,Not Applicable,No,NA,Not Available,Not Available,Not Available,Not Available,Not Available,Not Available,Not Available,Not Available,Not Available,Not Available,Not Available,Not Available,Not Available,Not Available,Not Available,Not Available,Not Available,No,No,No
Nauvdip Kumar Sodhi,Male,NA,Not Available,Not Available,1991-03-15T00:00:00Z,2005-11-29T00:00:00Z,No,No,Punjab and Haryana,No,Not Applicable,NA,Not Applicable,NA,Not Applicable,NA,Yes,Kerala,Karntaka,Not Applicable,No,NA,Bar,No,Yes,No,Not Applicable,No,No,No,No,No,Not Available,Not Available,Not Available,Not Available,Not Available,1965,Punjab and Haryana,No,No,No
N.C. Khichi,Male,NA,Not Available,Not Available,1996-01-29T00:00:00Z,2000-12-24T00:00:00Z,No,No,Punjab and Haryana,No,Not Applicable,NA,Not Applicable,NA,Not Applicable,NA,No,Not Applicable,Not Applicable,Not Applicable,No,NA,Not Available,Not Available,Not Available,Not Available,Not Available,Not Available,Not Available,Not Available,Not Available,Not Available,Not Available,Not Available,Not Available,Not Available,Not Available,Not Available,Not Available,No,No,No
Nirmal Singh,Male,1947-09-06T00:00:00Z,Punjab,Rampur-Fatehgarh Sahib,2000-05-25T00:00:00Z,2009-09-06T00:00:00Z,No,No,Punjab and Haryana,Yes,J & K and Ladakh,2005-03-18T00:00:00Z,Not Applicable,NA,Not Applicable,NA,No,Not Applicable,Not Applicable,Not Applicable,No,NA,Service,Yes,Yes,No,No,No,No,No,No,No,National High School (Balahri Kalan),Not Available,Arts,Panjab University,1972,Not Available,Not Available,No,No,No
Nirmal Yadav,Female,1949-03-04T00:00:00Z,Not Available,Not Available,2004-11-05T00:00:00Z,2011-03-03T00:00:00Z,No,No,Punjab and Haryana,Yes,Uttarakhand,2010-02-11T00:00:00Z,Not Applicable,NA,Not Applicable,NA,No,Not Applicable,Not Applicable,Not Applicable,No,NA,Service,Yes,Yes,No,Yes,No,Yes,No,No,No,Not Available,Not Available,Science,Not Available,Not Available,1975,Punjab and Haryana,No,No,No
N.K. Agarwal,Male,NA,Not Available,Not Available,1996-04-29T00:00:00Z,1999-12-12T00:00:00Z,No,No,Punjab and Haryana,No,Not Applicable,NA,Not Applicable,NA,Not Applicable,NA,No,Not Applicable,Not Applicable,Not Applicable,No,NA,Not Available,Not Available,Not Available,Not Available,Not Available,Not Available,Not Available,Not Available,Not Available,Not Available,Not Available,Not Available,Not Available,Not Available,Not Available,Not Available,Not Available,No,No,No
N.K. Kapoor,Male,NA,Not Available,Not Available,1991-03-15T00:00:00Z,1997-11-30T00:00:00Z,No,No,Punjab and Haryana,No,Not Applicable,NA,Not Applicable,NA,Not Applicable,NA,No,Not Applicable,Not Applicable,Not Applicable,No,NA,Not Available,Not Available,Not Available,Not Available,Not Available,Not Available,Not Available,Not Available,Not Available,Not Available,Not Available,Not Available,Not Available,Not Available,Not Available,Not Available,Not Available,No,No,No
N.K. Sud,Male,NA,Not Available,Not Available,1999-05-14T00:00:00Z,2006-01-14T00:00:00Z,No,No,Punjab and Haryana,No,Not Applicable,NA,Not Applicable,NA,Not Applicable,NA,No,Not Applicable,Not Applicable,Not Applicable,No,NA,Not Available,Not Available,Not Available,Not Available,Not Available,Not Available,Not Available,Not Available,Not Available,Not Available,Not Available,Not Available,Not Available,Not Available,Not Available,Not Available,Not Available,No,No,No
Palanisamy Sathasivam,Male,1949-04-27T00:00:00Z,Tamil Nadu,Kadappanallur,1996-01-08T00:00:00Z,2014-04-26T00:00:00Z,No,No,Madras,Yes,Punjab and Haryana,2007-04-20T00:00:00Z,Not Applicable,NA,Not Applicable,NA,No,Not Applicable,Not Applicable,Not Applicable,Yes,2007-08-21T00:00:00Z,Bar,No,Yes,No,Not Applicable,Yes,No,Yes,No,No,Not Available,Not Available,Arts,Not Available,Not Available,1973,Madras,No,No,No
Permod Kohli,Male,1951-03-01T00:00:00Z,Jammu and Kashmir,RajourI,2003-01-07T00:00:00Z,2013-02-28T00:00:00Z,No,No,J & K and Ladakh,Yes,Jharkhand,2006-05-04T00:00:00Z,Punjab and Haryana,2007-05-10T00:00:00Z,Not Applicable,NA,Yes,Sikkim,Not Applicable,Not Applicable,No,NA,Bar,No,Yes,Yes,Not Applicable,No,Yes,No,No,No,Not Available,"G.G.M. Science College, Jammu",Science,University of Jammu,1972,1972,Jammu and Kashmir,No,No,No
P.K. Jain,Male,1936-02-25T00:00:00Z,Not Available,Not Available,1994-11-10T00:00:00Z,1998-02-24T00:00:00Z,No,No,Delhi,Yes,Punjab and Haryana,1995-01-09T00:00:00Z,Not Applicable,NA,Not Applicable,NA,No,Not Applicable,Not Applicable,Not Applicable,No,NA,Service,Yes,Yes,No,No,No,No,No,No,No,Not Available,Not Available,Not Available,Not Available,Not Available,1958,Haryana,No,No,No
Prem Krishnan Palli,Male,1936-10-26T00:00:00Z,Not Available,Not Available,1994-02-14T00:00:00Z,1998-10-26T00:00:00Z,No,No,Punjab and Haryana,Yes,Himachal Pradesh,1996-04-02T00:00:00Z,Not Applicable,NA,Not Applicable,NA,No,Not Applicable,Not Applicable,Not Applicable,No,NA,Bar,No,Yes,No,Not Applicable,No,No,No,No,No,Not Available,Not Available,Arts,Not Available,Not Available,1961,Punjab and Haryana,No,No,No
Pritam Pal,Male,1947-06-03T00:00:00Z,Punjab,Kandroli village,2004-11-05T00:00:00Z,2009-06-02T00:00:00Z,No,No,Punjab and Haryana,No,Not Applicable,NA,Not Applicable,NA,Not Applicable,NA,No,Not Applicable,Not Applicable,Not Applicable,No,NA,Service,Yes,No,Not Applicable,Yes,Not Applicable,Not Applicable,Not Applicable,Not Applicable,Not Applicable,Not Available,"Punjab University, Chandigarh",Not Available,"Kurukshetra University, Kurukshetra",1972,Not Applicable,Not Applicable,No,No,No
Rajesh Bindal,Male,1961-04-16T00:00:00Z,Haryana,Ambala,2006-03-22T00:00:00Z,2018-11-15T00:00:00Z,No,No,Punjab and Haryana,No,Not Applicable,NA,Not Applicable,NA,Not Applicable,NA,Yes,J & K and Ladakh,Calcutta,Not Applicable,No,NA,Bar,No,Yes,No,Not Applicable,Yes,No,No,No,No,Not Available,Kurukshetra University,Commerce,Kurukshetra University,1985,1985,Punjab and Haryana,No,Yes,No
Rajiv Bhalla,Male,1954-03-04T00:00:00Z,Not Available,Not Available,2004-01-09T00:00:00Z,2016-03-03T00:00:00Z,No,No,Punjab and Haryana,No,Not Applicable,NA,Not Applicable,NA,Not Applicable,NA,No,Not Applicable,Not Applicable,Not Applicable,No,NA,Bar,No,Yes,No,Not Applicable,No,No,No,No,No,Not Available,Not Available,Not Available,Not Available,Not Available,1978,Punjab and Haryana,No,No,No
Rakesh Kumar Jain,Male,1958-10-01T00:00:00Z,Not Available,Not Available,2007-12-05T00:00:00Z,2020-09-30T00:00:00Z,No,No,Punjab and Haryana,No,Not Applicable,NA,Not Applicable,NA,Not Applicable,NA,No,Not Applicable,Not Applicable,Not Applicable,No,NA,Bar,No,Yes,No,Not Applicable,No,No,No,No,No,Not Available,Not Available,Commerce,Not Available,Not Available,1982,Punjab and Haryana,No,No,No
Ram Prakash Sethi,Male,1937-07-07T00:00:00Z,Jammu and Kashmir (present-day Pakistan),Mirpur,1986-05-30T00:00:00Z,2002-07-06T00:00:00Z,No,No,J & K and Ladakh,Yes,Punjab and Haryana,1993-10-18T00:00:00Z,Not Applicable,NA,Not Applicable,NA,Yes,Karnataka,Not Applicable,Not Applicable,Yes,1999-01-08T00:00:00Z,Bar,No,Yes,No,Not Applicable,No,Yes,No,No,No,Not Available,Not Available,Not Available,Not Available,Not Available,1961,Jammu and Kashmir,No,No,No
Ranjan Gogoi,Male,1954-11-18T00:00:00Z,Assam,Dibrugarh,2001-02-28T00:00:00Z,2019-11-17T00:00:00Z,No,No,Gauhati,Yes,Punjab and Haryana,2010-09-09T00:00:00Z,Not Applicable,NA,Not Applicable,NA,Yes,Punjab and Haryana,Not Applicable,Not Applicable,Yes,2012-04-23T00:00:00Z,Bar,No,Yes,No,Not Applicable,No,No,No,No,No,Not Available,Not Available,Not Available,Not Available,Not Available,1978,NA,No,No,No
Ravinder Singh Mongia,Male,1940-06-10T00:00:00Z,Not Available,Not Available,1990-06-15T00:00:00Z,2002-06-10T00:00:00Z,No,No,Punjab and Haryana,Yes,Gauhati,2001-06-21T00:00:00Z,Not Applicable,NA,Not Applicable,NA,Yes,Gauhati,Not Applicable,Not Applicable,No,NA,Bar,No,Yes,No,Not Applicable,No,No,No,No,No,Not Available,Not Available,Not Available,"Panjab University, Chandigarh",1963,1964,Punjab and Haryana,No,No,No
R.C. Kathuria,Male,NA,Not Available,Not Available,2000-05-25T00:00:00Z,2003-04-20T00:00:00Z,No,No,Punjab and Haryana,No,Not Applicable,NA,Not Applicable,NA,Not Applicable,NA,No,Not Applicable,Not Applicable,Not Applicable,No,NA,Not Available,Not Available,Not Available,Not Available,Not Available,Not Available,Not Available,Not Available,Not Available,Not Available,Not Available,Not Available,Not Available,Not Available,Not Available,Not Available,Not Available,No,No,No
R.K. Nehru,Male,NA,Not Available,Not Available,1992-09-28T00:00:00Z,1996-10-13T00:00:00Z,No,No,Punjab and Haryana,Yes,J & K and Ladakh,1994-10-22T00:00:00Z,Not Applicable,NA,Not Applicable,NA,No,Not Applicable,Not Applicable,Not Applicable,No,NA,Not Available,Not Available,Not Available,Not Available,Not Available,Not Available,Not Available,Not Available,Not Available,Not Available,Not Available,Not Available,Not Available,Not Available,Not Available,Not Available,Not Available,No,No,No
R.L. Anand,Male,NA,Not Available,Not Available,1996-01-29T00:00:00Z,2003-04-01T00:00:00Z,No,No,Punjab and Haryana,No,Not Applicable,NA,Not Applicable,NA,Not Applicable,NA,No,Not Applicable,Not Applicable,Not Applicable,No,NA,Not Available,Not Available,Not Available,Not Available,Not Available,Not Available,Not Available,Not Available,Not Available,Not Available,Not Available,Not Available,Not Available,Not Available,Not Available,Not Available,Not Available,No,No,No
Sambhu Charan Datta,Male,1936-09-01T00:00:00Z,Not Available,Not Available,1994-11-17T00:00:00Z,1998-08-31T00:00:00Z,No,No,Calcutta,Yes,Punjab and Haryana,1994-12-08T00:00:00Z,Orissa,1996-04-02T00:00:00Z,Not Applicable,NA,No,Not Applicable,Not Applicable,Not Applicable,No,NA,Service,Yes,No,Not Applicable,No,Not Applicable,Not Applicable,Not Applicable,Not Applicable,Not Applicable,Not Available,Not Available,Not Available,Not Available,Not Available,Not Applicable,Not Applicable,No,No,No
Sanjay Kishan Kaul,Male,1958-12-26T00:00:00Z,Not Available,Not Available,2001-05-03T00:00:00Z,2023-12-25T00:00:00Z,No,No,Delhi,No,Not Applicable,NA,Not Applicable,NA,Not Applicable,NA,Yes,Punjab and Haryana,Madras,Not Applicable,Yes,2017-02-17T00:00:00Z,Bar,No,Yes,Yes,Not Applicable,Yes,No,No,No,No,"Modern School, New Delh","St. Stephens College, Delhi University",Economics,"The Campus Law Centre, Delhi University",1982,1982,Delhi,No,No,No
Sarojnei Saksena,Female,NA,Not Available,Not Available,1994-09-27T00:00:00Z,1998-07-12T00:00:00Z,No,No,Madhya Pradesh,Yes,Punjab and Haryana,1994-10-10T00:00:00Z,Not Applicable,NA,Not Applicable,NA,No,Not Applicable,Not Applicable,Not Applicable,No,NA,Not Available,Not Available,Not Available,Not Available,Not Available,Not Available,Not Available,Not Available,Not Available,Not Available,Not Available,Not Available,Not Available,Not Available,Not Available,Not Available,Not Available,No,No,No
Sat Pal,Male,1936-07-15T00:00:00Z,Not Available,Not Available,1991-03-19T00:00:00Z,1998-07-14T00:00:00Z,No,No,Delhi,Yes,Punjab and Haryana,1994-09-01T00:00:00Z,Not Applicable,NA,Not Applicable,NA,No,Not Applicable,Not Applicable,Not Applicable,No,NA,Bar,No,Yes,No,Not Applicable,Yes,No,No,No,No,Not Available,Not Available,Not Available,Not Available,Not Available,1970,Delhi,No,Yes,No
Satish Kumar Mittal,Male,1954-04-15T00:00:00Z,Haryana,Narnaul,2002-07-02T00:00:00Z,2016-03-05T00:00:00Z,No,No,Punjab and Haryana,No,Not Applicable,NA,Not Applicable,NA,Not Applicable,NA,Yes,Rajasthan,Not Applicable,Not Applicable,No,NA,Bar,No,Yes,No,Not Applicable,No,No,No,No,No,Not Available,"Govt.  College,  Narnual",Arts,Kurukshetra University,Not Available,1978,Punjab and Haryana,No,No,Yes
Savinder Singh Sodhi,Male,1933-04-09T00:00:00Z,Not Available,Not Available,1982-06-18T00:00:00Z,1994-01-31T00:00:00Z,No,No,Punjab and Haryana,No,Not Applicable,NA,Not Applicable,NA,Not Applicable,NA,Yes,Allahabad,Not Applicable,Not Applicable,No,NA,Service,Yes,No,Not Applicable,Yes,Not Applicable,Not Applicable,Not Applicable,Not Applicable,Not Applicable,Not Available,Not Available,Not Available,Not Available,Not Available,Not Applicable,Not Applicable,No,No,No
Sharad Sakharam Sudhalkar,Male,1939-11-22T00:00:00Z,Not Available,Not Available,1994-10-12T00:00:00Z,2001-11-22T00:00:00Z,No,No,Gujarat,Yes,Punjab and Haryana,1994-11-03T00:00:00Z,Not Applicable,NA,Not Applicable,NA,No,Not Applicable,Not Applicable,Not Applicable,No,NA,Service,Yes,Yes,No,Yes,No,No,No,No,No,Not Available,Not Available,Not Available,Not Available,Not Available,1962,Gujarat,No,No,No
Sharan Jeet Singh Grewal,Male,NA,Not Available,Not Available,1988-05-04T00:00:00Z,1995-02-26T00:00:00Z,No,No,Punjab and Haryana,No,Not Applicable,NA,Not Applicable,NA,Not Applicable,NA,No,Not Applicable,Not Applicable,Not Applicable,No,NA,Not Available,Not Available,Not Available,Not Available,Not Available,Not Available,Not Available,Not Available,Not Available,Not Available,Not Available,Not Available,Not Available,Not Available,Not Available,Not Available,Not Available,No,No,No
Shiavax Jal Vazifdar,Male,1956-05-04T00:00:00Z,Not Available,Not Available,2001-01-22T00:00:00Z,2018-05-03T00:00:00Z,No,No,Bombay,No,Not Applicable,NA,Not Applicable,NA,Not Applicable,NA,Yes,Punjab and Haryana,Not Applicable,Not Applicable,No,NA,Bar,No,Yes,No,Not Applicable,No,No,No,No,No,Rishi Valley School,"St. Xavier's College, Bombay",Not Available,"Hinduja Law College, Bombay",Not Available,1980,Maharashtra,No,No,No
Shrikant C Malte,Male,1936-11-30T00:00:00Z,Not Available,Not Available,1994-10-06T00:00:00Z,1998-11-02T00:00:00Z,No,No,Bombay,Yes,Punjab and Haryana,1994-11-01T00:00:00Z,Not Applicable,NA,Not Applicable,NA,No,Not Applicable,Not Applicable,Not Applicable,No,NA,Service,Yes,Yes,No,No,No,No,No,No,No,Not Available,Not Available,Not Available,Not Available,Not Available,1960,Maharashtra,No,Yes,Yes
S.S. Grewal,Male,NA,Not Available,Not Available,2002-07-02T00:00:00Z,2004-10-03T00:00:00Z,No,No,Punjab and Haryana,Not Available,Not Available,NA,Not Available,NA,Not Available,NA,Not Available,Not Available,Not Available,Not Available,No,NA,Not Available,Not Available,Not Available,Not Available,Not Available,Not Available,Not Available,Not Available,Not Available,Not Available,Not Available,Not Available,Not Available,Not Available,Not Available,Not Available,Not Available,No,No,No
Sudarshan Dayal Agarwala,Male,1932-01-15T00:00:00Z,Not Available,Not Available,1977-11-17T00:00:00Z,1994-01-15T00:00:00Z,No,No,Allahabad,No,Not Applicable,NA,Not Applicable,NA,Not Applicable,NA,Yes,Punjab and Haryana,Not Applicable,Not Applicable,No,NA,Bar,No,Yes,No,Not Applicable,No,No,No,No,No,Mary's Convent Agra,St. Peter's College Agra,Not Available,Not Available,Not Available,1955,Allahabad,No,No,No
Sudhakar Panditrao Kurdukar,Male,1935-01-16T00:00:00Z,Not Available,Not Available,1978-04-25T00:00:00Z,2000-01-15T00:00:00Z,No,No,Bombay,No,Not Applicable,NA,Not Applicable,NA,Not Applicable,NA,Yes,Punjab and Haryana,Not Applicable,Not Applicable,Yes,1996-03-29T00:00:00Z,Bar,No,Yes,No,Not Applicable,Yes,No,No,No,No,Not Available,Not Available,Not Available,Not Available,Not Available,1961,Bombay,No,No,No
Surinder Sarup,Male,1938-04-21T00:00:00Z,Not Available,Not Available,1994-06-20T00:00:00Z,2000-04-21T00:00:00Z,No,No,Punjab and Haryana,Yes,Patna,1994-07-21T00:00:00Z,Himachal Pradesh,1996-04-06T00:00:00Z,Not Applicable,NA,No,Not Applicable,Not Applicable,Not Applicable,No,NA,Service,Yes,Yes,No,Yes,No,No,No,No,No,Not Available,Not Available,Not Available,Not Available,Not Available,1962,Punjab and Haryana,No,No,No
Surinder Singh Nijjar,Male,1949-06-07T00:00:00Z,Punjab,Bhar Singh Pura,1996-04-08T00:00:00Z,2014-06-06T00:00:00Z,No,No,Punjab and Haryana,Yes,Bombay,1996-04-26T00:00:00Z,Punjab and Haryana,2000-08-07T00:00:00Z,Not Applicable,NA,Yes,Calcutta,Not Applicable,Not Applicable,Yes,2009-11-17T00:00:00Z,Bar,No,Yes,Yes,Not Applicable,Yes,Yes,Yes,No,No,Educated in England,University of London,Not Available,University of London,1972,1977,Punjab and Haryana,Yes,No,Yes
Surinder Singh Saron,Male,1955-09-04T00:00:00Z,Punjab,Sangrur District,2002-07-02T00:00:00Z,2017-09-03T00:00:00Z,No,No,Punjab and Haryana,No,Not Applicable,NA,Not Applicable,NA,Not Applicable,NA,No,Not Applicable,Not Applicable,Not Applicable,No,NA,Bar,No,Yes,No,Not Applicable,No,Yes,No,No,No,"Bishop Cotton School, Shimla","Government College, Chandigarh",History,"Panjab University, Chandigarh",1980,1980,Punjab and Haryana,No,Yes,No
Surya Kant,Male,1962-02-10T00:00:00Z,Haryana,Hissar,2004-01-09T00:00:00Z,2027-02-09T00:00:00Z,No,No,Punjab and Haryana,Yes,Himachal Pradesh,2018-10-05T00:00:00Z,Not Applicable,NA,Not Applicable,NA,Yes,Himachal Pradesh,Not Applicable,Not Applicable,Yes,2019-05-24T00:00:00Z,Bar,No,Yes,Yes,Not Applicable,Yes,Yes,Yes,Yes,No,Not Available,"Government Post Graduate College, Hisar in 1981",Not Available,"Maharishi Dayanand University, Rohtak",1984,1984,Punjab and Haryana,No,No,Yes
Sushil Kumar Jain,Male,NA,Not Available,Not Available,1992-03-18T00:00:00Z,1995-10-30T00:00:00Z,No,No,Punjab and Haryana,Yes,Allahabad,1994-07-21T00:00:00Z,Not Applicable,NA,Not Applicable,NA,No,Not Applicable,Not Applicable,Not Applicable,No,NA,Service,Yes,No,Not Applicable,Yes,Not Applicable,Not Applicable,Not Applicable,Not Applicable,Not Applicable,Not Available,Not Available,Not Available,Not Available,Not Available,Not Applicable,Not Applicable,No,No,No
Swatanter Kumar,Male,1947-12-31T00:00:00Z,Not Available,Not Available,1994-11-10T00:00:00Z,2012-12-19T00:00:00Z,No,Yes,Delhi,Yes,Punjab and Haryana,1994-11-20T00:00:00Z,Delhi,2004-10-04T00:00:00Z,Not Applicable,NA,Yes,Bombay,Not Applicable,Not Applicable,Yes,2009-12-18T00:00:00Z,Bar,Yes,Yes,No,No,Yes,No,No,No,No,Not Available,Not Available,Arts,Not Available,Not Available,1971,Delhi,No,No,No
Tapen Sen,Male,1953-09-02T00:00:00Z,Jharkhand,Hazaribagh,2002-01-28T00:00:00Z,2015-09-02T00:00:00Z,No,No,Jharkhand,Yes,Punjab and Haryana,2004-12-02T00:00:00Z,Calcutta,2006-01-09T00:00:00Z,Not Applicable,NA,No,Not Applicable,Not Applicable,Not Applicable,No,NA,Bar,No,Yes,No,Not Applicable,Yes,No,No,Yes,No,"St.Xavier's School, Hazaribag","St.Columba's College, Hazaribag",Not Available,"Chotanagpur Law College, Ranchi",1979,1980,Bihar,No,No,No
Tej Pal Garg,Male,1936-01-14T00:00:00Z,Not Available,Not Available,1994-06-20T00:00:00Z,1998-01-14T00:00:00Z,No,No,Punjab and Haryana,Yes,Allahabad,1994-07-21T00:00:00Z,Not Applicable,NA,Not Applicable,NA,No,Not Applicable,Not Applicable,Not Applicable,No,NA,Service,Yes,No,Not Applicable,No,Not Applicable,Not Applicable,Not Applicable,Not Applicable,Not Applicable,Not Available,Not Available,Not Available,Not Available,Not Available,Not Applicable,Not Applicable,No,No,No
Tej Pratap Singh Mann,Male,1957-01-01T00:00:00Z,Not Available,Not Available,2006-03-22T00:00:00Z,2018-12-31T00:00:00Z,No,No,Punjab and Haryana,No,Not Applicable,NA,Not Applicable,NA,Not Applicable,NA,No,Not Applicable,Not Applicable,Not Applicable,No,NA,Bar,No,Yes,No,Not Applicable,No,No,No,No,No,Not Available,Not Available,Not Available,Not Available,Not Available,1979,Punjab and Haryana,No,No,Yes
Tejinder Singh Doabia,Male,1941-02-14T00:00:00Z,Not Available,Not Available,1994-02-14T00:00:00Z,2003-02-13T00:00:00Z,No,No,Punjab and Haryana,Yes,J & K and Ladakh,1997-12-11T00:00:00Z,Madhya Pradesh,1994-03-02T00:00:00Z,Not Applicable,NA,No,Not Applicable,Not Applicable,Not Applicable,No,NA,Bar,No,Yes,No,Not Applicable,No,No,No,No,No,Not Available,Not Available,Arts,Not Available,Not Available,1962,Punjab and Haryana,No,No,No
T.H.B. Chalapathi,Male,1938-06-01T00:00:00Z,Andhra Pradesh,"Razole, East Godavari District",1994-11-04T00:00:00Z,2000-05-31T00:00:00Z,No,No,Andhra Pradesh,Yes,Punjab and Haryana,1994-11-23T00:00:00Z,Not Applicable,NA,Not Applicable,NA,No,Not Applicable,Not Applicable,Not Applicable,No,NA,Service,Yes,Yes,No,No,No,No,No,No,Yes,Not Available,Madras Law College,Science,Madras Law College,1960,1961,Andhra Pradesh,No,No,No
Tirath Singh Thakur,Male,1952-01-04T00:00:00Z,Not Available,Not Available,1994-02-16T00:00:00Z,2017-01-03T00:00:00Z,No,No,J & K and Ladakh,Yes,Delhi,2004-07-01T00:00:00Z,Karnataka,2009-11-17T00:00:00Z,Not Applicable,NA,Yes,Punjab and Haryana,Not Applicable,Not Applicable,Yes,2015-12-03T00:00:00Z,Bar,No,Yes,Yes,Not Applicable,Yes,No,No,No,Yes,Not Available,Not Available,Science,Not Available,Not Available,1974,Jammu and Kashmir,No,No,No
Uma Nath Singh,Male,1954-01-15T00:00:00Z,Not Available,Not Available,2001-10-22T00:00:00Z,2016-01-14T00:00:00Z,No,No,Madhya Pradesh,Yes,Punjab and Haryana,2004-12-02T00:00:00Z,Allahabad,2009-06-30T00:00:00Z,Not Applicable,NA,Yes,Meghalaya,Not Applicable,Not Applicable,No,NA,Bar,No,Yes,No,Not Applicable,Yes,No,No,No,No,Not Available,"Ewing Christian College, Allahabad",Not Available,University of Allahabad,Not Available,1982,Delhi,No,Yes,No
Vijender Jain,Male,1946-08-02T00:00:00Z,Not Available,Not Available,1992-12-24T00:00:00Z,2008-08-01T00:00:00Z,No,No,Delhi,No,Not Applicable,NA,Not Applicable,NA,Not Applicable,NA,Yes,Punjab and Haryana,Not Applicable,Not Applicable,No,NA,Bar,No,Yes,Yes,Not Applicable,No,No,No,No,No,Not Available,Not Available,Not Available,Not Available,Not Available,Not Available,Delhi,No,No,No
Viney Mittal,Male,1948-08-12T00:00:00Z,Not Available,Not Available,2002-07-02T00:00:00Z,2007-04-10T00:00:00Z,No,No,Punjab and Haryana,Not Available,Not Available,NA,Not Available,NA,Not Available,NA,Not Available,Not Available,Not Available,Not Available,No,NA,Not Available,Not Available,Not Available,Not Available,Not Available,Not Available,Not Available,Not Available,Not Available,Not Available,Not Available,Not Available,Not Available,Not Available,Not Available,Not Available,Not Available,No,No,No
Vinod Kumar Bali,Male,1945-01-24T00:00:00Z,Not Available,Not Available,1991-03-15T00:00:00Z,2007-01-24T00:00:00Z,No,No,Punjab and Haryana,Yes,Rajasthan,2005-02-28T00:00:00Z,Not Applicable,NA,Not Applicable,NA,Yes,Kerala,Not Applicable,Not Applicable,No,NA,Bar,No,Yes,Yes,Not Applicable,No,No,No,No,No,Not Available,Not Available,Not Available,"Punjab University, Chandigarh",1967,Not Available,Punjab and Haryana,No,No,No
Vinod Sagar Aggarwal,Male,1940-08-20T00:00:00Z,Not Available,Not Available,1994-11-10T00:00:00Z,2001-06-02T00:00:00Z,No,No,Delhi,Yes,Punjab and Haryana,1994-11-30T00:00:00Z,Not Applicable,NA,Not Applicable,NA,No,Not Applicable,Not Applicable,Not Applicable,No,NA,Service,Yes,Yes,No,No,No,No,No,No,No,Not Available,Not Available,Arts,Not Available,Not Available,1962,Punjab and Haryana,No,No,No
Virender Singh,Male,1954-10-07T00:00:00Z,Not Available,Not Available,2002-07-02T00:00:00Z,2016-10-07T00:00:00Z,No,No,Punjab and Haryana,Yes,J & K and Ladakh,2007-04-19T00:00:00Z,Not Applicable,NA,Not Applicable,NA,Yes,Jharkhand,Not Applicable,Not Applicable,No,NA,Bar,No,Yes,No,Not Applicable,No,Yes,No,No,No,Not Available,"Government College, Rohtak",Not Available,"J.V.Jain College, Saharanpur",Not Available,1978,NA,No,No,No
V.K. Jhanji,Male,1944-03-22T00:00:00Z,Not Available,Not Available,1991-03-15T00:00:00Z,2006-03-22T00:00:00Z,No,No,Punjab and Haryana,Yes,J & K and Ladakh,2001-12-02T00:00:00Z,Himachal Pradesh,2005-10-19T00:00:00Z,Not Applicable,NA,No,Not Applicable,Not Applicable,Not Applicable,No,NA,Bar,No,Yes,No,Not Applicable,No,No,No,No,No,Not Available,Not Available,Not Available,Not Available,Not Available,1971,Punjab and Haryana,No,No,No
V.M. Jain,Male,1945-11-19T00:00:00Z,Not Available,Not Available,1999-02-08T00:00:00Z,2006-02-23T00:00:00Z,Yes,No,Punjab and Haryana,Yes,Himachal Pradesh,2005-02-27T00:00:00Z,Not Applicable,NA,Not Applicable,NA,No,Not Applicable,Not Applicable,Not Applicable,No,NA,Service,Yes,Yes,No,No,No,No,No,No,No,Not Available,Not Available,Not Available,Not Available,Not Available,1968,Punjab and Haryana,No,No,No
