Name of the Judge,Gender,Date of Birth,State of Birth,Place of Birth,Date of Appointment,Date of Retirement,If Died in Office,If resigned from office,Parent High Court,If transferred to any other High Court,"If yes, which High Court 1",Date of such transfer - 1,"If yes, which High Court 2",Date of such transfer – 2,"If yes, which High Court 3",Date of such transfer - 3,If appointed Chief Justice in another High Court,"If yes, which High Court – 1","If yes, which High Court – 2","If yes, which High Court – 3",If appointed to the Supreme Court,Date of appointment to the Supreme Court,Cadre,Experience in Subordinate Judiciary,Litigation Experience,If a Senior Advocate,Experience in High Court Administrative Post,If served as Counsel for Government/PSU/Statutory Body,If served as Advocate General,If empanelled by Banks,If empanelled by Private Companies,Chamber Details,Schooling Information,Graduation Institution,Graduation Specialization,Law Degree Institution,Law Degree Year,Bar Enrolment Year,State Bar Association where enrolled,Foreign Degree in Law,Post-Graduate in another subject,Post-Graduate in Law
Lekshmikutty,Female,NA,Not Available,Not Available,2000-07-12T00:00:00Z,NA,Not Available,Not Available,Kerala,Not Available,Not Available,NA,Not Available,NA,Not Available,NA,Not Available,Not Available,Not Available,Not Available,Not Available,NA,Not Available,Not Available,Not Available,Not Available,Not Available,Not Available,Not Available,Not Available,Not Available,Not Available,Not Available,Not Available,Not Available,Not Available,Not Available,Not Available,Not Available,Not Available,Not Available,Not Available
A. K. Basheer,Male,NA,Kerala,Ulyil (District: Kannur),2002-09-09T00:00:00Z,2011-06-30T00:00:00Z,No,No,Kerala,No,Not Applicable,NA,Not Applicable,NA,Not Applicable,NA,No,Not Applicable,Not Applicable,Not Applicable,No,NA,Bar,No,Yes,No,Not Applicable,No,No,No,No,Yes,Not Available,"Brennen College, Thalassery

",Science,"Sarada Vilas Law College, Mysore.",1974,1974,Kerala,No,No,No
Anant Badar,Male,1961-08-10T00:00:00Z,Maharashtra,Nagpur,2016-03-02T00:00:00Z,NA,Not Available,Not Available,Bombay,Yes,Kerala,2020-06-23T00:00:00Z,Not Available,NA,Not Available,NA,No,Not Applicable,Not Applicable,Not Applicable,No,NA,Service,Yes,Yes,No,Yes,Yes,No,No,No,Yes,Not Available,G.S. College of Commerce and Economics,Commerce,"University College of Law, Nagpur",1985,1985,Maharashtra and Goa,No,No,No
Abdul Shaffique,Male,1959-02-13T00:00:00Z,Kerala,Not Available,2011-11-08T00:00:00Z,2021-02-12T00:00:00Z,No,No,Kerala,No,Not Applicable,NA,Not Applicable,NA,Not Applicable,NA,No,Not Applicable,Not Applicable,Not Applicable,No,NA,Bar,No,Yes,No,Not Applicable,Yes,No,No,No,No,Not Available,Not Available,Science,"Government Law College, Ernakulam",1982,1983,Kerala,No,No,No
Aettupanku Babu,Male,1957-10-26T00:00:00Z,Kerala,Kanjirappally,2016-10-05T00:00:00Z,2019-10-25T00:00:00Z,No,No,Kerala,No,Not Applicable,NA,Not Applicable,NA,Not Applicable,NA,No,Not Applicable,Not Applicable,Not Applicable,No,NA,Service,Yes,Yes,No,No,No,No,No,No,No,St.Thomas High School,"S.B.College, Changanassery",Not Available,"Udupi Law college, Udupi",1981,1981,Kerala,No,No,No
Ala Kunnil Jayasankaran Nambiar,Male,1966-01-27T00:00:00Z,kerala,Not Available,2014-01-23T00:00:00Z,2028-01-26T00:00:00Z,No,No,Kerala,No,Not Applicable,NA,Not Applicable,NA,Not Applicable,NA,No,Not Applicable,Not Applicable,Not Applicable,No,NA,Bar,No,Yes,Yes,Not Applicable,No,No,No,No,No,"Lawrence School, Lovedale, Tamil Nadu,","Sacred Heart College, Thevara.",Science,"Government Law College, Ernakulam",1988,1990,Kerala,Yes,No,Yes
Alexander Thomas,Male,1961-09-04T00:00:00Z,Kerala,Not Available,2014-01-23T00:00:00Z,2023-09-03T00:00:00Z,No,No,Kerala,No,Not Applicable,NA,Not Applicable,NA,Not Applicable,NA,No,Not Applicable,Not Applicable,Not Applicable,No,NA,Bar,No,Yes,No,Not Applicable,Yes,No,No,No,No,Not Available,"University College, Trivandrum, Cochin University",Physics,"Delhi Law Faculty, University of Delhi",1988,1988,Kerala,Yes,No,No
Ambazhavelil Velayudhan Pillai Ramakrishna Pillai,Male,1953-11-25T00:00:00Z,Kerala,Not Available,2012-01-18T00:00:00Z,2015-11-24T00:00:00Z,No,No,Kerala,No,Not Applicable,NA,Not Applicable,NA,Not Applicable,NA,No,Not Applicable,Not Applicable,Not Applicable,No,NA,Service,Yes,Yes,No,Yes,Yes,No,No,No,No,Not Available,Not Available,Science,"Government Law College, Thiruvananthapuram",1977,1977,Kerala,No,No,Yes
Amit Rawal,Male,1963-09-21T00:00:00Z,Punjab,Chandigarh,2014-09-25T00:00:00Z,2025-09-20T00:00:00Z,No,No,Punjab and Haryana,Yes,Kerala,2019-11-12T00:00:00Z,Not Available,NA,Not Available,NA,No,Not Applicable,Not Applicable,Not Applicable,No,NA,Bar,No,Yes,Yes,Not Applicable,Yes,Yes,No,No,No,"the Government Senior Model School, Sector 16","DAV College, Chandigarh",Not Available,Law Department of Panjab University,1986,1986,Punjab and Haryana,No,No,No
Anil Narendran,Male,1967-05-05T00:00:00Z,Kerala,Not Available,2014-01-23T00:00:00Z,2029-05-04T00:00:00Z,No,No,Kerala,No,Not Applicable,NA,Not Applicable,NA,Not Applicable,NA,No,Not Applicable,Not Applicable,Not Applicable,No,NA,Bar,No,Yes,No,Not Applicable,No,No,No,No,No,Not Available,"Sacred Heart College, Thevara.",Science,"Law Academy Law College, Thiruvananthapuram.",1993,1993,Kerala,No,No,No
Annie John,Female,1957-11-16T00:00:00Z,Kerala,Vaikom,2017-11-30T00:00:00Z,2019-11-15T00:00:00Z,No,No,Kerala,No,Not Applicable,NA,Not Applicable,NA,Not Applicable,NA,No,Not Applicable,Not Applicable,Not Applicable,No,NA,Service,Yes,Yes,No,No,No,No,No,No,Yes,"St. Little Teresa's Convent School, Vaikom","Bharata Mata College, Thrikkakkara",Not Available,"Mahadeva Salgogar College of Law, Panaji, Goa.",1982,1982,Kerala,No,No,No
Antony Dominic,Male,1956-05-30T00:00:00Z,Kerala,Not Available,2007-01-30T00:00:00Z,2018-05-29T00:00:00Z,No,No,Kerala,No,Not Applicable,NA,Not Applicable,NA,Not Applicable,NA,No,Not Applicable,Not Applicable,Not Applicable,No,NA,Bar,No,Yes,No,Not Applicable,No,No,No,No,No,Not Available,Not Available,Arts,"S.D.M Law College, Mangalore.",1981,1981,Kerala,No,No,No
Anu Sivaraman,Female,1966-05-25T00:00:00Z,Kerala,Not Available,2015-04-10T00:00:00Z,2028-05-24T00:00:00Z,No,No,Kerala,No,Not Applicable,NA,Not Applicable,NA,Not Applicable,NA,No,Not Applicable,Not Applicable,Not Applicable,No,NA,Bar,No,Yes,No,Not Applicable,Yes,No,No,No,No,St.Teresa's Convent Girls High School,St. Teresa's College,English Literarture,"Government Law College, Ernakulam.",1991,1991,Kerala,No,No,No
Arijit Pasayat,Male,1944-05-10T00:00:00Z,Orissa,Not Available,1989-03-20T00:00:00Z,2009-05-10T00:00:00Z,No,No,Orissa,No,Not Applicable,NA,Not Applicable,NA,Not Applicable,NA,Yes,Kerala,Delhi,Not Available,Yes,2001-10-19T00:00:00Z,Bar,No,Yes,No,Not Applicable,No,No,No,No,No,Not Available,Not Available,Not Available,Not Available,1968,1968,Odisha,No,No,No
Arunachalam Lakshmanan,Male,1942-03-22T00:00:00Z,TamilNadu,Not Available,1990-06-14T00:00:00Z,2007-03-22T00:00:00Z,No,No,Madras,Yes,Kerala,1997-12-04T00:00:00Z,Not Available,NA,Not Available,NA,Yes,Rajasthan,Andhra Pradesh,Not Available,Yes,2002-12-20T00:00:00Z,Bar,No,Yes,No,Not Applicable,Yes,No,Yes,No,Yes,Not Available,Not Available,Arts,Maas Law College,1966,1968,Tamilnadu and Puducherry,No,No,No
Arvind Vinayakarao Savant,Male,1938-09-17T00:00:00Z,Maharashtra,Not Available,1990-07-30T00:00:00Z,2000-09-17T00:00:00Z,No,No,Bombay,Yes,Not Available,NA,Not Available,NA,Not Available,NA,Yes,Kerala,Not Available,Not Available,No,NA,Bar,No,Yes,No,Not Applicable,Yes,Yes,No,No,No,Not Available,Not Available,Commerce,Not Available,1959,1960,Kerala,No,No,Yes
Ashok Bhushan,Male,1956-07-05T00:00:00Z,Uttar Pradesh,Jaunpur,2001-04-24T00:00:00Z,2021-07-04T00:00:00Z,No,No,Allahabad,Yes,Kerala,2014-07-10T00:00:00Z,Not Available,NA,Not Available,NA,Yes,Kerala,Not Available,Not Available,Yes,2016-05-13T00:00:00Z,Bar,No,Yes,No,Not Applicable,Yes,No,No,No,No,Not Available,Not Available,Arts,Allahabad University,1979,1979,Uttar Pradesh,No,No,No
Ashok Menon,Male,1959-08-15T00:00:00Z,Kerala,Thrissur,2017-11-30T00:00:00Z,2021-08-14T00:00:00Z,No,No,Kerala,No,Not Applicable,NA,Not Applicable,NA,Not Applicable,NA,No,Not Applicable,Not Applicable,Not Applicable,No,NA,Service,Yes,Yes,No,Yes,No,No,No,No,No,Kendriya Vidyalaya,"St. Thomas College, Thrissur",Not Available,"Government Law College, Kozhikode",1981,1981,Kerala,No,No,No
Athrassery Hariprasad,Male,1959-05-19T00:00:00Z,Kerala,"Peruvamba, Palakkad",2013-01-28T00:00:00Z,2021-05-18T00:00:00Z,No,No,Kerala,No,Not Applicable,NA,Not Applicable,NA,Not Applicable,NA,No,Not Applicable,Not Applicable,Not Applicable,No,NA,Service,Yes,Yes,No,Yes,No,No,No,No,No,Not Available,"Government Victoria College, Palakkad",Science,"Government Law College, Kozhikode",1982,1983,Kerala,No,No,No
Ayumantakath Mustaque,Male,1967-06-01T00:00:00Z,kerala,Kannur,2014-01-23T00:00:00Z,2029-05-31T00:00:00Z,No,No,Kerala,No,Not Applicable,NA,Not Applicable,NA,Not Applicable,NA,No,Not Applicable,Not Applicable,Not Applicable,No,NA,Bar,No,Yes,No,Not Applicable,Yes,No,No,No,No,Not Available,Not Available,Not Available,"V.B College of Law, Udupi.",1989,1989,Kerala,Yes,No,Yes
Ayyampalayam Venkatachala Moorthy,Male,1943-01-08T00:00:00Z,TamilNadu,Not Available,1994-10-17T00:00:00Z,2005-01-08T00:00:00Z,No,No,Madras,Yes,Bombay,1994-11-30T00:00:00Z,Kerala,1997-10-31T00:00:00Z,Madras,1999-12-13T00:00:00Z,Yes,Chhattisgarh,Not Available,Not Available,No,NA,Bar,No,Yes,No,Not Applicable,Yes,No,No,No,No,Not Available,Not Available,Not Available,Not Available,1964,1964,Tamilnadu and Puducherry,No,No,Yes
Subhashan Reddy,Male,1943-03-02T00:00:00Z,Andhra Pradesh,Bagh Amberpet in Hyderabad Urban Taluk,1991-11-25T00:00:00Z,2005-03-02T00:00:00Z,No,No,Andhra Pradesh,No,Not Applicable,NA,Not Applicable,NA,Not Applicable,NA,Yes,Madras,Kerala,Not Available,No,NA,Bar,No,Yes,No,Not Applicable,No,No,No,No,No,"Chadarghat High Schools in Hyderabad,",New Science College,Science,"University College of Law, Osmania University.",1965,1966,Andhra Pradesh,No,No,No
B. M. Thulasidas,Male,NA,Not Available,Not Available,NA,NA,Not Available,Not Available,Kerala,Not Available,Not Available,NA,Not Available,NA,Not Available,NA,Not Available,Not Available,Not Available,Not Available,No,NA,Not Available,Not Available,Not Available,Not Available,Not Available,Not Available,Not Available,Not Available,Not Available,Not Available,Not Available,Not Available,Not Available,Not Available,Not Available,Not Available,Not Available,Not Available,Not Available,Not Available
Babu Mathew Joseph,Male,1954-07-29T00:00:00Z,Kerala,Island of Bolghatty,2012-01-18T00:00:00Z,2016-07-28T00:00:00Z,No,No,Kerala,No,Not Applicable,NA,Not Applicable,NA,Not Applicable,NA,No,Not Applicable,Not Applicable,Not Applicable,No,NA,Service,Yes,Yes,No,No,Yes,No,No,No,No,Not Available,Not Available,Arts,Government Law College,1979,1979,Kerala,No,No,No
Bathisha Pasha,Male,1956-05-25T00:00:00Z,Kerala,Anchal Village in Kollam distric,2013-01-28T00:00:00Z,2018-05-24T00:00:00Z,No,No,Kerala,No,Not Applicable,NA,Not Applicable,NA,Not Applicable,NA,No,Not Applicable,Not Applicable,Not Applicable,No,NA,Service,Yes,Yes,No,Yes,Yes,No,No,No,No,Govt. High School Anchal,St.John's College Anchal,Science,"Govt. Law College, Thiruvanathapuram",1979,1979,Kerala,No,No,Yes
Bechu Kurian Thomas,Male,1968-12-05T00:00:00Z,Kerala,Kottayam,2020-03-06T00:00:00Z,2030-12-04T00:00:00Z,No,No,Kerala,No,Not Applicable,NA,Not Applicable,NA,Not Applicable,NA,No,Not Applicable,Not Applicable,Not Applicable,No,NA,Bar,No,Yes,Yes,Not Applicable,Yes,No,No,No,Yes,Not Available,Not Available,Not Available,"Government Law College, Ernakulam",1992,1992,Kerala,Yes,No,Yes
Srikrishna Narayanaswami Bellur,Male,1941-05-21T00:00:00Z,Karnataka,Bengaluru,1990-07-30T00:00:00Z,2006-05-21T00:00:00Z,No,No,Bombay,No,Not Applicable,NA,Not Applicable,NA,Not Applicable,NA,Yes,Kerala,Not Available,Not Available,Yes,2002-10-03T00:00:00Z,Bar,No,Yes,Yes,Not Applicable,Yes,No,No,Yes,No,Not Available,"Elphinstone College, University of Bombay",BSc Science,"Government Law College, Mumbai",1962,1962,Maharashtra and Goa,No,Yes,Yes
Bhabani Ray,Male,1955-03-02T00:00:00Z,Orissa,Jagatsinghpur district,2007-11-07T00:00:00Z,2017-03-01T00:00:00Z,Yes,No,Orissa,Yes,Kerala,2010-10-28T00:00:00Z,Not Available,NA,Not Available,NA,No,Not Applicable,Not Applicable,Not Applicable,No,NA,Bar,No,Yes,No,Not Applicable,Yes,No,No,No,No,"Queen of the Missions High School, Berhampur","Kenapara College, Kenapara",Arts,"Utkal University Law College, Bhubaneswar",1978,1979,Odisha,No,No,No
Bhaskaran Pillai Sudheendra Kumar,Male,1959-05-31T00:00:00Z,Kerala,Not Available,2015-04-10T00:00:00Z,2021-05-30T00:00:00Z,No,No,Kerala,No,Not Applicable,NA,Not Applicable,NA,Not Applicable,NA,No,Not Applicable,Not Applicable,Not Applicable,No,NA,Service,Yes,Yes,No,No,No,No,No,No,No,Not Available,Not Available,Not Available,"Maharaja's Government Law College, Ernakulam.",Not Available,1989,Kerala,No,Yes,No
Bijay Narayan Patnaik,Male,1936-07-23T00:00:00Z,Orissa,Berhampur (Ganjam),1994-06-30T00:00:00Z,1998-07-22T00:00:00Z,No,No,Orissa,Yes,Kerala,1994-07-26T00:00:00Z,Not Available,NA,Not Available,NA,No,Not Applicable,Not Applicable,Not Applicable,No,NA,Service,Yes,Yes,No,Yes,No,No,No,No,No,Not Available,"Ravenshaw College, Cuttack",Not Available,"M.S. Law College, Cuttack under Utkal University",1957,1958,Odisha,No,No,Yes
C. S. Rajan,Male,NA,Not Available,Not Available,NA,NA,Not Available,Not Available,Kerala,Not Available,Not Available,NA,Not Available,NA,Not Available,NA,Not Available,Not Available,Not Available,Not Available,No,NA,Not Available,Not Available,Not Available,Not Available,Not Available,Not Available,Not Available,Not Available,Not Available,Not Available,Not Available,Not Available,Not Available,Not Available,Not Available,Not Available,Not Available,Not Available,Not Available,Not Available
Chamethu Narayana Pillai Ramachandran Nair,Male,1950-10-01T00:00:00Z,Not Available,Not Available,2001-09-07T00:00:00Z,2012-09-30T00:00:00Z,No,No,Kerala,No,Not Applicable,NA,Not Applicable,NA,Not Applicable,NA,No,Not Applicable,Not Applicable,Not Applicable,No,NA,Bar,No,Yes,No,Not Applicable,No,No,No,No,No,Not Available,Not Available,Not Available,Not Available,Not Available,Not Available,Kerala,Not Available,Not Available,Not Available
Chandra Villa Koyan Alipilla Abdul Rehim,Male,1958-05-02T00:00:00Z,Kerala,Not Available,2009-01-05T00:00:00Z,2020-05-01T00:00:00Z,No,No,Kerala,No,Not Applicable,NA,Not Applicable,NA,Not Applicable,NA,No,Not Applicable,Not Applicable,Not Applicable,No,NA,Bar,No,Yes,No,Not Applicable,Yes,No,No,No,No,Not Available,Not Available,Science,"Government Law College, Ernakulam.",1983,1983,Kerala,No,No,No
Chudalayil Thevan Ravikumar,Male,1960-01-06T00:00:00Z,Kerala,Not Available,2009-01-05T00:00:00Z,2022-01-05T00:00:00Z,No,No,Kerala,No,Not Applicable,NA,Not Applicable,NA,Not Applicable,NA,No,Not Applicable,Not Applicable,Not Applicable,No,NA,Bar,No,Yes,No,Not Applicable,Yes,No,No,No,No,Not Available,Not Available,Not Available,"Govt Law College, Kozhikode",1986,1986,Kerala,No,No,No
Conrad Stansilaus Dias,Male,1969-11-19T00:00:00Z,Kerala,Ernakulam,2019-11-18T00:00:00Z,2031-11-18T00:00:00Z,No,No,Kerala,No,Not Applicable,NA,Not Applicable,NA,Not Applicable,NA,No,Not Applicable,Not Applicable,Not Applicable,No,NA,Bar,No,Yes,No,Not Applicable,Yes,No,No,Yes,No,"Keniya Vidyalaya, Ernakulam",Not Available,Arts,"Government Law College, Thiruvananthapuram",1992,1992,Kerala,No,No,No
Cyriac Joseph,Male,1947-01-28T00:00:00Z,Kerala,Kaipuzha in Kottayam District,1994-07-06T00:00:00Z,2012-01-27T00:00:00Z,No,No,Kerala,Yes,Delhi,1994-08-05T00:00:00Z,Kerala,2001-09-24T00:00:00Z,Not Available,NA,Yes,Uttarakhand,Karnataka,Not Available,Yes,2008-07-07T00:00:00Z,Bar,No,Yes,No,Not Applicable,Yes,No,No,No,No,St.George's High School Kaipuzha,"St. Berchmans College, Changanacherry",Science,"Law College, Trivanum",1968,1968,Kerala,Yes,Yes,No
D. J. Jagannadha Raju,Male,NA,Andhra Pradesh,Vizianagaram,NA,NA,Not Available,Not Available,Andhra Pradesh,Yes,Kerala,1989-10-02T00:00:00Z,Andhra Pradesh,NA,Not Available,NA,No,Not Applicable,Not Applicable,Not Applicable,No,NA,Not Available,Not Available,Not Available,Not Available,Not Available,Not Available,Not Available,Not Available,Not Available,Not Available,Not Available,"Loyola College, Chennai",Not Available,Andhra University,Not Available,Not Available,Andhra Pradesh,Not Available,Not Available,Not Available
Dama Seshadri Naidu,Male,1962-06-19T00:00:00Z,Andhra Pradesh,"Ganganagunta, Chittoor",2013-09-21T00:00:00Z,2024-06-17T00:00:00Z,No,No,Andhra Pradesh,Yes,Kerala,2014-06-30T00:00:00Z,Bombay,2019-03-20T00:00:00Z,Not Available,NA,No,Not Applicable,Not Applicable,Not Applicable,No,NA,Bar,No,Yes,No,Not Applicable,No,No,Yes,Yes,No,Not Available,"Andhra University, Vishakapatnam",Not Available,"Sri Venkateswara University, Tirupathi",1997,1997,Andhra Pradesh,No,No,No
Damodaran Sreedevi,Female,1939-04-28T00:00:00Z,Kerala,Chirayankeezhu in Thiruvananthapuram District,1997-01-14T00:00:00Z,2001-04-28T00:00:00Z,No,No,Kerala,No,Not Applicable,NA,Not Applicable,NA,Not Applicable,NA,No,Not Applicable,Not Applicable,Not Applicable,No,NA,Service,Yes,Yes,No,No,No,No,No,No,No,Not Available,"NSS College, Thiruvananthapuram",Not Available,"Sree Narayana College, Kollam",1962,1962,Kerala,No,No,No
Devan Ramachandran,Male,1968-03-19T00:00:00Z,Kerala,Ernakulam,2016-10-05T00:00:00Z,2030-03-18T00:00:00Z,No,No,Kerala,No,Not Applicable,NA,Not Applicable,NA,Not Applicable,NA,No,Not Applicable,Not Applicable,Not Applicable,No,NA,Bar,No,Yes,Yes,Not Applicable,Yes,No,Yes,Yes,Yes,"Bhavan's Vidya Mandir, Elamakkara","S.H. College, Thevara",Arts,"Maharaja's Government Law College, Ernakulam.",1991,1991,Kerala,No,No,No
G. Rajasekharan,Male,NA,Not Available,Not Available,NA,NA,Not Available,Not Available,Kerala,Not Available,Not Available,NA,Not Available,NA,Not Available,NA,Not Available,Not Available,Not Available,Not Available,No,NA,Not Available,Not Available,Not Available,Not Available,Not Available,Not Available,Not Available,Not Available,Not Available,Not Available,Not Available,Not Available,Not Available,Not Available,Not Available,Not Available,Not Available,Not Available,Not Available,Not Available
G. Sasidharan,Male,NA,Not Available,Not Available,NA,NA,Not Available,Not Available,Kerala,Not Available,Not Available,NA,Not Available,NA,Not Available,NA,Not Available,Not Available,Not Available,Not Available,No,NA,Not Available,Not Available,Not Available,Not Available,Not Available,Not Available,Not Available,Not Available,Not Available,Not Available,Not Available,Not Available,Not Available,Not Available,Not Available,Not Available,Not Available,Not Available,Not Available,Not Available
G. Sivarajan,Male,1942-09-23T00:00:00Z,Kerala,Not Available,1996-01-17T00:00:00Z,2004-09-23T00:00:00Z,No,No,Kerala,No,Not Applicable,NA,Not Applicable,NA,Not Applicable,NA,No,Not Applicable,Not Applicable,Not Applicable,No,NA,Bar,No,Yes,No,Not Applicable,Yes,No,No,No,No,Not Available,Not Available,Not Available,Not Available,Not Available,1976,Kerala,Not Available,Not Available,No
G. H. Guttal,Male,1932-08-24T00:00:00Z,Maharashtra,Not Available,1986-11-21T00:00:00Z,1994-08-24T00:00:00Z,No,No,Bombay,Yes,Kerala,NA,Not Available,NA,Not Available,NA,No,Not Applicable,Not Applicable,Not Applicable,No,NA,Service,Yes,Yes,No,No,Yes,No,No,No,No,Not Available,Not Available,Not Available,Not Available,Not Available,1983,Not Available,No,No,No
Gopinath Puzhankara,Male,1972-11-13T00:00:00Z,Kerala,Not Available,2020-03-06T00:00:00Z,2034-11-12T00:00:00Z,No,No,Kerala,No,Not Applicable,NA,Not Applicable,NA,Not Applicable,NA,No,Not Applicable,Not Applicable,Not Applicable,No,NA,Bar,No,Yes,Yes,Not Applicable,Yes,No,No,No,Yes,Not Available,Not Available,Not Available,Government Law College Ernakulam,1995,1996,Kerala,Yes,No,Yes
Handyala Dattu,Male,1950-12-03T00:00:00Z,Karnataka,"Chikkapattanagere, Mysore",1995-12-18T00:00:00Z,2015-12-02T00:00:00Z,No,No,Karnataka,No,Not Applicable,NA,Not Applicable,NA,Not Applicable,NA,Yes,Chhattisgarh,Kerala,Not Available,Yes,2008-12-17T00:00:00Z,Bar,No,Yes,No,Not Applicable,Yes,No,No,No,No,Kadur; Tarikere; Birur,Not Available,Not Available,Bangalore,1975,1975,Karnataka,No,No,No
Harun-Ul-Rashid,Male,1952-10-05T00:00:00Z,Kerala,Not Available,2007-08-01T00:00:00Z,2014-10-05T00:00:00Z,No,No,Kerala,No,Not Applicable,NA,Not Applicable,NA,Not Applicable,NA,No,Not Applicable,Not Applicable,Not Applicable,No,NA,Bar,No,Yes,No,Not Applicable,Yes,Yes,No,No,No,Not Available,Not Available,Arts,"Government Law College, Thiruvananthapuram",1978,1979,Kerala,No,No,No
Hrishikesh Roy,Male,1960-02-01T00:00:00Z,Assam,Not Available,2006-10-12T00:00:00Z,2022-05-31T00:00:00Z,No,No,Gauhati,Yes,Kerala,2018-05-29T00:00:00Z,Not Available,NA,Not Available,NA,Yes,Kerala,Not Available,Not Available,Yes,2019-09-23T00:00:00Z,Bar,No,Yes,Yes,Not Applicable,Yes,No,No,No,No,Not Available,Not Available,Not Available,"Campus Law Centre, University of Delhi",1982,1982,Delhi;  Assam,No,No,No
J. M. James,Male,NA,Not Available,Not Available,NA,NA,Not Available,Not Available,Kerala,No,Not Applicable,NA,Not Applicable,NA,Not Applicable,NA,No,Not Applicable,Not Applicable,Not Applicable,No,NA,Service,Yes,Yes,No,No,No,No,No,No,No,Not Available,Not Available,Political Science,Not Available,Not Available,Not Available,Not Available,Not Available,Not Available,Not Available
Jacob Benjamin Koshy,Male,1947-05-13T00:00:00Z,Kerala,Not Available,1996-01-17T00:00:00Z,2009-05-12T00:00:00Z,No,No,Kerala,No,Not Applicable,NA,Not Applicable,NA,Not Applicable,NA,Yes,Patna,Not Available,Not Available,No,NA,Bar,No,Yes,No,Not Applicable,Yes,No,No,Yes,No,"Metropolitan High School, Puthencavu, Alappuzha","Mar Ivanois College, Thiruvananthapuram",Science,Not Available,1968,1968,Kerala,No,No,Yes
Jasti Chelameswar,Male,1953-06-23T00:00:00Z,Andhra Pradesh,"Peddamuttevi, Krishna",1997-06-23T00:00:00Z,2018-06-22T00:00:00Z,No,No,Andhra Pradesh,No,Not Applicable,NA,Not Applicable,NA,Not Applicable,NA,Yes,Gauhati,Kerala,Not Available,Yes,2011-10-10T00:00:00Z,Bar,No,Yes,Yes,Not Applicable,Yes,No,No,No,Yes,"Hindu High School, Machilipatnam, Krishna","Loyola College, Madras",Physics,"Andhra University, Vishakapatnam",1976,1976,Andhra Pradesh,No,No,No
Jawahar Lal Gupta,Male,NA,Punjab,Not Available,1991-03-15T00:00:00Z,2004-01-22T00:00:00Z,No,No,Punjab and Haryana,Yes,Kerala,2002-11-01T00:00:00Z,Not Available,NA,Not Available,NA,Yes,Kerala,Not Available,Not Available,No,NA,Bar,No,Yes,Yes,Not Applicable,No,No,No,No,No,Not Available,Not Available,Not Available,Not Available,1962,1963,Punjab and Haryana,No,No,No
K. Thankappan,Male,NA,Not Available,Not Available,NA,NA,Not Available,Not Available,Kerala,Not Available,Not Available,NA,Not Available,NA,Not Available,NA,Not Available,Not Available,Not Available,Not Available,No,NA,Not Available,Not Available,Not Available,Not Available,Not Available,Not Available,Not Available,Not Available,Not Available,Not Available,Not Available,Not Available,Not Available,Not Available,Not Available,Not Available,Not Available,Not Available,Not Available,Not Available
K. Hema,Female,1951-03-23T00:00:00Z,Kerala,Not Available,2004-10-14T00:00:00Z,2013-03-23T00:00:00Z,No,No,Kerala,No,Not Applicable,NA,Not Applicable,NA,Not Applicable,NA,No,Not Applicable,Not Applicable,Not Applicable,No,NA,Service,Yes,Yes,No,No,No,No,No,No,No,Not Available,Not Available,Science,Not Available,1975,1975,Kerala,No,No,No
K. John Mathew,Male,NA,Not Available,Not Available,NA,NA,Not Available,Not Available,Kerala,Not Available,Not Available,NA,Not Available,NA,Not Available,NA,Not Available,Not Available,Not Available,Not Available,No,NA,Not Available,Not Available,Not Available,Not Available,Not Available,Not Available,Not Available,Not Available,Not Available,Not Available,Not Available,Not Available,Not Available,"Government Law College, Ernakulam",Not Available,Not Available,Not Available,Not Available,Not Available,Not Available
K. Narayana Kurup,Male,1939-12-13T00:00:00Z,Kerala,Not Available,NA,NA,Not Available,Not Available,Kerala,Not Available,Not Available,NA,Not Available,NA,Not Available,NA,Not Available,Not Available,Not Available,Not Available,No,NA,Not Available,Not Available,Not Available,Not Available,Not Available,Not Available,Not Available,Not Available,Not Available,Not Available,Not Available,Not Available,Chemistry,Not Available,Not Available,Not Available,Not Available,No,No,Not Available
Kalamandalam Padmanabhan Nair,Male,NA,Not Available,Not Available,2001-09-07T00:00:00Z,NA,Not Available,Not Available,Kerala,Not Available,Not Available,NA,Not Available,NA,Not Available,NA,Not Available,Not Available,Not Available,Not Available,No,NA,Service,Yes,Not Available,Not Available,No,No,No,No,No,No,Not Available,Not Available,Not Available,Not Available,Not Available,Not Available,Not Available,Not Available,Not Available,Not Available
K.A. Abdul Gafoor,Male,1945-02-24T00:00:00Z,Kerala,Not Available,1996-01-17T00:00:00Z,2007-02-24T00:00:00Z,No,No,Kerala,No,Not Applicable,NA,Not Applicable,NA,Not Applicable,NA,No,Not Applicable,Not Applicable,Not Applicable,No,NA,Bar,No,Yes,No,Not Applicable,Yes,No,No,No,No,Not Available,Not Available,Not Available,Not Available,Not Available,1970,Kerala,Not Available,Not Available,No
K. A. Mohamed Shafi,Male,NA,Not Available,Not Available,NA,NA,No,Not Available,Kerala,Not Available,Not Available,NA,Not Available,NA,Not Available,NA,Not Available,Not Available,Not Available,Not Available,No,NA,Not Available,Not Available,Not Available,Not Available,Not Available,Not Available,Not Available,Not Available,Not Available,Not Available,Not Available,Not Available,Not Available,Not Available,Not Available,Not Available,Not Available,Not Available,Not Available,Not Available
Kurian Joseph,Male,NA,Not Available,Not Available,NA,NA,Not Available,Not Available,Kerala,Not Available,Not Available,NA,Not Available,NA,Not Available,NA,Not Available,Not Available,Not Available,Not Available,No,NA,Not Available,Not Available,Not Available,Not Available,Not Available,Not Available,Not Available,Not Available,Not Available,Not Available,Not Available,Not Available,Not Available,Not Available,Not Available,Not Available,Not Available,Not Available,Not Available,Not Available
K. K. Denesan,Male,1945-04-26T00:00:00Z,Kerala,Ernakulam,2001-09-07T00:00:00Z,2007-04-25T00:00:00Z,No,No,Kerala,No,Not Applicable,NA,Not Applicable,NA,Not Applicable,NA,No,Not Applicable,Not Applicable,Not Applicable,No,NA,Bar,No,Yes,No,Not Applicable,Yes,No,No,No,No,St. Albert's High School. Ernakulam,Nirmala College,Not Available,"Maharajas College ,Ernakulam",1973,1974,Kerala,Not Available,Not Available,No
K. K. Usha,Female,1939-07-03T00:00:00Z,Not Available,Not Available,NA,NA,No,No,Kerala,Not Available,Not Available,NA,Not Available,NA,Not Available,NA,Not Available,Not Available,Not Available,Not Available,No,NA,Service,Yes,No,Not Available,Not Available,No,No,No,No,No,Not Available,Not Available,Not Available,Not Available,1961,Not Available,Not Available,No,No,No
K. P. Balachandran,Male,1947-06-01T00:00:00Z,Kerala,Haripad,2004-10-28T00:00:00Z,2009-06-01T00:00:00Z,No,No,Kerala,No,Not Applicable,NA,Not Applicable,NA,Not Applicable,NA,No,Not Applicable,Not Applicable,Not Applicable,No,NA,Service,Yes,Yes,No,No,No,No,No,No,No,Not Available,Not Available,Arts,Not Available,1968,Not Available,Not Available,No,No,No
Balanarayana Marar,Male,NA,Not Available,Not Available,NA,NA,Not Available,Not Available,Kerala,Not Available,Not Available,NA,Not Available,NA,Not Available,NA,Not Available,Not Available,Not Available,Not Available,No,NA,Not Available,Not Available,Not Available,Not Available,Not Available,Not Available,Not Available,Not Available,Not Available,Not Available,Not Available,Not Available,Not Available,Not Available,Not Available,Not Available,Not Available,Not Available,Not Available,Not Available
K. R. Udayabhanu,Male,NA,Kerala,Thrissur,NA,NA,No,No,Kerala,Not Available,Not Available,NA,Not Available,NA,Not Available,NA,Not Available,Not Available,Not Available,Not Available,No,NA,Not Available,Not Available,Not Available,Not Available,Not Available,Not Available,Not Available,Not Available,Not Available,Not Available,"Govt Boys High School, Iranjalakuda","Sree keralavarma College,Thrissur",Not Available,Not Available,Not Available,Not Available,Not Available,Not Available,Not Available,Not Available
K. V. Sankaranarayanan,Male,NA,Not Available,Not Available,NA,NA,Not Available,Not Available,Kerala,Not Available,Not Available,NA,Not Available,NA,Not Available,NA,Not Available,Not Available,Not Available,Not Available,No,NA,Not Available,Not Available,Not Available,Not Available,Not Available,Not Available,Not Available,Not Available,Not Available,Not Available,Not Available,Not Available,Not Available,Not Available,Not Available,Not Available,Not Available,Not Available,Not Available,Not Available
Kalavamkodath Sivasankara Panicker Radhakrishnan,Male,1949-05-15T00:00:00Z,Kerala,Ernakulam,1995-05-17T00:00:00Z,2014-05-14T00:00:00Z,No,No,Kerala,No,Not Applicable,NA,Not Applicable,NA,Not Applicable,NA,Yes,J & K and Ladakh,Gujarat,Not Available,Yes,2009-11-17T00:00:00Z,Bar,No,Yes,No,Not Applicable,Yes,No,Yes,No,No,Not Available,BSc,Not Available,Not Available,Not Available,1973,Not Available,No,No,Yes
Kallanmar Thodiyil Sankaran,Male,1954-12-25T00:00:00Z,Kerala,Thalakkasseri near Pattambi in Palakkad District.,2005-02-02T00:00:00Z,2016-12-24T00:00:00Z,No,No,Kerala,No,Not Applicable,NA,Not Applicable,NA,Not Applicable,NA,No,Not Applicable,Not Applicable,Not Applicable,No,NA,Bar,No,Yes,No,Not Applicable,No,No,No,No,No,"Government High School, Kumaranellur","Sree Krishna College, Guruvayoor,",Science,Saraswathy Law College,1973,1979,Kerala,No,No,No
Kallupurackal Thomas,Male,1937-01-30T00:00:00Z,Kerala,Kottayam,1985-08-12T00:00:00Z,2002-01-30T00:00:00Z,No,No,Kerala,No,Not Applicable,NA,Not Applicable,NA,Not Applicable,NA,No,Not Applicable,Not Applicable,Not Applicable,Yes,1996-03-29T00:00:00Z,Service,Yes,Yes,No,No,No,No,No,Yes,Yes,Baker Memorial School,"St. Albert's College, Ernakulam",Arts,Maas Law College,1960,1960,Kerala,No,No,No
Kandathil Mathew,Male,1957-01-18T00:00:00Z,Kerala,Chempu(Vaikom) in Kottayam,2014-01-01T00:00:00Z,2019-01-17T00:00:00Z,No,No,Kerala,No,Not Applicable,NA,Not Applicable,NA,Not Applicable,NA,No,Not Applicable,Not Applicable,Not Applicable,No,NA,Service,Yes,Yes,No,No,No,No,No,No,No,Not Available,Not Available,Science,"Law College, Thane(University of Bombay).
",1982,1982,Kerala,No,No,No
Karunakaran Babu,Male,1964-05-08T00:00:00Z,Kerala,"Thevannoor, Ayoor in Kollam District",2021-02-25T00:00:00Z,NA,No,No,Kerala,No,Not Applicable,NA,Not Applicable,NA,Not Applicable,NA,No,Not Applicable,Not Applicable,Not Applicable,No,NA,Service,Yes,Yes,No,No,No,No,No,No,No,"Government High School, Thevannoor.","University of Kerala,",Economics,"Govt. Law College, Thiruvananthapuram",Not Available,1994,Kerala,No,Yes,Yes
Karunakaran Haripal,Male,1960-05-09T00:00:00Z,Kerala,Paipad,2020-05-25T00:00:00Z,NA,No,No,Kerala,No,Not Applicable,NA,Not Applicable,NA,Not Applicable,NA,No,Not Applicable,Not Applicable,Not Applicable,No,NA,Service,Yes,No,Not Applicable,Yes,Not Applicable,Not Applicable,Not Applicable,Not Applicable,Not Applicable,"N.S.S. High School, Kunnamthanam","Mar Thoma College, Thiruvalla",Economics,"Government Law College, Ernakulam",Not Available,Not Available,Not Available,No,No,No
Kauser Edappagath,Male,1968-05-25T00:00:00Z,Kerala,Kannur,2021-02-25T00:00:00Z,NA,No,No,Kerala,No,Not Applicable,NA,Not Applicable,NA,Not Applicable,NA,No,Not Applicable,Not Applicable,Not Applicable,No,NA,Service,Yes,Yes,No,No,No,No,No,No,Yes,"Government City High School, Kannur","Sir Syed College, Taliparamba",Not Available,"Government Law College, Calicut",1990,1991,Kerala,No,No,Yes
Keloth Jyothindranath,Male,1956-11-01T00:00:00Z,Kerala,Kuthuparamba in Kannur District,2015-04-10T00:00:00Z,2018-10-31T00:00:00Z,No,No,Kerala,No,Not Applicable,NA,Not Applicable,NA,Not Applicable,NA,No,Not Applicable,Not Applicable,Not Applicable,No,NA,Service,Yes,Yes,No,No,No,No,No,No,No,Kuttaparamba High School,"Nirmala Giri College, Kuthuparamba",Science,"S.V. Law College, Mysore.",1986,1986,Kerala,No,No,No
Kesavan Nair Balakrishnan Nair,Male,1948-04-12T00:00:00Z,Kerala,Not Available,2001-09-07T00:00:00Z,2010-04-11T00:00:00Z,No,No,Kerala,No,Not Applicable,NA,Not Applicable,NA,Not Applicable,NA,No,Not Applicable,Not Applicable,Not Applicable,No,NA,Bar,No,Yes,No,Not Applicable,Yes,No,Yes,No,Yes,"St. Thomas High School, Keezhillam","Nirmala College, Muvattupuzha",Science,"Law Academy Law College, Thiruvananthapuram",1975,1975,Kerala,No,No,No
Konakuppakattil Balakrishnan,Male,1945-05-12T00:00:00Z,Kerala,Not Available,1985-09-26T00:00:00Z,2010-05-11T00:00:00Z,No,No,Kerala,Yes,Gujarat,1997-11-24T00:00:00Z,Not Available,NA,Not Available,NA,Yes,Gujarat,Madras,Not Available,Yes,2000-06-08T00:00:00Z,Bar,Yes,Yes,No,No,No,No,No,No,No,"Government High School, Vaikom","Maharaja's College, Ernakulam,",Science,"Government Law College, Ernakulam",1967,1968,Kerala,No,No,Yes
Krishnaiyer Ramakrishnan,Male,1955-10-09T00:00:00Z,Kerala,Tellicherry,2013-01-28T00:00:00Z,2017-10-08T00:00:00Z,No,No,Kerala,No,Not Applicable,NA,Not Applicable,NA,Not Applicable,NA,No,Not Applicable,Not Applicable,Not Applicable,No,NA,Service,Yes,Yes,No,No,Yes,No,No,No,Yes,Not Available,"A.M.Jain College, Meenambakkom, Chennai",Science,Government Law College Calicut,1979,1979,Kerala,No,No,No
Krishnan Chandran,Male,1963-04-25T00:00:00Z,Kerala,Not Available,2011-11-08T00:00:00Z,2025-04-24T00:00:00Z,No,No,Kerala,No,Not Applicable,NA,Not Applicable,NA,Not Applicable,NA,No,Not Applicable,Not Applicable,Not Applicable,No,NA,Bar,No,Yes,No,Not Applicable,Yes,No,No,No,No,Not Available,Kerala Law Academy,Science,"Kerala Law Academy College, Thiruvananthapuram",1991,1991,Kerala,No,No,No
Krishnaswami Sundara Paripoornan,Male,1932-06-12T00:00:00Z,Kerala,Not Available,1982-12-23T00:00:00Z,1997-06-11T00:00:00Z,No,No,Kerala,No,Not Applicable,NA,Not Applicable,NA,Not Applicable,NA,Yes,Patna,Not Available,Not Available,Yes,1994-06-11T00:00:00Z,Bar,No,Yes,No,Not Applicable,Yes,No,No,No,No,Not Available,Not Available,Arts,Maas Law College,1956,1956,Kerala,No,No,No
Kumaran Sreedharan,Male,1936-06-04T00:00:00Z,Kerala,Not Available,1985-09-10T00:00:00Z,1998-06-04T00:00:00Z,No,No,Kerala,No,Not Applicable,NA,Not Applicable,NA,Not Applicable,NA,Yes,Punjab and Haryana,Gujarat,Not Available,No,NA,Service,Yes,Yes,No,No,No,No,No,No,No,Not Available,Not Available,Not Available,Not Available,Not Available,1959,Kerala,No,No,No
Kunjupillai Harilal,Male,1958-05-28T00:00:00Z,Kerala,Kayamkulam,2011-11-08T00:00:00Z,2020-05-27T00:00:00Z,No,No,Kerala,No,Not Applicable,NA,Not Applicable,NA,Not Applicable,NA,No,Not Applicable,Not Applicable,Not Applicable,No,NA,Bar,No,Yes,No,Not Applicable,Yes,No,No,No,No,Not Available,"MSM College, Kayamkulam, Alappuzha",Arts,"Kerala Law Academy Law College, Thiruvananthapuram",1985,1986,Kerala,No,No,No
Kurian Joseph,Male,1953-11-30T00:00:00Z,Kerala,Not Available,2000-07-12T00:00:00Z,2018-11-30T00:00:00Z,No,No,Kerala,No,Not Applicable,NA,Not Applicable,NA,Not Applicable,NA,Yes,Himachal Pradesh,Not Available,Not Available,Yes,2013-03-08T00:00:00Z,Bar,No,Yes,Yes,Not Applicable,Yes,No,No,No,No,"St. Sebastian's High School, Kanjoor","Sree Sankara College, Kalady",Arts,"Kerala Law Academy Law College, Thiruvananthapuram",1979,1979,Kerala,No,No,No
L. Manoharan,Male,1935-10-30T00:00:00Z,Kerala,Not Available,1989-11-23T00:00:00Z,1997-10-30T00:00:00Z,No,No,Kerala,Yes,Bombay,1994-04-28T00:00:00Z,Not Available,NA,Not Available,NA,No,Not Applicable,Not Applicable,Not Applicable,No,NA,Service,Yes,Yes,No,No,No,No,No,No,No,Not Available,Not Available,Not Available,Not Available,1958,1959,Kerala,No,No,No
M. Ramachandran,Male,1945-03-20T00:00:00Z,Kerala,Not Available,2000-07-12T00:00:00Z,2007-02-07T00:00:00Z,No,No,Kerala,Not Available,Not Available,NA,Not Available,NA,Not Available,NA,Not Available,Not Available,Not Available,Not Available,No,NA,Not Available,Not Available,Not Available,Not Available,Not Available,Not Available,Not Available,Not Available,Not Available,Not Available,Not Available,Not Available,Not Available,Not Available,1967,Not Available,Not Available,Not Available,Not Available,Not Available
Sasidharan Nambiar,Male,1951-01-03T00:00:00Z,Kerala,Not Available,2004-10-28T00:00:00Z,2013-01-02T00:00:00Z,No,No,Kerala,No,Not Applicable,NA,Not Applicable,NA,Not Applicable,NA,No,Not Applicable,Not Applicable,Not Applicable,No,NA,Service,Yes,Yes,No,Yes,No,No,No,No,No,Not Available,Not Available,Science,Not Available,1975,1975,Kerala,No,No,No
M. C. Hari Rani,Female,1949-10-26T00:00:00Z,Kerala,Not Available,2008-05-02T00:00:00Z,2011-10-26T00:00:00Z,No,No,Kerala,No,Not Applicable,NA,Not Applicable,NA,Not Applicable,NA,No,Not Applicable,Not Applicable,Not Applicable,No,NA,Service,Yes,Yes,No,No,No,No,No,No,No,Not Available,Not Available,Science,Not Available,1973,Not Available,Kerala,No,No,No
M. N. Krishnan,Male,1949-02-10T00:00:00Z,Kerala,Not Available,2004-10-28T00:00:00Z,2011-02-10T00:00:00Z,No,No,Kerala,No,Not Applicable,NA,Not Applicable,NA,Not Applicable,NA,No,Not Applicable,Not Applicable,Not Applicable,No,NA,Service,Yes,Yes,No,Yes,No,No,No,No,No,Not Available,Not Available,Science,Not Available,1973,1973,Not Available,No,No,No
M. R. Hariharan Nair,Male,1941-09-21T00:00:00Z,Kerala,Muttakkad in Trivanum District,1999-03-15T00:00:00Z,2003-05-11T00:00:00Z,No,No,Kerala,No,Not Applicable,NA,Not Applicable,NA,Not Applicable,NA,No,Not Applicable,Not Applicable,Not Applicable,No,NA,Service,Yes,Yes,No,No,No,No,No,No,No,Not Available,Mahatma Gandhi College Trivanum,Science,"Govt. Law College, Trivanum",1967,1967,Kerala,No,Yes,No
Madathiparambil Lonappan Joseph Francis,Male,1952-05-10T00:00:00Z,Kerala,Not Available,2009-02-06T00:00:00Z,2014-05-10T00:00:00Z,No,No,Kerala,No,Not Applicable,NA,Not Applicable,NA,Not Applicable,NA,No,Not Applicable,Not Applicable,Not Applicable,No,NA,Service,Yes,Yes,No,No,No,No,No,No,No,Not Available,Not Available,Science,Not Available,1976,1975,Kerala,No,No,No
Mamidana Jagannadha Rao,Male,1935-12-02T00:00:00Z,Andhra Pradesh,Rajahmuny,1982-09-29T00:00:00Z,2000-12-01T00:00:00Z,No,No,Andhra Pradesh,No,Not Applicable,NA,Not Applicable,NA,Not Applicable,NA,Yes,Kerala,Delhi,Not Available,Yes,1997-03-23T00:00:00Z,Bar,No,Yes,No,Not Applicable,No,No,No,No,Yes,Not Available,Not Available,Science,Not Available,1960,1960,Andhra Pradesh,No,No,No
Manadath Pillay,Male,NA,Kerala,Aluva,1985-01-31T00:00:00Z,1995-09-17T00:00:00Z,No,No,Kerala,No,Not Applicable,NA,Not Applicable,NA,Not Applicable,NA,No,Not Applicable,Not Applicable,Not Applicable,No,NA,Bar,No,Yes,No,Not Applicable,No,No,No,No,No,Not Available,Not Available,Not Available,Not Available,Not Available,Not Available,Kerala,Not Available,Not Available,Not Available
Manjula Chellur,Female,1955-12-05T00:00:00Z,Karnataka,"Bellary, Mysore",2000-02-21T00:00:00Z,2017-12-04T00:00:00Z,No,No,Karnataka,No,Not Applicable,NA,Not Applicable,NA,Not Applicable,NA,Yes,Kerala,Calcutta,Bombay,No,NA,Service,Yes,Yes,No,No,No,No,No,No,No,Not Available,"Allum Sunmangalamma Women's College, Bellary",Arts,"Renukacharya Law College, Bangalore",1977,1978,Karnataka,No,No,Yes
Mary Joseph,Female,1962-06-02T00:00:00Z,Kerala,Ernakulam,2015-04-10T00:00:00Z,2024-06-01T00:00:00Z,No,No,Kerala,No,Not Applicable,NA,Not Applicable,NA,Not Applicable,NA,No,Not Applicable,Not Applicable,Not Applicable,No,NA,Service,Yes,Yes,No,No,Yes,No,No,No,No,St. Teresa's Convent Girls High School,SH College Thevara,Not Available,"Maharaja's Government Law College, Ernakulam.",1985,1986,Kerala,No,No,Yes
Mathews Mathew,Male,NA,Not Available,Not Available,NA,NA,Not Available,Not Available,Kerala,Not Available,Not Available,NA,Not Available,NA,Not Available,NA,Not Available,Not Available,Not Available,Not Available,No,NA,Not Available,Not Available,Not Available,Not Available,Not Available,Not Available,Not Available,Not Available,Not Available,Not Available,Not Available,Not Available,Not Available,Not Available,Not Available,Not Available,Not Available,Not Available,Not Available,Not Available
Mohan Shantanagoudar,Male,1958-05-05T00:00:00Z,Karnataka,"Chikkerur, Haveri",2003-05-12T00:00:00Z,2021-04-25T00:00:00Z,Yes,No,Karnataka,Yes,Kerala,2016-08-01T00:00:00Z,Not Available,NA,Not Available,NA,Yes,Kerala,Not Available,Not Available,Yes,2017-02-17T00:00:00Z,Bar,No,Yes,No,Not Applicable,Yes,No,No,No,Yes,Not Available,Not Available,BSc,"University Law College, Karnataka University, Dharwad",1980,1980,Karnataka,No,No,No
Mudalikulam Raman Anitha,Female,1961-05-31T00:00:00Z,Kerala,Kuzhikkattussery.,2020-03-06T00:00:00Z,NA,No,No,Kerala,No,Not Applicable,NA,Not Applicable,NA,Not Applicable,NA,No,Not Applicable,Not Applicable,Not Applicable,No,NA,Service,Yes,No,Not Applicable,No,Not Applicable,Not Applicable,Not Applicable,Not Applicable,Not Applicable,Not Available,"St.Joseph's College, Irinjalakuda",Not Available,Government Law College Ernakulam,Not Available,Not Available,Not Available,No,No,No
Murali Purushothaman,Male,1967-07-31T00:00:00Z,Kerala,Not Available,2021-02-25T00:00:00Z,NA,No,No,Kerala,No,Not Applicable,NA,Not Applicable,NA,Not Applicable,NA,No,Not Applicable,Not Applicable,Not Applicable,No,NA,Bar,No,Yes,No,Not Applicable,Yes,No,No,No,No,Not Available,Not Available,Not Available,"Government Law College, Ernakulam",1991,1991,Kerala,No,No,No
Anil Kumar,Male,1959-12-03T00:00:00Z,Kerala,Not Available,2018-11-05T00:00:00Z,2021-12-02T00:00:00Z,No,No,Kerala,No,Not Applicable,NA,Not Applicable,NA,Not Applicable,NA,No,Not Applicable,Not Applicable,Not Applicable,No,NA,Service,Yes,Yes,No,Yes,No,No,No,No,No,Not Available,"N.S.S. College, Nilamel",Not Available,"Govt. Law College, Thiruvananthapuram",1983,1983,Kerala,No,No,No
Krishnan Nair,Male,NA,Not Available,Not Available,NA,NA,Not Available,Not Available,Kerala,Not Available,Not Available,NA,Not Available,NA,Not Available,NA,Not Available,Not Available,Not Available,Not Available,No,NA,Not Available,Not Available,Not Available,Not Available,Not Available,Not Available,Not Available,Not Available,Not Available,Not Available,Not Available,Not Available,Not Available,Not Available,Not Available,Not Available,Not Available,Not Available,Not Available,Not Available
N. Nagaresh,Male,1964-04-01T00:00:00Z,Kerala,Not Available,2018-11-05T00:00:00Z,2026-03-31T00:00:00Z,No,No,Kerala,No,Not Applicable,NA,Not Applicable,NA,Not Applicable,NA,No,Not Applicable,Not Applicable,Not Applicable,No,NA,Bar,No,Yes,No,Not Applicable,Yes,No,No,No,No,Not Available,Not Available,Not Available,Bombay University,1989,1989,Kerala,No,No,No
Narayana Pisharadi,Male,1959-12-26T00:00:00Z,kerala,North Paravur,2017-11-30T00:00:00Z,2021-12-25T00:00:00Z,No,No,Kerala,No,Not Applicable,NA,Not Applicable,NA,Not Applicable,NA,No,Not Applicable,Not Applicable,Not Applicable,No,NA,Service,Yes,No,Not Applicable,Yes,Not Applicable,Not Applicable,Not Applicable,Not Applicable,Not Applicable,Sree Narayana High School,"Union Christian College, Aluva",Not Available,"Government Law College, Ernakulam",1981,Not Available,Not Available,No,No,No
Narchi Kundil Balakrishnan,Male,1952-06-08T00:00:00Z,Kerala,"Udma in Hosdurg Taluq, Kasargod",2010-12-10T00:00:00Z,2014-06-07T00:00:00Z,No,No,Kerala,No,Not Applicable,NA,Not Applicable,NA,Not Applicable,NA,No,Not Applicable,Not Applicable,Not Applicable,No,NA,Service,Yes,Yes,No,Yes,No,No,No,No,No,"St. Thomas High School, Keezhillam","Nirmala College, Muvattupuzha",Science,"Government Law College, Ernakulam.",1975,1975,Kerala,No,No,No
Nauvdip Kumar Sodhi,Male,NA,Not Available,Not Available,NA,NA,Not Available,Not Available,Kerala,Not Available,Not Available,NA,Not Available,NA,Not Available,NA,Yes,Karnataka,Kerala,Not Available,No,NA,Not Available,Not Available,Not Available,Not Available,Not Available,Not Available,Not Available,Not Available,Not Available,Not Available,Not Available,Not Available,Not Available,Not Available,Not Available,Not Available,Not Available,Not Available,Not Available,Not Available
Navaniti Prasad Singh,Male,1955-11-06T00:00:00Z,Madhya Pradesh,Not Available,2006-03-06T00:00:00Z,2017-11-05T00:00:00Z,No,No,Patna,No,Not Applicable,NA,Not Applicable,NA,Not Applicable,NA,Yes,Kerala,Not Available,Not Available,No,NA,Bar,No,Yes,Yes,Not Applicable,Yes,No,Yes,No,No,"Scindhia School, Gwalior",Not Available,Physics,Delhi University,1980,1980,Bihar,No,No,No
Nelavoy Dhinakar,Male,1944-06-10T00:00:00Z,Not Available,Not Available,1994-10-17T00:00:00Z,2006-06-10T00:00:00Z,No,No,Madras,Yes,Kerala,1994-11-30T00:00:00Z,Madras,1999-03-05T00:00:00Z,Not Available,NA,Yes,Jharkhand,Not Available,Not Available,No,NA,Bar,No,Yes,No,Not Applicable,Yes,No,No,No,No,Not Available,Not Available,Arts,Not Available,Not Available,1968,Tamilnadu and Puducherry,No,No,No
Om Prakash Verma,Male,1937-03-20T00:00:00Z,Uttar Pradesh,Garhmukteshwar,1984-05-24T00:00:00Z,1999-03-19T00:00:00Z,No,No,Allahabad,No,Not Applicable,NA,Not Applicable,NA,Not Applicable,NA,Yes,Kerala,Not Available,Not Available,No,NA,Service,Yes,Not Available,Not Available,No,No,No,No,No,No,Not Available,Not Available,Not Available,"Campus Law Centre, Faculty of Law, University of Delhi",Not Available,Not Available,Not Available,No,No,No
P. Krishnamoorthy,Male,1935-06-28T00:00:00Z,Kerala,Not Available,1989-01-02T00:00:00Z,NA,No,No,Kerala,Yes,Karnataka,NA,Not Available,NA,Not Available,NA,No,Not Applicable,Not Applicable,Not Applicable,No,NA,Bar,No,Yes,No,Not Applicable,Yes,No,No,No,Yes,Not Available,Not Available,Not Available,Not Available,1960,1960,Kerala,No,No,No
P. Shanmugam,Male,NA,Not Available,Not Available,NA,NA,Not Available,Not Available,Kerala,Not Available,Not Available,NA,Not Available,NA,Not Available,NA,Not Available,Not Available,Not Available,Not Available,No,NA,Not Available,Not Available,Not Available,Not Available,Not Available,Not Available,Not Available,Not Available,Not Available,Not Available,Not Available,Not Available,Not Available,Not Available,Not Available,Not Available,Not Available,Not Available,Not Available,Not Available
P. Somarajan,Male,1962-07-14T00:00:00Z,Kerala,Kollam,2016-10-05T00:00:00Z,2024-07-13T00:00:00Z,No,No,Kerala,No,Not Applicable,NA,Not Applicable,NA,Not Applicable,NA,No,Not Applicable,Not Applicable,Not Applicable,No,NA,Service,Yes,Yes,No,No,No,No,No,No,No,"V.V.H.S.School,",S.N.College Kollam,Science,"Government Law College, Thiruvananthapuram",1988,1988,Kerala,No,No,No
P. A. Mohammed,Male,NA,Kerala,Not Available,NA,NA,No,No,Kerala,No,Not Applicable,NA,Not Applicable,NA,Not Applicable,NA,No,Not Applicable,Not Applicable,Not Applicable,No,NA,Bar,No,Yes,Yes,Not Applicable,No,No,No,No,No,Not Available,"Government Brennen College, Thalassery,",Arts,"New Law College, Matunga",1963,1964,Kerala,No,No,No
Perubhemba Krishna Ayer Balasubramanyan,Male,1942-10-28T00:00:00Z,Not Available,Not Available,NA,NA,Not Available,Not Available,Kerala,Not Available,Not Available,NA,Not Available,NA,Not Available,NA,Not Available,Not Available,Not Available,Not Available,Yes,2004-08-27T00:00:00Z,Not Available,Not Available,Not Available,Not Available,Not Available,Not Available,Not Available,Not Available,Not Available,Not Available,Not Available,"Government College, Chittur",Not Available,Madras Law College,Not Available,Not Available,Not Available,Not Available,Not Available,Not Available
P. V. Narayanan Nambiar,Male,NA,Kerala,Not Available,NA,NA,Not Available,Not Available,Kerala,Not Available,Not Available,NA,Not Available,NA,Not Available,NA,Not Available,Not Available,Not Available,Not Available,No,NA,Not Available,Not Available,Not Available,Not Available,Not Available,Not Available,Not Available,Not Available,Not Available,Not Available,Not Available,Not Available,Not Available,Not Available,Not Available,Not Available,Not Available,Not Available,Not Available,Not Available
Padmaraj Balakrishnan Nair Suresh Kumar,Male,1963-06-30T00:00:00Z,Kerala,Kollam,2014-05-21T00:00:00Z,2025-06-29T00:00:00Z,No,No,Kerala,No,Not Applicable,NA,Not Applicable,NA,Not Applicable,NA,No,Not Applicable,Not Applicable,Not Applicable,No,NA,Bar,No,Yes,No,Not Applicable,Yes,No,Yes,No,No,"St. Aloysius High School, Kollam","Sree Narayana College, Kollam,",Science,"KGF Law College,",1987,1987,Kerala,No,Yes,No
Padoor Natufildeom Ravindran,Male,1956-05-29T00:00:00Z,Kerala,Alathur in Palakkad District,2007-12-13T00:00:00Z,2018-05-28T00:00:00Z,No,No,Kerala,No,Not Applicable,NA,Not Applicable,NA,Not Applicable,NA,No,Not Applicable,Not Applicable,Not Applicable,No,NA,Bar,No,Yes,No,Not Applicable,Yes,No,No,No,No,Not Available,"Government Victoria College, Palakkad",Science,"Government Law College, Ernakulam",1979,1979,Kerala,No,No,No
Pannipuzhayil Rajan,Male,1957-05-08T00:00:00Z,Kerala,Edayaranmula in Pathanamthitta district.,2013-01-28T00:00:00Z,2019-05-07T00:00:00Z,No,No,Kerala,No,Not Applicable,NA,Not Applicable,NA,Not Applicable,NA,No,Not Applicable,Not Applicable,Not Applicable,No,NA,Service,Yes,Yes,No,No,Yes,No,Yes,No,No,"A.M.M.H.S., Edayaranmula","St. Thomas College, Kozhanchery",Arts,"Govt. Law College, Calicut",1985,1987,Kerala,No,No,Yes
Parameswaran Bhavadasan,Male,1957-11-07T00:00:00Z,Not Available,Not Available,2009-02-06T00:00:00Z,2016-04-02T00:00:00Z,No,No,Kerala,No,Not Applicable,NA,Not Applicable,NA,Not Applicable,NA,No,Not Applicable,Not Applicable,Not Applicable,No,NA,Service,Yes,Yes,No,Yes,No,No,No,No,No,Not Available,Not Available,Science,"Government Law College, Ernakulam",1981,1981,Kerala,No,No,No
Parappillil Ramakrishnan Nair Ramachandra Menon,Male,1959-06-01T00:00:00Z,Kerala,Not Available,2009-01-05T00:00:00Z,2021-05-31T00:00:00Z,No,No,Kerala,No,Not Applicable,NA,Not Applicable,NA,Not Applicable,NA,Yes,Chhattisgarh,Not Available,Not Available,No,NA,Bar,No,Yes,No,Not Applicable,No,No,No,No,No,Not Available,Not Available,Arts,"Government Law College, Ernakulam",Not Available,1983,Kerala,No,Yes,Yes
Periya Veedu Quadir Meeran Barkath Ali,Male,1950-05-06T00:00:00Z,Kerala,Not Available,2009-05-21T00:00:00Z,2012-05-05T00:00:00Z,No,No,Kerala,No,Not Applicable,NA,Not Applicable,NA,Not Applicable,NA,No,Not Applicable,Not Applicable,Not Applicable,No,NA,Service,Yes,Yes,No,No,No,No,No,No,No,Not Available,Not Available,Science,Not Available,1973,1974,Kerala,No,No,No
Pius Chakkalayil Kuriakose,Male,1951-10-02T00:00:00Z,Kerala,Trippunithura,2002-09-09T00:00:00Z,2013-10-01T00:00:00Z,No,No,Kerala,No,Not Applicable,NA,Not Applicable,NA,Not Applicable,NA,Yes,Sikkim,Not Available,Not Available,No,NA,Bar,No,Yes,No,Not Applicable,Yes,No,Yes,No,No,Not Available,Not Available,Science,"Maharajas Law College, Ernakulam",1974,1974,Kerala,No,No,No
Pokkath Asha,Female,1959-05-31T00:00:00Z,Kerala,Not Available,2014-05-21T00:00:00Z,2021-05-30T00:00:00Z,No,No,Kerala,No,Not Applicable,NA,Not Applicable,NA,Not Applicable,NA,No,Not Applicable,Not Applicable,Not Applicable,No,NA,Bar,No,Yes,No,Not Applicable,Yes,No,No,No,No,Not Available,"Vimala College, Thrissur.",Science,"Government Law College, Ernakulam .",1982,1983,Kerala,No,No,No
Pulleri Vadhyarillath Kunhikrishnan,Male,1967-05-22T00:00:00Z,Kerala,Payyannur,2020-02-13T00:00:00Z,2029-05-21T00:00:00Z,No,No,Kerala,No,Not Applicable,NA,Not Applicable,NA,Not Applicable,NA,No,Not Applicable,Not Applicable,Not Applicable,No,NA,Bar,No,Yes,No,Not Applicable,Yes,No,No,No,Yes,"Government High School,",Not Available,Not Available,"Kerala Law Academy, Law College",1989,1989,Kerala,No,No,No
Pullukatte Sanku Gopinathan,Male,1951-03-16T00:00:00Z,Kerala,Not Available,2009-02-06T00:00:00Z,2013-03-15T00:00:00Z,No,No,Kerala,No,Not Applicable,NA,Not Applicable,NA,Not Applicable,NA,No,Not Applicable,Not Applicable,Not Applicable,No,NA,Service,Yes,Yes,No,No,No,No,No,No,No,Not Available,Not Available,Science,Not Available,1975,1975,Kerala,No,No,No
Puthucode Ramaswamy Raman,Male,1948-05-14T00:00:00Z,Kerala,Not Available,2001-09-07T00:00:00Z,2010-05-13T00:00:00Z,No,No,Kerala,No,Not Applicable,NA,Not Applicable,NA,Not Applicable,NA,No,Not Applicable,Not Applicable,Not Applicable,No,NA,Bar,No,Yes,No,Not Applicable,No,No,No,No,No,Not Available,Not Available,Science,Not Available,1971,1971,Kerala,No,No,No
Puttekadan Ubaid,Male,1957-09-19T00:00:00Z,Kerala,Not Available,2014-01-01T00:00:00Z,2019-09-19T00:00:00Z,No,No,Kerala,No,Not Applicable,NA,Not Applicable,NA,Not Applicable,NA,No,Not Applicable,Not Applicable,Not Applicable,No,NA,Service,Yes,Yes,No,No,No,No,No,No,No,Not Available,"Farook College, Kozhikode",Arts,"Government Law College, Kozhikode",1981,1982,Kerala,No,No,No
R. Bhaskaran,Male,NA,Not Available,Not Available,NA,NA,Not Available,Not Available,Kerala,Not Available,Not Available,NA,Not Available,NA,Not Available,NA,Not Available,Not Available,Not Available,Not Available,No,NA,Not Available,Not Available,Not Available,Not Available,Not Available,Not Available,Not Available,Not Available,Not Available,Not Available,Not Available,Not Available,Not Available,Not Available,Not Available,Not Available,Not Available,Not Available,Not Available,Not Available
R. Rajendra Babu,Male,NA,Not Available,Not Available,NA,NA,Not Available,Not Available,Kerala,Not Available,Not Available,NA,Not Available,NA,Not Available,NA,Not Available,Not Available,Not Available,Not Available,No,NA,Not Available,Not Available,Not Available,Not Available,Not Available,Not Available,Not Available,Not Available,Not Available,Not Available,Not Available,Not Available,Not Available,Not Available,Not Available,Not Available,Not Available,Not Available,Not Available,Not Available
Raghavan Basant,Male,1950-05-05T00:00:00Z,Kerala,Not Available,2002-09-09T00:00:00Z,2012-05-05T00:00:00Z,No,No,Kerala,No,Not Applicable,NA,Not Applicable,NA,Not Applicable,NA,No,Not Applicable,Not Applicable,Not Applicable,No,NA,Service,Yes,Yes,No,No,No,No,No,No,No,"Malabar Christian College High School, Calicut","Malabar Christian College, Calicut",Science,"Govt. Law College, Calicut.",1973,1973,Kerala,No,No,No
Raja Valsala,Male,1967-05-28T00:00:00Z,Kerala,Kollam,2015-04-10T00:00:00Z,2029-05-27T00:00:00Z,No,No,Kerala,No,Not Applicable,NA,Not Applicable,NA,Not Applicable,NA,No,Not Applicable,Not Applicable,Not Applicable,No,NA,Bar,No,Yes,No,Not Applicable,No,No,No,No,No,Aloysious High School,T.K.M College of Engineering,Civil Engineering,"Law Academy Law College, Thiruvanathapuram.",1994,1994,Kerala,No,No,No
Rajiv Gupta,Male,1950-10-10T00:00:00Z,Madhya Pradesh,Gwalior,1994-09-27T00:00:00Z,2012-10-09T00:00:00Z,No,No,Madhya Pradesh,No,Not Applicable,NA,Not Applicable,NA,Not Applicable,NA,Yes,Kerala,Uttarakhand,Chhattisgarh,No,NA,Bar,No,Yes,No,Not Applicable,No,No,No,No,No,Not Available,"Jiwaji University, Gwalior",Not Available,"Jiwaji University, Gwalior",1973,1973,Madhya Pradesh,No,No,No
S. Krishnan Unni,Male,NA,Not Available,Not Available,NA,NA,Not Available,Not Available,Kerala,Not Available,Not Available,NA,Not Available,NA,Not Available,NA,Not Available,Not Available,Not Available,Not Available,No,NA,Not Available,Not Available,Not Available,Not Available,Not Available,Not Available,Not Available,Not Available,Not Available,Not Available,Not Available,Not Available,Not Available,Not Available,Not Available,Not Available,Not Available,Not Available,Not Available,Not Available
S. Manikumar,Male,1961-04-24T00:00:00Z,Tamil Nadu,Chennai,2006-07-31T00:00:00Z,2023-04-23T00:00:00Z,No,No,Madras,No,Not Applicable,NA,Not Applicable,NA,Not Applicable,NA,Yes,Kerala,Not Available,Not Available,No,NA,Bar,No,Yes,No,Not Applicable,Yes,No,Yes,No,Yes,Not Available,Ramakrishna Mission Vivekananda College,Chemistry,.Ambedkar Law College,1983,1983,Tamilnadu and Puducherry,No,No,No
S. Marimuthu,Male,NA,Not Available,Not Available,NA,NA,Not Available,Not Available,Kerala,Not Available,Not Available,NA,Not Available,NA,Not Available,NA,Not Available,Not Available,Not Available,Not Available,No,NA,Not Available,Not Available,Not Available,Not Available,Not Available,Not Available,Not Available,Not Available,Not Available,Not Available,Not Available,Not Available,Not Available,Not Available,Not Available,Not Available,Not Available,Not Available,Not Available,Not Available
S. Sankarasubban,Male,NA,Not Available,Not Available,NA,NA,Not Available,Not Available,Kerala,Not Available,Not Available,NA,Not Available,NA,Not Available,NA,Not Available,Not Available,Not Available,Not Available,No,NA,Not Available,Not Available,Not Available,Not Available,Not Available,Not Available,Not Available,Not Available,Not Available,Not Available,Not Available,Not Available,Not Available,Not Available,Not Available,Not Available,Not Available,Not Available,Not Available,Not Available
S. Subramani,Male,NA,Not Available,Not Available,NA,NA,Not Available,Not Available,Kerala,Not Available,Not Available,NA,Not Available,NA,Not Available,NA,Not Available,Not Available,Not Available,Not Available,No,NA,Not Available,Not Available,Not Available,Not Available,Not Available,Not Available,Not Available,Not Available,Not Available,Not Available,Not Available,Not Available,Not Available,Not Available,Not Available,Not Available,Not Available,Not Available,Not Available,Not Available
S. R. Bannurmath,Male,1948-01-23T00:00:00Z,Karnataka,Dharwad,1997-06-11T00:00:00Z,2010-01-22T00:00:00Z,No,No,Karnataka,No,Not Applicable,NA,Not Applicable,NA,Not Applicable,NA,Yes,Kerala,Not Available,Not Available,No,NA,Bar,No,Yes,No,Not Applicable,Yes,No,No,No,No,Not Available,Not Available,Science,"Raja Lakhamgouda Law College, Belgaum",1973,1973,Karnataka,No,No,No
Sarasa Bhatti,Male,1962-05-06T00:00:00Z,Andhra Pradesh,Madanapalle,2013-04-12T00:00:00Z,2024-05-05T00:00:00Z,No,No,Kerala,Yes,Kerala,2019-03-19T00:00:00Z,Not Available,NA,Not Available,NA,No,Not Applicable,Not Applicable,Not Applicable,No,NA,Bar,No,Yes,No,Not Applicable,Yes,No,No,No,No,Giri Rao Theosophical High School,"Beasant Theosophical College,",Commerce,Jagadguru Renukacharya College,1987,1987,Andhra Pradesh,No,No,No
Sathish Ninan,Male,1968-04-01T00:00:00Z,Kerala,Thiruvalla,2016-10-05T00:00:00Z,2030-03-31T00:00:00Z,No,No,Kerala,No,Not Applicable,NA,Not Applicable,NA,Not Applicable,NA,No,Not Applicable,Not Applicable,Not Applicable,No,NA,Bar,No,Yes,No,Not Applicable,No,No,No,No,No,Not Available,Not Available,Not Available,"Government Law College, Trivanum",1990,1990,Kerala,No,no,Yes
Shaji Paul Chaly,Male,1961-05-29T00:00:00Z,Kerala,Mulamthuruthi,2015-04-10T00:00:00Z,2023-05-28T00:00:00Z,No,No,Kerala,No,Not Applicable,NA,Not Applicable,NA,Not Applicable,NA,No,Not Applicable,Not Applicable,Not Applicable,No,NA,Bar,No,Yes,No,Not Applicable,No,No,No,No,No,S.R.V Model High School,"Maharaja's College, Ernakulam",Political Science,"Maharaja's Government Law College, Ernakulam.",1985,1986,Kerala,No,No,No
Siri Jagan,Male,1952-01-22T00:00:00Z,Kerala,"Mayyanad Village , Kollam District",2005-02-10T00:00:00Z,2014-01-22T00:00:00Z,No,No,Kerala,No,Not Applicable,NA,Not Applicable,NA,Not Applicable,NA,No,Not Applicable,Not Applicable,Not Applicable,No,NA,Bar,No,Yes,No,Not Applicable,Yes,No,No,No,No,"High School, Mayyanad","SN College ,Kollam",Science,"Govt Law College, Thiruvananthapuram",1974,1974,Kerala,No,No,Yes
Soudamini Amma Sankara Narayana Pilla Satheesachandran,Male,1952-03-03T00:00:00Z,Kerala,Not Available,2009-02-06T00:00:00Z,2014-03-03T00:00:00Z,No,No,Kerala,No,Not Applicable,NA,Not Applicable,NA,Not Applicable,NA,No,Not Applicable,Not Applicable,Not Applicable,No,NA,Service,Yes,Yes,No,Yes,No,No,No,No,No,Not Available,"University College , Thiruvananthapuram",Arts,"Kerala Law Academy Law College, Thiruvananthapuram",1979,1981,Kerala,No,Yes,No
Sujata Vasant Manohar,Female,1934-08-28T00:00:00Z,Maharashtra,Not Available,1978-01-23T00:00:00Z,1999-08-27T00:00:00Z,No,No,Bombay,No,Not Applicable,NA,Not Applicable,NA,Not Applicable,NA,Yes,Kerala,Not Available,Not Available,Yes,1994-11-08T00:00:00Z,Bar,No,Yes,No,Not Applicable,Yes,No,No,No,No,"Anandilal Podar High School, Bombay","Elphinstone College, Bombay",Science,Not Available,Not Available,1958,Maharashtra and Goa,Yes,No,No
Sunil Thomas,Male,1960-05-10T00:00:00Z,Kerala,Tripunithara,2015-04-10T00:00:00Z,2022-05-09T00:00:00Z,No,No,Kerala,No,Not Applicable,NA,Not Applicable,NA,Not Applicable,NA,No,Not Applicable,Not Applicable,Not Applicable,No,NA,Service,Yes,Yes,No,No,No,No,No,No,No,"Rajagiri High School, Kalamassery","St.Albert's College, Ernakulam",Science,"Maharaja's Government Law College, Ernakulam",1983,1983,Kerala,No,No,Yes
Surendra Kuriakose,Male,1957-03-01T00:00:00Z,Kerala,Not Available,2009-01-05T00:00:00Z,2019-02-28T00:00:00Z,No,No,Kerala,No,Not Applicable,NA,Not Applicable,NA,Not Applicable,NA,No,Not Applicable,Not Applicable,Not Applicable,No,NA,Bar,No,Yes,No,Not Applicable,No,No,No,No,No,Not Available,Not Available,Science,"University College of Law, Dharwad",1980,1980,Kerala,No,No,Yes
T. Ramachandran,Male,NA,Not Available,Not Available,NA,NA,Not Available,Not Available,Kerala,Not Available,Not Available,NA,Not Available,NA,Not Available,NA,Not Available,Not Available,Not Available,Not Available,No,NA,Not Available,Not Available,Not Available,Not Available,Not Available,Not Available,Not Available,Not Available,Not Available,Not Available,Not Available,Not Available,Not Available,Not Available,Not Available,Not Available,Not Available,Not Available,Not Available,Not Available
T. K. Chandrasekhara Das,Male,NA,Not Available,Not Available,NA,NA,Not Available,Not Available,Kerala,Not Available,Not Available,NA,Not Available,NA,Not Available,NA,Not Available,Not Available,Not Available,Not Available,No,NA,Not Available,Not Available,Not Available,Not Available,Not Available,Not Available,Not Available,Not Available,Not Available,Not Available,Not Available,Not Available,Not Available,Not Available,Not Available,Not Available,Not Available,Not Available,Not Available,Not Available
T. L. Vishwanatha Iyer,Male,NA,Kerala,Not Available,1986-09-08T00:00:00Z,1994-11-25T00:00:00Z,No,No,Kerala,No,Not Applicable,NA,Not Applicable,NA,Not Applicable,NA,No,Not Applicable,Not Applicable,Not Applicable,No,NA,Bar,No,Yes,No,Not Applicable,No,No,No,No,Yes,Not Available,Not Available,Not Available,Madras Law College,1955,1955,Not Available,Not Available,Not Available,Not Available
T. M. Hassan Pillai,Male,NA,Not Available,Not Available,NA,NA,Not Available,Not Available,Kerala,Not Available,Not Available,NA,Not Available,NA,Not Available,NA,Not Available,Not Available,Not Available,Not Available,No,NA,Service,Yes,Not Available,Not Available,No,No,No,No,No,No,Not Available,Not Available,Not Available,Not Available,Not Available,Not Available,Not Available,Not Available,Not Available,Not Available
T. R. Ramachandran Nair,Male,1953-09-05T00:00:00Z,Kerala,Not Available,2007-01-30T00:00:00Z,2015-09-05T00:00:00Z,No,No,Kerala,Not Available,Not Available,NA,Not Available,NA,Not Available,NA,No,Not Applicable,Not Applicable,Not Applicable,No,NA,Bar,No,Yes,No,Not Applicable,Yes,No,No,No,No,Not Available,Not Available,Science,"Govt.Law College, Thiruvananthapuram",1977,1977,Kerala,No,No,No
T. V. Anilkumar,Male,1959-05-25T00:00:00Z,Kerala,"Valiyavila, Thiruvananthapuram",2018-11-05T00:00:00Z,2021-05-24T00:00:00Z,No,No,Kerala,No,Not Applicable,NA,Not Applicable,NA,Not Applicable,NA,No,Not Applicable,Not Applicable,Not Applicable,No,NA,Service,Yes,Yes,No,No,No,No,No,No,No,Not Available,Not Available,Not Available,"Government Law College, Thiruvananthapuram",Not Available,1983,Kerala,No,No,No
Tiruppattur Ramakrishnan,Male,NA,Not Available,Not Available,NA,NA,Not Available,Not Available,Kerala,Not Available,Not Available,NA,Not Available,NA,Not Available,NA,Not Available,Not Available,Not Available,Not Available,No,NA,Not Available,Not Available,Not Available,Not Available,Not Available,Not Available,Not Available,Not Available,Not Available,Not Available,Not Available,Not Available,Not Available,Not Available,Not Available,Not Available,Not Available,Not Available,Not Available,Not Available
Thirumuppath Raghavan Ravi,Male,1965-03-02T00:00:00Z,Kerala,Not Available,2020-03-06T00:00:00Z,2027-03-01T00:00:00Z,No,No,Kerala,No,Not Applicable,NA,Not Applicable,NA,Not Applicable,NA,No,Not Applicable,Not Applicable,Not Applicable,No,NA,Bar,No,Yes,No,Not Applicable,Yes,No,No,No,No,Not Available,PSG College of Arts and Science,Commerce,"Government Law College, Kozhikode",1988,1989,Kerala,No,No,No
Thomas Joseph,Male,1952-07-19T00:00:00Z,Kerala,Thellakom in Kottayam District,2008-08-14T00:00:00Z,2014-07-19T00:00:00Z,No,No,Kerala,Not Available,Not Available,NA,Not Available,NA,Not Available,NA,No,Not Applicable,Not Applicable,Not Applicable,No,NA,Service,Yes,Yes,No,Yes,No,No,No,No,No,Not Available,"K.E College , Manannam",English Literature,"Law Academy Law College, Thiruvananthapuram",1975,1975,Kerala,No,No,No
Thottathil Bhaskaran Nair Radhakrishnan,Male,1958-04-02T00:00:00Z,Kerala,Not Available,2004-10-14T00:00:00Z,2021-04-28T00:00:00Z,No,No,Kerala,No,Not Applicable,NA,Not Applicable,NA,Not Applicable,NA,Yes,Chhattisgarh,Telangana,Calcutta,No,NA,Bar,No,Yes,No,Not Applicable,Yes,No,No,No,Yes,"Arya Central School, Thiruvananthapuram",Fatima Matha National College,Science,K.G.F. Law College,1983,1983,Kerala,No,No,No
Uday Pratap Singh,Male,NA,Not Available,Not Available,1984-02-15T00:00:00Z,1997-12-20T00:00:00Z,No,No,Patna,No,Not Applicable,NA,Not Applicable,NA,Not Applicable,NA,Yes,Kerala,Not Available,Not Available,No,NA,Not Available,Not Available,Not Available,Not Available,Not Available,Not Available,Not Available,Not Available,Not Available,Not Available,Not Available,Not Available,Not Available,Not Available,Not Available,Not Available,Not Available,Not Available,Not Available,Not Available
V. Shircy,Female,1960-05-31T00:00:00Z,Kerala,Not Available,2016-10-05T00:00:00Z,2022-05-30T00:00:00Z,No,No,Kerala,No,Not Applicable,NA,Not Applicable,NA,Not Applicable,NA,No,Not Applicable,Not Applicable,Not Applicable,No,NA,Service,Yes,Yes,No,No,No,No,No,No,No,Not Available,St. Teresa's College,Commerce,"Government Law College, Ernakulam",1984,1984,Kerala,No,No,No
V. G. Arun,Male,1964-01-25T00:00:00Z,Kerala,Not Available,2018-11-05T00:00:00Z,2026-01-24T00:00:00Z,No,No,Kerala,No,Not Applicable,NA,Not Applicable,NA,Not Applicable,NA,No,Not Applicable,Not Applicable,Not Applicable,No,NA,Bar,No,Yes,No,Not Applicable,No,No,No,No,Yes,Not Available,"Baselius College, Kottayam",Not Available,"Kerala Law Academy, Thiruvananthapuram",1988,1989,Kerala,No,No,No
Mohan Kumar,Male,NA,Not Available,Not Available,NA,NA,Not Available,Not Available,Kerala,Not Available,Not Available,NA,Not Available,NA,Not Available,NA,Not Available,Not Available,Not Available,Not Available,No,NA,Not Available,Not Available,Not Available,Not Available,Not Available,Not Available,Not Available,Not Available,Not Available,Not Available,Not Available,Not Available,Not Available,Not Available,Not Available,Not Available,Not Available,Not Available,Not Available,Not Available
Vadakkedath Ramkumar,Male,1950-05-07T00:00:00Z,Kerala,Not Available,2004-10-14T00:00:00Z,2012-05-07T00:00:00Z,No,No,Kerala,No,Not Applicable,NA,Not Applicable,NA,Not Applicable,NA,No,Not Applicable,Not Applicable,Not Applicable,No,NA,Service,Yes,Yes,No,No,No,No,No,No,No,Not Available,Not Available,Science,Not Available,1978,1979,Kerala,No,No,No
Vaidyanathan Chitambaresh,Male,1957-11-07T00:00:00Z,Kerala,Not Available,2011-11-08T00:00:00Z,2019-11-06T00:00:00Z,No,No,Kerala,No,Not Applicable,NA,Not Applicable,NA,Not Applicable,NA,No,Not Applicable,Not Applicable,Not Applicable,No,NA,Bar,No,Yes,No,Not Applicable,Yes,No,No,No,No,Not Available,Not Available,Physics,"Government Law College, Thiruvananthapuram",1981,1981,Kerala,No,No,No
Valiyaparambil Kuttappan Mohanan,Male,1953-08-06T00:00:00Z,Kerala,Not Available,2007-08-01T00:00:00Z,2015-08-05T00:00:00Z,No,No,Kerala,No,Not Applicable,NA,Not Applicable,NA,Not Applicable,NA,No,Not Applicable,Not Applicable,Not Applicable,No,NA,Bar,No,Yes,No,Not Applicable,Yes,No,No,No,No,Not Available,Not Available,Science,"Government Law College, Ernakulam.",1982,1983,Kerala,No,No,No
Varghese Kalliath,Male,NA,Not Available,Not Available,1984-06-13T00:00:00Z,1994-05-03T00:00:00Z,No,No,Kerala,No,Not Applicable,NA,Not Applicable,NA,Not Applicable,NA,No,Not Applicable,Not Applicable,Not Applicable,No,NA,Bar,No,Yes,No,Not Applicable,No,No,No,No,Yes,Not Available,Not Available,Not Available,Not Available,Not Available,Not Available,Kerala,Not Available,Not Available,Not Available
Vilas Kamat,Male,1937-03-27T00:00:00Z,Maharashtra,Not Available,1989-05-24T00:00:00Z,1997-11-26T00:00:00Z,No,No,Bombay,Yes,Kerala,1994-04-28T00:00:00Z,Not Available,NA,Not Available,NA,No,Not Applicable,Not Applicable,Not Applicable,No,NA,Bar,No,Yes,No,Not Applicable,Yes,No,No,No,No,Not Available,Not Available,Arts,Not Available,1961,1961,Maharashtra and Goa,No,Yes,No
Vinod Kumar Bali,Male,1945-01-24T00:00:00Z,Punjab,Not Available,1991-03-15T00:00:00Z,2007-01-24T00:00:00Z,No,No,Punjab and Haryana,Yes,Rajasthan,2005-02-28T00:00:00Z,Not Available,NA,Not Available,NA,Yes,Kerala,Not Available,Not Available,No,NA,Bar,No,Yes,Yes,Not Applicable,No,No,No,No,No,Not Available,Not Available,Not Available,"Punjab University, Chandigarh",1967,1967,Punjab and Haryana,No,No,No
Ziyad Rahman Alevakkatt Abdul Rahiman,Male,1972-05-12T00:00:00Z,Kerala,Thrikkakkara,2021-02-25T00:00:00Z,2034-05-11T00:00:00Z,No,No,Kerala,No,Not Applicable,NA,Not Applicable,NA,Not Applicable,NA,No,Not Applicable,Not Applicable,Not Applicable,No,NA,Bar,No,Yes,No,Not Applicable,Yes,No,No,No,Yes,"Cardinal High School, Thrikkakkara","St.Paul's College, Kalamassery",Arts,"YMS Law College, Kundapura, Karnataka",1996,1997,Kerala,No,No,No
