Name of the Judge,Gender,Date of Birth,State of Birth,Place of Birth,Date of Appointment,Date of Retirement,If Died in Office,If resigned from office,Parent High Court,If transferred to any other High Court,"If yes, which High Court 1",Date of such transfer - 1,"If yes, which High Court 2",Date of such transfer – 2,"If yes, which High Court 3",Date of such transfer - 3,If appointed Chief Justice in another High Court,"If yes, which High Court – 1","If yes, which High Court – 2","If yes, which High Court – 3",If appointed to the Supreme Court,Date of appointment to the Supreme Court,Cadre,Experience in Subordinate Judiciary,Litigation Experience,If a Senior Advocate,Experience in High Court Administrative Post,If served as Counsel for Government/PSU/Statutory Body,If served as Advocate General,If empanelled by Banks,If empanelled by Private Companies,Chamber Details,Schooling Information,Graduation Institution,Graduation Specialization,Law Degree Institution,Law Degree Year,Bar Enrolment Year,State Bar Association where enrolled,Foreign Degree in Law,Post-Graduate in another subject,Post-Graduate in Law
Abhay Manohar Sapre,Male,1954-08-28T00:00:00Z,Madhya Pradesh,Jabalpur,1999-10-25T00:00:00Z,2019-08-27T00:00:00Z,No,No,Madhya Pradesh,Yes,Rajasthan,2010-02-11T00:00:00Z,Chhattisgarh,2012-04-23T00:00:00Z,Not Applicable,Not Applicable,Yes,Manipur,Not Applicable,Not Applicable,Yes,2014-08-13T00:00:00Z,Bar,No,Yes,No,Not Applicable,Yes,No,No,No,No,"Model High School, Jabalpur","Government Arts College, Jabalpur",Arts,"University Teaching Department (VTD) Jabalpur, University of Jabalpur",Not Available,1978,Madhya Pradesh,No,No,No
Achintya Barua,Male,1961-12-15T00:00:00Z,Not Available,Not Available,2016-11-15T00:00:00Z,2023-12-14T00:00:00Z,No,No,Gauhati,No,Not Applicable,Not Applicable,Not Applicable,Not Applicable,Not Applicable,Not Applicable,No,Not Applicable,Not Applicable,Not Applicable,No,Not Applicable,Bar,No,Yes,Yes,Not Applicable,Yes,No,No,No,No,"Kendriya Vidyalaya, Guwahati",Utkal University,Not Available,"Government Law College, Guwahati under Gauhati University",Not Available,1988,"Assam, Nagaland, Meghalaya, Manipur, Tripura, Mizoram, Arunachal Pradesh and Sikkim",No,Yes,No
Adarsh Kumar Goel,Male,1953-07-07T00:00:00Z,Haryana,Hissar,2001-07-02T00:00:00Z,2015-07-06T00:00:00Z,No,No,Punjab and Haryana,No,Not Applicable,Not Applicable,Not Applicable,Not Applicable,Not Applicable,Not Applicable,Yes,Gauhati,Orissa,Not Applicable,Yes,2014-07-07T00:00:00Z,Bar,No,Yes,Yes,Not Applicable,Yes,No,No,No,No,Not Available,"Panjab University, Chandigarh",Arts,"Panjab University, Chandigarh",Not Available,1974,Punjab and Haryana,No,No,No
Aftab Hussain Saikia,Male,1949-04-07T00:00:00Z,Assam,Village Dampur under Hajo Police Station in the District of Kamrup,2000-11-15T00:00:00Z,2011-04-06T00:00:00Z,No,No,Gauhati,No,Not Applicable,Not Applicable,Not Applicable,Not Applicable,Not Applicable,Not Applicable,Yes,Sikkim,J&K and Ladakh,Not Applicable,No,Not Applicable,Bar,No,Yes,Yes,Not Applicable,Yes,No,No,No,No,Not Available,"Cotton College, Guwahat",Science,Gauhati University,1974,1974,"Assam, Nagaland, Meghalaya, Manipur, Tripura, Mizoram, Arunachal Pradesh and Sikkim",No,No,Yes
Ajai Lamba,Male,1958-09-21T00:00:00Z,Punjab,Abohar,2006-03-22T00:00:00Z,2020-09-20T00:00:00Z,No,No,Punjab and Haryana,Yes,Allahabad,2011-12-09T00:00:00Z,Not Applicable,Not Applicable,Not Applicable,Not Applicable,Yes,Gauhati,Not Applicable,Not Applicable,No,Not Applicable,Bar,No,Yes,No,Not Applicable,Yes,No,No,No,No,Not Available,"Government College, Sector 11, Chandigarh",English,"Punjab University, Chandigarh",Not Available,1981,Not Available,No,No,No
Ajit Borthakur,Male,1961-12-01T00:00:00Z,Not Available,Not Available,2016-11-15T00:00:00Z,2023-11-30T00:00:00Z,No,No,Gauhati,No,Not Applicable,Not Applicable,Not Applicable,Not Applicable,Not Applicable,Not Applicable,No,Not Applicable,Not Applicable,Not Applicable,No,Not Applicable,Service,Yes,No,Not Applicable,Yes,Not Applicable,Not Applicable,Not Applicable,Not Applicable,Not Applicable,Not Available,Not Available,Arts,Gauhati University,Not Available,Not Applicable,Not Applicable,No,Yes,No
Ajit Singh,Male,1956-09-06T00:00:00Z,Not Available,Not Available,2002-04-01T00:00:00Z,2018-09-05T00:00:00Z,No,No,Madhya Pradesh,Yes,Rajasthan,2015-03-19T00:00:00Z,Gauhati,2016-03-05T00:00:00Z,Not Applicable,Not Applicable,Yes,Gauhati,Not Applicable,Not Applicable,No,Not Applicable,Bar,No,Yes,No,Not Applicable,No,No,No,No,No,Not Available,Not Available,Not Available,Not Available,Not Available,1979,Not Available,No,No,No
Ajjikuttira Bopanna,Male,1959-05-20T00:00:00Z,Not Available,Not Available,2006-01-06T00:00:00Z,2024-05-19T00:00:00Z,No,No,Karnataka,No,Not Applicable,Not Applicable,Not Applicable,Not Applicable,Not Applicable,Not Applicable,Yes,Gauhati,Not Applicable,Not Applicable,Yes,2019-05-24T00:00:00Z,Bar,No,Yes,No,Not Applicable,Yes,No,No,No,No,Not Available,Not Available,Not Available,Not Available,Not Available,1984,Not Available,No,No,No
Alokbaran Pal,Male,1946-02-01T00:00:00Z,Not Available,Not Available,2004-11-01T00:00:00Z,2008-01-31T00:00:00Z,No,No,Gauhati,No,Not Applicable,Not Applicable,Not Applicable,Not Applicable,Not Applicable,Not Applicable,No,Not Applicable,Not Applicable,Not Applicable,No,Not Applicable,Service,Yes,Yes,No,Yes,No,No,No,No,No,Not Available,Not Available,Not Available,Not Available,Not Available,1973,Not Available,No,No,No
Amitava Roy,Male,1953-03-01T00:00:00Z,West Bengal,Kolkata,2002-02-04T00:00:00Z,2018-03-01T00:00:00Z,No,No,Gauhati,No,Not Applicable,Not Applicable,Not Applicable,Not Applicable,Not Applicable,Not Applicable,Yes,Rajasthan,Orissa,Not Applicable,Yes,2015-02-27T00:00:00Z,Bar,No,Yes,Yes,Not Applicable,Yes,No,No,No,No,Not Available,Not Available,Not Available,Dibrugarh University,1976,1976,"Assam, Nagaland, Meghalaya, Manipur, Tripura, Mizoram, Arunachal Pradesh and Sikkim",No,Yes,No
Ananga Kumar Patnaik,Male,1949-06-03T00:00:00Z,Not Available,Not Available,1994-01-13T00:00:00Z,2014-06-02T00:00:00Z,No,No,Orissa,Yes,Gauhati,1994-02-07T00:00:00Z,Orissa,2002-04-15T00:00:00Z,Not Applicable,Not Applicable,Yes,Chattisgarh,Madhya Pradesh,Not Applicable,Yes,2009-11-17T00:00:00Z,Bar,No,Yes,No,Not Applicable,Yes,No,No,No,No,"Rajkumar College, Raipur",Delhi University,Arts,"Madhusudan Law College, Cuttack",Not Available,1974,Orissa,No,No,Yes
Anima Hazarika,Female,1952-01-01T00:00:00Z,Not Available,Not Available,2004-11-01T00:00:00Z,2013-12-31T00:00:00Z,No,No,Gauhati,No,Not Applicable,Not Applicable,Not Applicable,Not Applicable,Not Applicable,Not Applicable,No,Not Applicable,Not Applicable,Not Applicable,No,Not Applicable,Bar,No,Yes,No,Not Applicable,Yes,No,Yes,No,No,Not Available,Not Available,Not Available,Not Available,Not Available,1978,Not Available,No,No,No
Anup Deb,Male,1943-01-02T00:00:00Z,Not Available,Not Available,1994-12-16T00:00:00Z,2002-03-12T00:00:00Z,No,No,Sikkim,Yes,Gauhati,1995-02-09T00:00:00Z,Orissa,1996-04-02T00:00:00Z,Not Applicable,Not Applicable,No,Not Applicable,Not Applicable,Not Applicable,No,Not Applicable,Bar,No,Yes,No,Not Applicable,Yes,Yes,No,Yes,No,Not Available,Not Available,Not Available,"University College of Law, Calcutta",Not Available,1972,West Bengal,No,No,No
Arun Chandra Upadhyay,Male,1951-07-27T00:00:00Z,Not Available,Not Available,2008-12-28T00:00:00Z,2013-07-26T00:00:00Z,No,No,Gauhati,No,Not Applicable,Not Applicable,Not Applicable,Not Applicable,Not Applicable,Not Applicable,No,Not Applicable,Not Applicable,Not Applicable,No,Not Applicable,Service,Yes,Yes,No,Yes,No,No,No,No,No,Not Available,Not Available,Science,University of Law College under the Gauhati University,Not Available,1976,Not Available,No,No,No
Arup Kumar Goswami,Male,1961-03-11T00:00:00Z,Assam,Jorhat,2011-01-24T00:00:00Z,2023-03-10T00:00:00Z,No,No,Gauhati,No,Not Applicable,Not Applicable,Not Applicable,Not Applicable,Not Applicable,Not Applicable,Yes,Sikkim,Andhra Pradesh,Not Applicable,No,Not Applicable,Bar,No,Yes,Yes,Not Applicable,Yes,No,No,No,No,Not Available,Cotton College under Gauhati University,Economics,"Government Law College, GuwahatI under Gauhati University",1985,1985,"Assam, Nagaland, Meghalaya, Manipur, Tripura, Mizoram, Arunachal Pradesh and Sikkim",No,No,No
Asok Potsangbam,Male,1949-04-21T00:00:00Z,Manipur,Imphal,2007-09-26T00:00:00Z,2013-05-31T00:00:00Z,No,No,Gauhati,No,Not Applicable,Not Applicable,Not Applicable,Not Applicable,Not Applicable,Not Applicable,No,Not Applicable,Not Applicable,Not Applicable,No,Not Applicable,Bar,No,Yes,Yes,Not Applicable,Yes,Yes,No,No,No,Not Available,Calcutta University,Arts,Delhi University,1974,Not Available,Not Available,No,No,No
B. Sudershan Reddy,Male,1946-07-08T00:00:00Z,Andhra Pradesh,"Akula Mylaram Village, erstwhile Ibrahimpatnam Taluq, presently Kandukur Revenue Mandal, Rangareddy District",1995-05-02T00:00:00Z,2011-07-07T00:00:00Z,No,No,Andhra Pradesh,No,Not Applicable,Not Applicable,Not Applicable,Not Applicable,Not Applicable,Not Applicable,Yes,Gauhati,Not Applicable,Not Applicable,Yes,2007-01-12T00:00:00Z,Bar,No,Yes,No,Not Applicable,Yes,No,No,No,Yes,Not Available,Not Available,Not Available,"Osmania University, Hyderabad",Not Available,1971,Andhra Pradesh,No,No,No
Basu Agarwal,Male,1952-06-17T00:00:00Z,Assam,"Chaparmukh, District Nagaon",2006-10-12T00:00:00Z,2014-06-16T00:00:00Z,No,No,Gauhati,No,Not Applicable,Not Applicable,Not Applicable,Not Applicable,Not Applicable,Not Applicable,No,Not Applicable,Not Applicable,Not Applicable,No,Not Applicable,Service,Yes,Yes,No,No,No,No,No,No,No,Not Available,Not Available,Not Available,Not Available,1971,Not Available,Not Available,No,No,No
Beryl Lamare,Male,1943-12-23T00:00:00Z,Not Available,Not Available,2000-11-15T00:00:00Z,2005-12-22T00:00:00Z,No,No,Gauhati,No,Not Applicable,Not Applicable,Not Applicable,Not Applicable,Not Applicable,Not Applicable,No,Not Applicable,Not Applicable,Not Applicable,No,Not Applicable,Bar,No,Yes,Yes,Not Applicable,No,No,No,No,No,Not Available,Not Available,Not Available,Not Available,Not Available,1975,Not Available,No,No,No
Biplab Kumar Sarma,Male,1954-02-01T00:00:00Z,Assam,Guwahati,2003-12-02T00:00:00Z,2016-01-31T00:00:00Z,No,No,Gauhati,No,Not Applicable,Not Applicable,Not Applicable,Not Applicable,Not Applicable,Not Applicable,No,Not Applicable,Not Applicable,Not Applicable,No,Not Applicable,Bar,No,Yes,Yes,Not Applicable,Yes,No,No,Yes,No,Not Available,Gauhati University,Science,Gauhati University,Not Available,1977,Not Available,No,Yes,Yes
Bishwendra Singh,Male,1939-02-10T00:00:00Z,Not Available,Not Available,1994-03-16T00:00:00Z,2001-02-09T00:00:00Z,No,No,Patna,Yes,Gauhati,1994-04-25T00:00:00Z,Not Applicable,Not Applicable,Not Applicable,Not Applicable,No,Not Applicable,Not Applicable,Not Applicable,No,Not Applicable,Service,Yes,No,Not Applicable,No,Not Applicable,Not Applicable,Not Applicable,Not Applicable,Not Applicable,Not Available,Not Available,Not Available,Not Available,Not Available,Not Applicable,Not Applicable,No,No,No
Biswendu Deb,Male,1946-01-03T00:00:00Z,Not Available,Not Available,2000-11-15T00:00:00Z,2003-04-13T00:00:00Z,Yes,No,Gauhati,No,Not Applicable,Not Applicable,Not Applicable,Not Applicable,Not Applicable,Not Applicable,No,Not Applicable,Not Applicable,Not Applicable,No,Not Applicable,Bar,Yes,Yes,Yes,No,Yes,Yes,No,No,No,Not Available,Not Available,Not Available,Not Available,Not Available,1972,Not Available,No,No,No
Brojendra Katakey,Male,1952-06-28T00:00:00Z,Not Available,Not Available,2004-11-01T00:00:00Z,2014-06-27T00:00:00Z,No,No,Gauhati,No,Not Applicable,Not Applicable,Not Applicable,Not Applicable,Not Applicable,Not Applicable,No,Not Applicable,Not Applicable,Not Applicable,No,Not Applicable,Bar,No,Yes,Yes,Not Applicable,Yes,No,Yes,No,No,Not Available,"Darrang College, Tezpur",Science,"University Law College, under Gauhati University",Not Available,1977,Not Available,No,No,No
Chittaranjan Sarma,Male,1954-03-01T00:00:00Z,Not Available,Not Available,2008-12-28T00:00:00Z,2016-02-29T00:00:00Z,No,No,Gauhati,No,Not Applicable,Not Applicable,Not Applicable,Not Applicable,Not Applicable,Not Applicable,No,Not Applicable,Not Applicable,Not Applicable,No,Not Applicable,Service,Yes,Yes,No,Yes,No,No,No,No,No,Not Available,Not Available,Science,University of Law College under the Gauhati University,Not Available,1977,Not Available,No,No,No
Dhiresh Chowdhury,Male,1938-11-01T00:00:00Z,Not Available,Not Available,1996-01-29T00:00:00Z,2000-10-31T00:00:00Z,No,No,Gauhati,No,Not Applicable,Not Applicable,Not Applicable,Not Applicable,Not Applicable,Not Applicable,No,Not Applicable,Not Applicable,Not Applicable,No,Not Applicable,Bar,No,Yes,No,Not Applicable,No,No,No,No,No,Not Available,Not Available,Not Available,Not Available,Not Available,1966,Not Available,No,No,No
Dinendra Biswas,Male,1945-09-01T00:00:00Z,Not Available,Not Available,1997-10-31T00:00:00Z,2007-08-31T00:00:00Z,No,No,Gauhati,No,Not Applicable,Not Applicable,Not Applicable,Not Applicable,Not Applicable,Not Applicable,No,Not Applicable,Not Applicable,Not Applicable,No,Not Applicable,Service,Yes,Yes,No,Yes,No,No,No,No,No,Not Available,Not Available,Not Available,Not Available,Not Available,1968,Not Available,No,No,No
Haobam Kumar Singh,Male,1941-09-01T00:00:00Z,Not Available,Not Available,1997-06-26T00:00:00Z,2003-08-31T00:00:00Z,No,No,Gauhati,No,Not Applicable,Not Applicable,Not Applicable,Not Applicable,Not Applicable,Not Applicable,No,Not Applicable,Not Applicable,Not Applicable,No,Not Applicable,Service,Yes,Yes,No,Yes,No,No,No,No,No,Not Available,Not Available,Not Available,Not Available,Not Available,1966,Not Available,No,No,No
Hareswar Baruah,Male,1949-11-01T00:00:00Z,Not Available,Not Available,2007-07-04T00:00:00Z,2011-10-31T00:00:00Z,No,No,Gauhati,No,Not Applicable,Not Applicable,Not Applicable,Not Applicable,Not Applicable,Not Applicable,No,Not Applicable,Not Applicable,Not Applicable,No,Not Applicable,Service,Yes,Yes,No,Yes,Yes,No,No,No,No,"Hawajan High School, Dist - Sonitpur","Darrang College, Tezpur",Science,"University Law College, Guwahati",1970,1974,Gauhati,No,No,No
Hirendra Nath Sarma,Male,1949-02-01T00:00:00Z,Not Available,Not Available,2004-11-01T00:00:00Z,2011-01-31T00:00:00Z,No,No,Gauhati,No,Not Applicable,Not Applicable,Not Applicable,Not Applicable,Not Applicable,Not Applicable,No,Not Applicable,Not Applicable,Not Applicable,No,Not Applicable,Bar,No,Yes,Yes,Not Applicable,Yes,No,Yes,Yes,No,Not Available,"M C College, Barpeta",Science,"J.B Law College, Guwahati",Not Available,1976,"Assam, Nagaland, Meghalaya, Manipur, Tripura, Mizoram, Arunachal Pradesh and Sikkim",No,No,No
Hitesh Kumar Sarma,Male,1960-07-01T00:00:00Z,Assam,Pathsala,2017-05-19T00:00:00Z,2022-06-30T00:00:00Z,No,No,Gauhati,No,Not Applicable,Not Applicable,Not Applicable,Not Applicable,Not Applicable,Not Applicable,No,Not Applicable,Not Applicable,Not Applicable,No,Not Applicable,Service,Yes,Yes,No,Yes,No,No,No,No,No,"MP School, Pathsala","Bajali College, Pathshala",Arts,"JB Law College, Guwahati",1973,Not Available,"Assam, Nagaland, Meghalaya, Manipur, Tripura, Mizoram, Arunachal Pradesh and Sikkim",No,No,No
Hrishikesh Roy,Male,1960-02-01T00:00:00Z,Not Available,Not Available,2006-10-12T00:00:00Z,2025-01-31T00:00:00Z,No,No,Gauhati,No,Not Applicable,Not Applicable,Not Applicable,Not Applicable,Not Applicable,Not Applicable,Yes,Kerala,Not Applicable,Not Applicable,Yes,2019-09-23T00:00:00Z,Bar,No,Yes,Yes,Not Applicable,No,No,No,No,No,Not Available,Not Available,Not Available,"Campus Law Centre, University of Delhi",Not Available,Not Available,Not Available,No,No,No
Indira Shah,Female,1954-08-17T00:00:00Z,Not Available,Not Available,2012-03-02T00:00:00Z,2016-08-16T00:00:00Z,No,No,Gauhati,No,Not Applicable,Not Applicable,Not Applicable,Not Applicable,Not Applicable,Not Applicable,No,Not Applicable,Not Applicable,Not Applicable,No,Not Applicable,Service,Yes,Yes,No,Yes,No,No,No,No,No,Not Available,Not Available,Not Available,"University Law College, Dibrugarh",1985,1978,Not Available,No,Yes,No
Iqbal Ansari,Male,1954-10-29T00:00:00Z,Assam,Tezpur,2002-03-04T00:00:00Z,2016-10-28T00:00:00Z,No,No,Gauhati,No,Not Applicable,Not Applicable,Not Applicable,Not Applicable,Not Applicable,Not Applicable,No,Not Applicable,Not Applicable,Not Applicable,No,Not Applicable,Service,Yes,Yes,No,Yes,No,No,No,No,No,Not Available,"Darrang College, Tezpur",Science,Tezpur Law College,1982,Not Available,Not Available,No,No,No
Jasti Chelameswar,Male,1953-06-23T00:00:00Z,Andhra Pradesh,"Pedda Muttevi, Movya Mandal in Krishna District",1997-06-23T00:00:00Z,2018-06-22T00:00:00Z,No,No,Andhra Pradesh,No,Not Applicable,Not Applicable,Not Applicable,Not Applicable,Not Applicable,Not Applicable,Yes,Gauhati,Kerala,Not Applicable,Yes,2011-10-10T00:00:00Z,Bar,No,Yes,No,Not Applicable,Yes,No,No,No,No,Hindu High School at Machilipatnam in Krishna District,Madras Loyola College,Physics,"Andhra University, Visakhapatnam",Not Available,Not Available,Not Available,No,No,No
K. Sreedhar Rao,Male,1953-10-21T00:00:00Z,Not Available,Not Available,2000-02-21T00:00:00Z,2015-10-20T00:00:00Z,No,No,Karnataka,Yes,Gauhati,2013-10-24T00:00:00Z,Not Applicable,Not Applicable,Not Applicable,Not Applicable,No,Not Applicable,Not Applicable,Not Applicable,No,Not Applicable,Service,Yes,Yes,No,No,No,No,No,No,No,Not Available,Not Available,Not Available,Not Available,1976,1976,Not Available,No,No,No
Kalyan Rai Surana,Male,1965-12-13T00:00:00Z,Not Available,Not Available,2016-11-15T00:00:00Z,2027-12-12T00:00:00Z,No,No,Gauhati,No,Not Applicable,Not Applicable,Not Applicable,Not Applicable,Not Applicable,Not Applicable,No,Not Applicable,Not Applicable,Not Applicable,No,Not Applicable,Bar,No,Yes,No,Not Applicable,No,No,No,No,No,Not Available,Not Available,Commerce (Major in Management Accountancy & Taxation),Not Available,Not Available,1992,Not Available,No,No,No
Ketulhou Meruno,Male,1951-03-11T00:00:00Z,Not Available,Not Available,2006-10-12T00:00:00Z,2013-03-11T00:00:00Z,Yes,No,Gauhati,No,Not Applicable,Not Applicable,Not Applicable,Not Applicable,Not Applicable,Not Applicable,No,Not Applicable,Not Applicable,Not Applicable,No,Not Applicable,Bar,No,Yes,No,Not Applicable,Yes,No,No,No,No,Not Available,Not Available,Not Available,Not Available,Not Available,1979,Not Available,No,No,No
Lanusungkum Jamir,Male,1964-03-01T00:00:00Z,Nagaland,"Impuh, Makokchung District",2013-05-22T00:00:00Z,2026-02-28T00:00:00Z,No,No,Gauhati,Yes,Manipur,2018-10-09T00:00:00Z,Not Applicable,Not Applicable,Not Applicable,Not Applicable,No,Not Applicable,Not Applicable,Not Applicable,No,Not Applicable,Bar,No,Yes,No,Not Applicable,Yes,No,No,No,No,Not Available,Not Available,History,North Eastern Hill University,1991,1989,"Assam, Nagaland, Meghalaya, Manipur, Tripura, Mizoram, Arunachal Pradesh and Sikkim",No,No,No
Madan Bhimarao Lokur,Male,1953-12-31T00:00:00Z,Not Available,Not Available,1999-02-19T00:00:00Z,2018-12-30T00:00:00Z,No,No,Delhi,No,Not Applicable,Not Applicable,Not Applicable,Not Applicable,Not Applicable,Not Applicable,Yes,Gauhati,Andhra Pradesh,Not Applicable,Yes,2012-06-04T00:00:00Z,Bar,No,Yes,Yes,Not Applicable,Yes,No,No,No,No,"St. Josephs Collegiate, Allahabad","St. Stephen's College, Delhi University",History,"Faculty of Law, Delhi University",1988,1977,Not Available,No,No,No
Maibam Singh,Male,1948-09-01T00:00:00Z,Manipur,Imphal,2004-11-01T00:00:00Z,2010-09-01T00:00:00Z,No,No,Gauhati,No,Not Applicable,Not Applicable,Not Applicable,Not Applicable,Not Applicable,Not Applicable,No,Not Applicable,Not Applicable,Not Applicable,No,Not Applicable,Service,Yes,Yes,No,Yes,No,No,No,No,No,Not Available,Gauhati University,B.Sc.,"Aligarh Muslim University, Aligarh",Not Available,1976,"Assam, Nagaland, Meghalaya, Manipur, Tripura, Mizoram, Arunachal Pradesh and Sikkim",No,No,Yes
Manash Ranjan Pathak,Male,1965-08-28T00:00:00Z,Assam,Guwahati,2013-05-22T00:00:00Z,2027-08-27T00:00:00Z,No,No,Gauhati,No,Not Applicable,Not Applicable,Not Applicable,Not Applicable,Not Applicable,Not Applicable,No,Not Applicable,Not Applicable,Not Applicable,No,Not Applicable,Bar,No,Yes,No,Not Applicable,Yes,No,No,No,No,"Kendriya Vidyalaya, Khanapara, Guwahati",St. Josephs’ College,Arts,"Government Law College, Panbazar, Guwahati, Gauhati University",1977,1990,"Assam, Nagaland, Meghalaya, Manipur, Tripura, Mizoram, Arunachal Pradesh and Tripura",No,No,No
Manish Choudhury,Male,1972-03-01T00:00:00Z,Not Available,Not Available,2019-01-18T00:00:00Z,2034-03-01T00:00:00Z,No,No,Gauhati,No,Not Applicable,Not Applicable,Not Applicable,Not Applicable,Not Applicable,Not Applicable,No,Not Applicable,Not Applicable,Not Applicable,No,Not Applicable,Bar,No,Yes,Yes,Not Applicable,Yes,No,No,Yes,No,"Cotton College, Guwahati","Ramjas College, University of Delhi",Economics,J.B. Law College under the Gauhati University.,1972,1999,"Assam, Nagaland, Meghalaya, Manipur, Tripura, Mizoram, Arunachal Pradesh and Sikkim",No,Yes,No
Manojit Bhuyan,Male,1959-02-05T00:00:00Z,Assam,Guwahati,2017-01-03T00:00:00Z,2021-02-04T00:00:00Z,No,No,Gauhati,No,Not Applicable,Not Applicable,Not Applicable,Not Applicable,Not Applicable,Not Applicable,No,Not Applicable,Not Applicable,Not Applicable,No,Not Applicable,Bar,No,Yes,Yes,Not Applicable,Yes,No,Yes,No,No,"Don Bosco School, Guwahati","Cotton College, Guwahati",English,Not Available,Not Available,1987,"Assam, Nagaland, Meghalaya, Manipur, Tripura, Mizoram, Arunachal Pradesh and Sikkim",No,Yes,No
Michael Zothankhuma,Male,1965-10-23T00:00:00Z,Not Available,Not Available,2015-01-07T00:00:00Z,2027-10-22T00:00:00Z,No,No,Gauhati,No,Not Applicable,Not Applicable,Not Applicable,Not Applicable,Not Applicable,Not Applicable,No,Not Applicable,Not Applicable,Not Applicable,No,Not Applicable,Bar,No,Yes,Yes,Not Applicable,No,No,No,No,No,"St. Edmund's School, Shillong",Hindu College under Delhi University.,English,Campus Law Centre under Delhi University,1987,Not Available,Not Available,No,No,No
Mir Ali,Male,1959-04-21T00:00:00Z,Assam,Ekrabari in the district of Udalguri,2017-05-19T00:00:00Z,2021-04-20T00:00:00Z,No,No,Gauhati,No,Not Applicable,Not Applicable,Not Applicable,Not Applicable,Not Applicable,Not Applicable,No,Not Applicable,Not Applicable,Not Applicable,No,Not Applicable,Service,Yes,Yes,No,Yes,No,No,No,No,No,Kharupetia High School,Mangaldoi College,Economics,Gauhati University,Not Available,1985,"Assam, Nagaland, Meghalaya, Manipur, Tripura, Mizoram, Arunachal Pradesh and Sikkim",No,Yes,No
Mohan Lal Singhal,Male,1938-07-10T00:00:00Z,Not Available,Not Available,1997-02-03T00:00:00Z,2000-07-09T00:00:00Z,No,No,Allahabad,Yes,Gauhati,1999-07-28T00:00:00Z,Not Applicable,Not Applicable,Not Applicable,Not Applicable,No,Not Applicable,Not Applicable,Not Applicable,No,Not Applicable,Service,Yes,No,Not Applicable,No,Not Applicable,Not Applicable,Not Applicable,Not Applicable,Not Applicable,Not Available,Not Available,Not Available,Not Available,Not Available,Not Applicable,Not Applicable,No,No,No
Mukundakam Sharma,Male,1946-09-18T00:00:00Z,West Bengal,Kolkata,1994-01-10T00:00:00Z,2011-09-17T00:00:00Z,No,No,Gauhati,Yes,Patna,1994-02-14T00:00:00Z,Delhi,1994-12-12T00:00:00Z,Not Applicable,Not Applicable,Yes,Delhi,Not Applicable,Not Applicable,Yes,2008-04-09T00:00:00Z,Bar,No,Yes,No,Not Applicable,Yes,Yes,No,No,No,"Cotton College, Guwahati","Ramjas College, Delhi University",Arts,Gauhati University,Not Available,Not Available,"Assam, Nagaland, Meghalaya, Manipur, Tripura, Mizoram, Arunachal Pradesh and Sikkim",No,Yes,Yes
Mutum Singh,Male,1950-01-27T00:00:00Z,Not Available,Not Available,2006-10-12T00:00:00Z,2012-01-27T00:00:00Z,No,No,Gauhati,No,Not Applicable,Not Applicable,Not Applicable,Not Applicable,Not Applicable,Not Applicable,No,Not Applicable,Not Applicable,Not Applicable,No,Not Applicable,Service,Yes,Yes,No,Yes,Yes,No,No,No,No,Not Available,Not Available,Not Available,Not Available,Not Available,1977,Not Available,No,No,No
Nani Tagia,Male,1969-05-16T00:00:00Z,Not Available,Not Available,2018-11-19T00:00:00Z,2031-05-16T00:00:00Z,No,No,Gauhati,No,Not Applicable,Not Applicable,Not Applicable,Not Applicable,Not Applicable,Not Applicable,No,Not Applicable,Not Applicable,Not Applicable,No,Not Applicable,Bar,No,Yes,Yes,Not Applicable,No,No,No,No,No,"Govt. Higher Secondary School, Ziro, Lower Subansiri District, Arunachal Pradesh","Govt. College, Itanagar (Arunachal University)",Arts,Campus Law Centre (Delhi University).,1986,Not Available,Not Available,No,No,No
Nelson Sailo,Male,1968-10-09T00:00:00Z,Not Available,Not Available,2016-11-15T00:00:00Z,2030-10-09T00:00:00Z,No,No,Gauhati,No,Not Applicable,Not Applicable,Not Applicable,Not Applicable,Not Applicable,Not Applicable,No,Not Applicable,Not Applicable,Not Applicable,No,Not Applicable,Bar,No,Yes,Yes,Not Applicable,Yes,No,No,No,Yes,"St. Paula's High School, Aizawl","St. Anthony's College, Shillong under the North Eastern Hill University (NEHU)",Arts,"Shillong Law College, NEHU",Not Available,1996,"Assam, Nagaland, Meghalaya, Manipur, Tripura, Mizoram, Arunachal Pradesh and Sikkim",No,No,No
Nishitendu Chaudhury,Male,1961-02-01T00:00:00Z,Not Available,Not Available,2013-05-22T00:00:00Z,2016-11-12T00:00:00Z,Yes,No,Gauhati,No,Not Applicable,Not Applicable,Not Applicable,Not Applicable,Not Applicable,Not Applicable,No,Not Applicable,Not Applicable,Not Applicable,No,Not Applicable,Bar,No,Yes,No,Not Applicable,No,No,No,No,Yes,Karimganj Government HS School,"G.C. College, Silchar",Zoology,A.K. Chanda Law College,Not Available,Not Available,Not Available,No,No,Yes
Nongmeikapam Singh,Male,1963-03-01T00:00:00Z,Manipur,Imphal,2011-10-17T00:00:00Z,2025-02-28T00:00:00Z,No,No,Gauhati,Yes,Manipur,2013-03-23T00:00:00Z,Not Applicable,Not Applicable,Not Applicable,Not Applicable,No,Not Applicable,Not Applicable,Not Applicable,No,Not Applicable,Bar,No,Yes,Yes,Not Applicable,Yes,Yes,Yes,No,No,"Ramakrishna Mission Vidyapith, Purulia, West Bengal and Pre University Course in Science from St. Anthonyâ€™s College, Shillong","Kirori Mal College, Delhi University",Political Science,"Campus Law Centre, Delhi University",Not Available,1986,Not Available,No,No,No
Nongothomban Singh,Male,1946-03-01T00:00:00Z,Not Available,Not Available,1996-01-29T00:00:00Z,2008-03-01T00:00:00Z,No,No,Gauhati,Yes,Sikkim,2003-01-06T00:00:00Z,Not Applicable,Not Applicable,Not Applicable,Not Applicable,No,Not Applicable,Not Applicable,Not Applicable,No,Not Applicable,Bar,No,Yes,No,Not Applicable,No,No,No,No,No,Not Available,Not Available,Not Available,Not Available,1995,1970,Not Available,No,No,No
Pabitra Kumar Ghosh,Female,1936-01-01T00:00:00Z,Not Available,Not Available,1994-11-17T00:00:00Z,1998-01-01T00:00:00Z,No,No,Calcutta,Yes,Gauhati,1994-12-19T00:00:00Z,Not Applicable,Not Applicable,Not Applicable,Not Applicable,No,Not Applicable,Not Applicable,Not Applicable,No,Not Applicable,Service,Yes,No,Not Applicable,No,Not Applicable,Not Applicable,Not Applicable,Not Applicable,Not Applicable,Not Available,Not Available,Not Available,Not Available,Not Available,Not Applicable,Not Applicable,No,No,No
Paran Kumar Phukan,Male,1955-10-29T00:00:00Z,Assam,Jorhat,2015-01-07T00:00:00Z,2017-10-28T00:00:00Z,No,No,Gauhati,No,Not Applicable,Not Applicable,Not Applicable,Not Applicable,Not Applicable,Not Applicable,No,Not Applicable,Not Applicable,Not Applicable,No,Not Applicable,Service,Yes,Yes,No,Yes,No,No,No,No,No,Not Available,".B. College, Jorhat",Science,Not Available,1966,1983,"Assam, Nagaland, Meghalaya, Manipur, Tripura, Mizoram, Arunachal Pradesh and Sikkim",No,No,No
Parthivjyoti Saikia,Male,1965-04-18T00:00:00Z,Not Available,Not Available,2019-11-26T00:00:00Z,2027-04-15T00:00:00Z,No,No,Gauhati,No,Not Applicable,Not Applicable,Not Applicable,Not Applicable,Not Applicable,Not Applicable,No,Not Applicable,Not Applicable,Not Applicable,No,Not Applicable,Service,Yes,No,Not Applicable,No,Not Applicable,Not Applicable,Not Applicable,Not Applicable,Not Applicable,Not Available,Not Available,Not Available,Not Available,Not Available,Not Applicable,Not Applicable,No,No,No
Prabhat Phukan,Male,1940-12-01T00:00:00Z,Not Available,Not Available,1997-06-26T00:00:00Z,2002-11-30T00:00:00Z,No,No,Gauhati,No,Not Applicable,Not Applicable,Not Applicable,Not Applicable,Not Applicable,Not Applicable,No,Not Applicable,Not Applicable,Not Applicable,No,Not Applicable,Service,Yes,Yes,No,Yes,No,No,No,No,No,Not Available,Not Available,Not Available,Not Available,Not Available,1964,Not Available,No,No,No
Pradip Kumar Sarkar,Male,1941-07-16T00:00:00Z,Not Available,Not Available,1996-02-26T00:00:00Z,2003-07-15T00:00:00Z,No,No,Gauhati,No,Not Applicable,Not Applicable,Not Applicable,Not Applicable,Not Applicable,Not Applicable,No,Not Applicable,Not Applicable,Not Applicable,No,Not Applicable,Service,Yes,Yes,No,No,No,No,No,No,No,Not Available,Not Available,Not Available,Not Available,Not Available,1966,Not Available,No,No,No
Prahladrai Agarwal,Male,Not Available,Not Available,Not Available,1998-07-23T00:00:00Z,2007-03-30T00:00:00Z,No,No,Gauhati,No,Not Applicable,Not Applicable,Not Applicable,Not Applicable,Not Applicable,Not Applicable,No,Not Applicable,Not Applicable,Not Applicable,No,Not Applicable,Service,Yes,Yes,No,Yes,No,No,No,No,No,Not Available,Not Available,Not Available,Not Available,Not Available,1968,Not Available,No,No,No
Pranab Kumar Deb,Male,1941-10-01T00:00:00Z,Not Available,Not Available,1994-01-10T00:00:00Z,2003-10-01T00:00:00Z,No,No,Gauhati,Yes,Patna,1994-02-14T00:00:00Z,Not Applicable,Not Applicable,Not Applicable,Not Applicable,No,Not Applicable,Not Applicable,Not Applicable,No,Not Applicable,Service,Yes,Yes,No,Yes,No,No,No,No,No,Not Available,Not Available,Mathematics,Calcutta University,1987,1967,"Assam, Nagaland, Meghalaya, Manipur, Tripura, Mizoram, Arunachal Pradesh and Sikkim",No,Yes,No
Pranoy Kumar Musahary,Male,1951-05-31T00:00:00Z,Assam,"Alokjhar, Gossaigaon in Kokrajhar District",2007-09-26T00:00:00Z,2013-05-30T00:00:00Z,No,No,Gauhati,No,Not Applicable,Not Applicable,Not Applicable,Not Applicable,Not Applicable,Not Applicable,No,Not Applicable,Not Applicable,Not Applicable,No,Not Applicable,Bar,No,Yes,No,Not Applicable,Yes,No,No,No,No,Not Available,"Saint Anthony's College, Shillong",Arts,Gauhati University,Not Available,1977,"Assam, Nagaland, Meghalaya, Manipur, Tripura, Mizoram, Arunachal Pradesh and Sikkim",No,Yes,No
Prasanta Kumar Deka,Male,1959-11-05T00:00:00Z,Not Available,Not Available,2016-11-15T00:00:00Z,2021-11-04T00:00:00Z,No,No,Gauhati,No,Not Applicable,Not Applicable,Not Applicable,Not Applicable,Not Applicable,Not Applicable,No,Not Applicable,Not Applicable,Not Applicable,No,Not Applicable,Bar,No,Yes,No,Not Applicable,No,No,No,No,No,Not Available,"Assam Engineering College, Jalukbari, Guwahati",Electrical Engineering,"Government Law College, Guwahati under Gauhati University",1965,1996,"Assam, Nagaland, Meghalaya, Manipur, Tripura, Mizoram, Arunachal Pradesh and Sikkim",No,No,No
Prasanta Kumar Saikia,Male,1954-01-26T00:00:00Z,Not Available,Not Available,2011-10-17T00:00:00Z,2016-01-25T00:00:00Z,No,No,Gauhati,No,Not Applicable,Not Applicable,Not Applicable,Not Applicable,Not Applicable,Not Applicable,No,Not Applicable,Not Applicable,Not Applicable,No,Not Applicable,Service,Yes,Yes,No,Yes,No,No,No,No,No,Not Available,Nagaon College,Science,Nagaon Law College under Gauhati University,1976,1979,"Assam, Nagaland, Meghalaya, Manipur, Tripura, Mizoram, Arunachal Pradesh and Sikkim",No,No,No
Ram Bhawan Misra,Male,1951-08-07T00:00:00Z,Not Available,Not Available,2001-04-24T00:00:00Z,2013-08-06T00:00:00Z,No,No,Allahabad,Yes,Gauhati,2005-01-01T00:00:00Z,Not Applicable,Not Applicable,Not Applicable,Not Applicable,No,Not Applicable,Not Applicable,Not Applicable,No,Not Applicable,Bar,No,Yes,No,Not Applicable,No,No,No,No,No,Not Available,Not Available,Science,University of Allahabad,Not Available,1986,Not Available,No,No,No
Ramesh Garg,Male,1948-06-18T00:00:00Z,Not Available,Not Available,1994-12-15T00:00:00Z,2010-06-18T00:00:00Z,No,No,Madhya Pradesh,Yes,Patna,2001-11-01T00:00:00Z,Gujarat,2005-02-28T00:00:00Z,Madhya Pradesh,2007-09-17T00:00:00Z,Yes,Gauhati,Not Applicable,Not Applicable,No,Not Applicable,Bar,No,Yes,No,Not Applicable,No,No,No,No,No,Not Available,Not Available,Not Available,Not Available,1978,1971,Not Available,No,No,No
Ranjan Gogoi,Male,1954-11-18T00:00:00Z,Not Available,Not Available,2001-02-28T00:00:00Z,2019-11-17T00:00:00Z,No,No,Gauhati,Yes,Punjab and Haryana,2010-09-09T00:00:00Z,Not Applicable,Not Applicable,Not Applicable,Not Applicable,Yes,Punjab and Haryana,Not Applicable,Not Applicable,Yes,2012-04-23T00:00:00Z,Bar,No,Yes,No,Not Applicable,No,No,No,No,No,Not Available,Not Available,Not Available,Not Available,Not Available,1978,Not Available,No,No,No
Rumi Kumari Phukan,Female,1960-07-01T00:00:00Z,Assam,Jorhat,2015-01-07T00:00:00Z,2022-06-30T00:00:00Z,No,No,Gauhati,No,Not Applicable,Not Applicable,Not Applicable,Not Applicable,Not Applicable,Not Applicable,No,Not Applicable,Not Applicable,Not Applicable,No,Not Applicable,Service,Yes,Yes,No,Yes,No,No,No,No,No,Not Available,"JB College, Jorhat",Arts,Jorhat Law College,Not Available,1987,"Assam, Nagaland, Meghalaya, Manipur, Tripura, Mizoram, Arunachal Pradesh and Sikkim",No,No,No
S. Hukato Swu,Male,1960-01-01T00:00:00Z,Nagaland,Satakha,2019-11-26T00:00:00Z,2021-12-31T00:00:00Z,No,No,Gauhati,No,Not Applicable,Not Applicable,Not Applicable,Not Applicable,Not Applicable,Not Applicable,No,Not Applicable,Not Applicable,Not Applicable,No,Not Applicable,Service,Yes,Yes,No,No,Yes,No,No,No,No,Goalpara Sainik School Assam,"St. Anthony's College Shillong,",Not Available,"Campus Law Centre- I, Delhi",1987,Not Available,Not Available,No,No,No
Sanjay Kumar Medhi,Male,1971-03-07T00:00:00Z,Assam,Guwahati,2018-11-19T00:00:00Z,2033-03-07T00:00:00Z,No,No,Gauhati,No,Not Applicable,Not Applicable,Not Applicable,Not Applicable,Not Applicable,Not Applicable,No,Not Applicable,Not Applicable,Not Applicable,No,Not Applicable,Bar,No,Yes,Yes,Not Applicable,Yes,No,No,No,Yes,"Cotton College, Guwahati","Ramjas College, Delhi University",Economics,Campus Law Centre,1963,1994,"Assam, Nagaland, Meghalaya, Manipur, Tripura, Mizoram, Arunachal Pradesh and Sikkim",No,No,No
Sohan Lal Saraf,Male,1937-06-04T00:00:00Z,Not Available,Not Available,1994-12-19T00:00:00Z,1999-06-03T00:00:00Z,No,No,Calcutta,Yes,Gauhati,1995-01-09T00:00:00Z,Not Applicable,Not Applicable,Not Applicable,Not Applicable,No,Not Applicable,Not Applicable,Not Applicable,No,Not Applicable,Bar,No,Yes,No,Not Applicable,No,No,No,No,No,Not Available,Not Available,Not Available,Not Available,Not Available,1961,Not Available,No,No,No
Songkhupchung Serto,Male,1961-03-01T00:00:00Z,Manipur,"Sagang Village, Churachandpur District",2016-03-14T00:00:00Z,2023-02-28T00:00:00Z,No,No,Manipur,Yes,Gauhati,2016-10-03T00:00:00Z,Not Applicable,Not Applicable,Not Applicable,Not Applicable,No,Not Applicable,Not Applicable,Not Applicable,No,Not Applicable,Service,Yes,Yes,No,Yes,No,No,No,No,No,Not Available,"St. Anthonyâ€™s College, Shillong",Not Available,"Law Faculty, Delhi University",1994,1986,Not Available,No,No,No
Soumitra Saikia,Male,1969-07-25T00:00:00Z,Not Available,Not Available,2019-11-26T00:00:00Z,2031-07-25T00:00:00Z,No,No,Gauhati,No,Not Applicable,Not Applicable,Not Applicable,Not Applicable,Not Applicable,Not Applicable,No,Not Applicable,Not Applicable,Not Applicable,No,Not Applicable,Bar,No,Yes,No,Not Applicable,Yes,No,No,No,No,Not Available,Not Available,Not Available,J.B.  Law College under the Gauhati University,Not Available,Not Available,"Assam, Nagaland, Meghalaya, Manipur, Tripura, Mizoram, Arunachal Pradesh and Sikkim",No,No,No
Subhasis Talapatra,Male,1961-10-04T00:00:00Z,Tripura,Udaipur,2011-11-15T00:00:00Z,2023-10-03T00:00:00Z,No,No,Gauhati,Yes,Tripura,2013-03-23T00:00:00Z,Not Applicable,Not Applicable,Not Applicable,Not Applicable,No,Not Applicable,Not Applicable,Not Applicable,No,Not Applicable,Bar,No,Yes,Yes,Not Applicable,No,No,No,No,No,Not Available,University of Calcutta,Arts,University of Calcutta,Not Available,1990,"Assam, Nagaland, Meghalaya, Manipur, Tripura, Mizoram, Arunachal Pradesh and Sikkim",No,No,No
Sudeep Ranjan Sen,Male,1957-03-09T00:00:00Z,Meghalaya,Shillong,2012-02-06T00:00:00Z,2019-03-08T00:00:00Z,No,No,Gauhati,Yes,Meghalaya,2013-03-23T00:00:00Z,Not Applicable,Not Applicable,Not Applicable,Not Applicable,No,Not Applicable,Not Applicable,Not Applicable,No,Not Applicable,Service,Yes,Yes,No,Yes,Yes,No,No,No,No,Not Available,Not Available,Arts,Shillong Law College under NEHU,Not Available,1989,"Assam, Nagaland, Meghalaya, Manipur, Tripura, Mizoram and Arunachal Pradesh",No,No,No
Sudhanshu Dhulia,Male,1960-08-10T00:00:00Z,Uttarakhand,"Lansdowne, Pauri Garhwal",2008-11-01T00:00:00Z,2022-08-09T00:00:00Z,No,No,Uttarakhand,No,Not Applicable,Not Applicable,Not Applicable,Not Applicable,Not Applicable,Not Applicable,Yes,Gauhati,Not Applicable,Not Applicable,No,Not Applicable,Bar,No,Yes,Yes,Not Applicable,Yes,No,No,No,No,Not Available,Allahabad University,Not Available,Allahabad University,1995,1986,Uttar Pradesh,No,Yes,No
Suman Shyam,Male,1969-06-12T00:00:00Z,Not Available,Not Available,2015-01-07T00:00:00Z,1931-06-11T00:00:00Z,No,No,Gauhati,No,Not Applicable,Not Applicable,Not Applicable,Not Applicable,Not Applicable,Not Applicable,No,Not Applicable,Not Applicable,Not Applicable,No,Not Applicable,Bar,No,Yes,No,Not Applicable,Yes,No,No,No,No,Not Available,Gauhati University,Science,"J.B. Law College, Guwahati",1986,1996,"Assam, Nagaland, Meghalaya, Manipur, Tripura, Mizoram, Arunachal Pradesh and Sikkim",No,No,No
Sunil Kumar Kar,Male,1942-08-01T00:00:00Z,Not Available,Not Available,2002-03-04T00:00:00Z,2004-07-31T00:00:00Z,No,No,Gauhati,No,Not Applicable,Not Applicable,Not Applicable,Not Applicable,Not Applicable,Not Applicable,No,Not Applicable,Not Applicable,Not Applicable,No,Not Applicable,Service,Yes,No,Not Applicable,No,Not Applicable,Not Applicable,Not Applicable,Not Applicable,Not Applicable,Not Available,Not Available,Not Available,Not Available,Not Available,Not Applicable,Not Applicable,No,No,No
Swapan Chandra Das,Male,1955-03-16T00:00:00Z,Not Available,Not Available,2011-10-17T00:00:00Z,2017-03-15T00:00:00Z,No,No,Gauhati,Yes,Tripura,2013-09-13T00:00:00Z,Not Applicable,Not Applicable,Not Applicable,Not Applicable,No,Not Applicable,Not Applicable,Not Applicable,No,Not Applicable,Bar,Yes,Yes,No,No,Yes,No,Yes,No,No,Not Available,Belonia College,Not Available,"University College of Law, Kolkata",Not Available,1981,Not Available,No,No,No
T. Nandakumar Singh,Male,1954-02-01T00:00:00Z,Not Available,Not Available,2004-11-25T00:00:00Z,2016-01-31T00:00:00Z,No,No,Gauhati,Yes,Meghalaya,2013-03-23T00:00:00Z,Not Applicable,Not Applicable,Not Applicable,Not Applicable,No,Not Applicable,Not Applicable,Not Applicable,No,Not Applicable,Bar,No,Yes,Yes,Not Applicable,Yes,Yes,No,No,No,Not Available,"Utkal University, Bhubaneswar",Science,Lucknow University,Not Available,1978,Not Available,No,No,No
Tinlianthang Vaiphei,Male,1956-03-01T00:00:00Z,Not Available,Not Available,2003-07-17T00:00:00Z,2018-02-28T00:00:00Z,No,No,Gauhati,No,Not Applicable,Not Applicable,Not Applicable,Not Applicable,Not Applicable,Not Applicable,Yes,Tripura,Not Applicable,Not Applicable,No,Not Applicable,Bar,No,Yes,Yes,Not Applicable,Yes,No,Yes,No,No,Not Available,"Nowrosjee Wadia College, University of Poona.",Arts,"Campus Law Centre, University of Delhi",Not Available,1980,"Assam, Nagaland, Meghalaya, Manipur, Tripura, Mizoram, Arunachal Pradesh and Sikkim",No,No,No
Ujjal Bhuyan,Male,1964-08-02T00:00:00Z,Assam,Guwahati,2011-10-17T00:00:00Z,2026-08-01T00:00:00Z,No,No,Gauhati,Yes,Bombay,2019-10-03T00:00:00Z,Not Applicable,Not Applicable,Not Applicable,Not Applicable,No,Not Applicable,Not Applicable,Not Applicable,No,Not Applicable,Bar,No,Yes,Yes,Not Applicable,Yes,No,No,No,No,"Don Bosco High School and Cotton College, Guwahati.","Kirori Mal College, Delhi University",Arts,"Government Law College, Guwahati under Gauhati University",1979,1991,"Assam, Nagaland, Meghalaya, Manipur, Tripura, Mizoram, Arunachal Pradesh and Sikkim",No,No,Yes
Utpalendu Bikas Saha,Male,1954-08-25T00:00:00Z,Tripura,Udaipur,2011-10-12T00:00:00Z,2016-08-24T00:00:00Z,No,No,Gauhati,Yes,Tripura,2013-03-23T00:00:00Z,Not Applicable,Not Applicable,Not Applicable,Not Applicable,No,Not Applicable,Not Applicable,Not Applicable,No,Not Applicable,Bar,No,Yes,Yes,Not Applicable,Yes,Yes,No,No,No,"K.B. Institution, Udaipur","Bir Bikram Evening College, Agartala",Arts,Calcutta University,1954,1978,Not Available,No,Yes,No
Zelre Angami,Male,1946-05-01T00:00:00Z,Not Available,Not Available,2006-03-22T00:00:00Z,2008-04-30T00:00:00Z,No,No,Gauhati,No,Not Applicable,Not Applicable,Not Applicable,Not Applicable,Not Applicable,Not Applicable,No,Not Applicable,Not Applicable,Not Applicable,No,Not Applicable,Bar,No,Yes,No,Not Applicable,Yes,No,No,No,No,Not Available,Gauhati University,Commerce,Dibrugarh University,1965,1972,"Assam, Nagaland, Meghalaya, Manipur, Tripura, Mizoram, Arunachal Pradesh and Sikkim",No,Yes,No
