Name of the Judge,Gender,Date of Birth,State of Birth,Place of Birth,Date of Appointment,Date of Retirement,If Died in Office,If resigned from office,Parent High Court,If transferred to any other High Court,"If yes, which High Court 1",Date of such transfer - 1,"If yes, which High Court 2",Date of such transfer – 2,"If yes, which High Court 3",Date of such transfer - 3,If appointed Chief Justice in another High Court,"If yes, which High Court – 1","If yes, which High Court – 2","If yes, which High Court – 3",If appointed to the Supreme Court,Date of appointment to the Supreme Court,Cadre,Experience in Subordinate Judiciary,Litigation Experience,If a Senior Advocate,Experience in High Court Administrative Post,If served as Counsel for Government/PSU/Statutory Body,If served as Advocate General,If empanelled by Banks,If empanelled by Private Companies,Chamber Details,Schooling Information,Graduation Institution,Graduation Specialization,Law Degree Institution,Law Degree Year,Bar Enrolment Year,State Bar Association where enrolled,Foreign Degree in Law,Post-Graduate in another subject,Post-Graduate in Law
A.K. Chawla,Male,1958-10-20T00:00:00Z,Haryana,Ambala,2016-11-08T00:00:00Z,2020-10-19T00:00:00Z,No,No,Delhi,No,Not Applicable,Not Applicable,Not Applicable,Not Applicable,Not Applicable,Not Applicable,No,Not Applicable,Not Applicable,Not Applicable,No,Not Applicable,Service,Yes,Yes,No,No,No,No,No,No,No,Kendriya Vidyalaya,Not Available,Science,Kurukshetra University,1982,Not Available,Not Available,No,No,No
A.K. Pathak,Male,1957-07-11T00:00:00Z,Not Available,Not Available,2009-05-14T00:00:00Z,2019-07-10T00:00:00Z,No,No,Delhi,No,Not Applicable,Not Applicable,Not Applicable,Not Applicable,Not Applicable,Not Applicable,No,Not Applicable,Not Applicable,Not Applicable,No,Not Applicable,Service,Yes,Yes,No,Yes,Yes,No,No,No,No,Not Available,Not Available,Science,Not Available,Not Available,1980,Delhi,No,No,No
Ajit Bharihoke,Male,1949-10-17T00:00:00Z,Not Available,Not Available,2009-05-14T00:00:00Z,2011-10-16T00:00:00Z,No,No,Delhi,No,Not Applicable,Not Applicable,Not Applicable,Not Applicable,Not Applicable,Not Applicable,No,Not Applicable,Not Applicable,Not Applicable,No,Not Applicable,Service,Yes,Yes,No,Yes,No,No,No,No,Yes,Not Available,Not Available,Science,"Punjab University, Chandigarh",Not Available,Not Available,Not Available,No,No,No
Amit Bansal,Male,1969-02-08T00:00:00Z,Delhi,Delhi,2021-02-24T00:00:00Z,2031-02-07T00:00:00Z,No,No,Delhi,No,Not Applicable,Not Applicable,Not Applicable,Not Applicable,Not Applicable,Not Applicable,No,Not Applicable,Not Applicable,Not Applicable,No,Not Applicable,Bar,No,Yes,No,Not Applicable,Yes,No,No,No,No,"Modern School, Vasant Vihar, New Delhi","Shri Ram College of Commerce, University of Delhi",Commerce,University of Delhi,1993,1993,Delhi,Yes,No,Yes
Anil Kumar,Male,1950-07-12T00:00:00Z,Not Available,Not Available,2004-07-16T00:00:00Z,2012-07-11T00:00:00Z,No,No,Delhi,No,Not Applicable,Not Applicable,Not Applicable,Not Applicable,Not Applicable,Not Applicable,No,Not Applicable,Not Applicable,Not Applicable,No,Not Applicable,Bar,No,Yes,No,Not Applicable,Yes,No,No,Yes,No,Not Available,Not Available,Not Available,Delhi University,Not Available,1974,Delhi,No,Yes,No
Anu Malhotra,Female,1960-11-27T00:00:00Z,Gujarat,Ahmedabad,2016-11-08T00:00:00Z,2022-11-26T00:00:00Z,No,No,Delhi,No,Not Applicable,Not Applicable,Not Applicable,Not Applicable,Not Applicable,Not Applicable,No,Not Applicable,Not Applicable,Not Applicable,No,Not Applicable,Service,Yes,No,Not Applicable,Yes,Not Applicable,Not Applicable,Not Applicable,Not Applicable,Not Applicable,"Duruelo Convent, Bandra, Bombay and Junior College from Mithibai College of Science, Bombay","Daulat Ram College, University of Delhi",Science,Delhi University,1983,Not Applicable,Not Applicable,No,No,No
Anup Jairam Bhambani,Male,1965-12-05T00:00:00Z,Not Available,Not Available,2018-10-22T00:00:00Z,2027-12-04T00:00:00Z,No,No,Delhi,No,Not Applicable,Not Applicable,Not Applicable,Not Applicable,Not Applicable,Not Applicable,No,Not Applicable,Not Applicable,Not Applicable,No,Not Applicable,Bar,No,Yes,Yes,Not Applicable,No,No,No,No,No,"Springdales School, New Delhi",Not Available,Not Available,Delhi University,1992,1992,Delhi,No,Yes,No
Arjan Kumar Sikri,Male,1954-03-07T00:00:00Z,Not Available,Not Available,1999-07-07T00:00:00Z,2019-03-06T00:00:00Z,No,No,Delhi,No,Not Applicable,Not Applicable,Not Applicable,Not Applicable,Not Applicable,Not Applicable,Yes,Punjab and Haryana,Not Applicable,Not Applicable,Yes,2014-04-12T00:00:00Z,Bar,No,Yes,Yes,Not Applicable,Yes,No,Yes,Yes,No,Not Available,Shri Ram College of Commerce,Commerce,Delhi University,1977,1977,Delhi,No,No,Yes
Aruna Suresh,Female,1950-02-19T00:00:00Z,Not Available,Not Available,2006-07-04T00:00:00Z,2012-02-18T00:00:00Z,No,No,Delhi,Yes,Orissa,2010-10-28T00:00:00Z,Not Applicable,Not Applicable,Not Applicable,Not Applicable,No,Not Applicable,Not Applicable,Not Applicable,No,Not Applicable,Service,Yes,No,Not Applicable,No,Not Applicable,Not Applicable,Not Applicable,Not Applicable,Not Applicable,Queens Mary School,"Indraprastha College for Women, Delhi University",Not Available,Delhi University,1972,Not Applicable,Not Applicable,No,No,No
Asha Menon,Female,1960-09-17T00:00:00Z,Kerela,Pattambi,2019-05-27T00:00:00Z,2022-09-16T00:00:00Z,No,No,Delhi,No,Not Applicable,Not Applicable,Not Applicable,Not Applicable,Not Applicable,Not Applicable,No,Not Applicable,Not Applicable,Not Applicable,No,Not Applicable,Service,Yes,Yes,No,No,No,No,No,No,No,"Kendriya Vidyalaya, Sector IV, R.K. Puram, New Delhi","Lady Shri Ram College, University of Delhi",Economics,University of Delhi,1982,1982,Delhi,No,No,Yes
Ashok Kumar Srivastava,Male,1937-07-01T00:00:00Z,Not Available,Not Available,1994-09-29T00:00:00Z,1999-06-30T00:00:00Z,No,No,Allahabad,Yes,Delhi,1994-10-18T00:00:00Z,Not Applicable,Not Applicable,Not Applicable,Not Applicable,No,Not Applicable,Not Applicable,Not Applicable,No,Not Applicable,Service,Yes,No,Not Applicable,No,Not Applicable,Not Applicable,Not Applicable,Not Applicable,Not Applicable,Not Available,Not Available,Not Available,Lucknow University,1957,Not Applicable,Not Applicable,No,Yes,No
Ashutosh Kumar,Male,1966-10-01T00:00:00Z,Not Available,Not Available,2014-05-15T00:00:00Z,2028-09-30T00:00:00Z,No,No,Patna,Yes,Delhi,2015-01-07T00:00:00Z,Patna,2017-11-21T00:00:00Z,Not Applicable,Not Applicable,No,Not Applicable,Not Applicable,Not Applicable,No,Not Applicable,Bar,No,Yes,No,Not Applicable,Yes,No,No,No,No,"St. Michaels' High School, Patna","St. Stephens' College, Delhi University",Not Available,Delhi University,Not Available,1991,Not Available,No,No,No
B. N. Chaturvedi,Male,1947-10-02T00:00:00Z,Uttar Pradesh,Allahabad,2000-12-01T00:00:00Z,2009-10-01T00:00:00Z,No,No,Delhi,No,Not Applicable,Not Applicable,Not Applicable,Not Applicable,Not Applicable,Not Applicable,No,Not Applicable,Not Applicable,Not Applicable,No,Not Applicable,Service,Yes,Yes,No,No,No,No,No,No,No,Not Available,Not Available,Not Available,Not Available,Not Available,1969,Uttar Pradesh,No,Yes,No
Badar Durrez Ahmed,Male,1956-03-16T00:00:00Z,Meghalaya,Shillong,2002-12-20T00:00:00Z,2018-03-15T00:00:00Z,No,No,Delhi,No,Not Applicable,Not Applicable,Not Applicable,Not Applicable,Not Applicable,Not Applicable,Yes,J & K and Ladakh,Not Applicable,Not Applicable,No,Not Applicable,Bar,No,Yes,No,Not Applicable,No,No,No,No,Yes,"St. Edmund's College, Shillong","St. Stephens' College, Delhi University/Trinity College, Cambridge University",Economics,Delhi University,1980,1980,Delhi,No,Yes,No
Brijesh Sethi,Male,1955-11-30T00:00:00Z,Delhi,Delhi,2019-05-27T00:00:00Z,2017-11-29T00:00:00Z,No,No,Delhi,No,Not Applicable,Not Applicable,Not Applicable,Not Applicable,Not Applicable,Not Applicable,No,Not Applicable,Not Applicable,Not Applicable,No,Not Applicable,Service,Yes,No,Not Applicable,Yes,Not Applicable,Not Applicable,Not Applicable,Not Applicable,Not Applicable,"St. Xavier's, Kanpur","Christ Church College, Kanpur",Not Available,University of Delhi,1982,Not Applicable,Not Applicable,No,No,No
C. Hari Shankar,Male,1968-05-04T00:00:00Z,Delhi,Delhi,2017-05-15T00:00:00Z,2030-05-03T00:00:00Z,No,No,Delhi,No,Not Applicable,Not Applicable,Not Applicable,Not Applicable,Not Applicable,Not Applicable,No,Not Applicable,Not Applicable,Not Applicable,No,Not Applicable,Bar,No,Yes,No,Not Applicable,Yes,No,No,No,No,St. Columba's School,"Kirori Mal College, Delhi University",Science (Chemistry),Delhi University,1993,Not Available,Not Available,No,No,No
C. K. Mahajan,male,1943-05-31T00:00:00Z,Not Available,Not Available,1999-07-05T00:00:00Z,2005-05-30T00:00:00Z,no,No,Delhi,No,Not Applicable,Not Applicable,Not Applicable,Not Applicable,Not Applicable,Not Applicable,No,Not Applicable,Not Applicable,Not Applicable,no,Not Applicable,Bar,No,Yes,no,Not Applicable,Yes,no,no,no,no,Not Available,Not Available,Not Available,Not Available,Not Available,1970,Chandigarh,no,No,No
Chander Shekhar,Male,1958-01-26T00:00:00Z,Himachal Pradesh,"Hasole (Chokath), Tehsil Dehra, District Kangra,",2016-11-08T00:00:00Z,2020-01-25T00:00:00Z,No,No,Delhi,No,Not Applicable,Not Applicable,Not Applicable,Not Applicable,Not Applicable,Not Applicable,No,Not Applicable,Not Applicable,Not Applicable,No,Not Applicable,Service,Yes,Yes,No,Yes,No,No,No,No,No,"Harcourt Butler Sr. Secondary School, New Delhi",University of Delhi,Commerce,University of Delhi,Not Available,1982,Delhi,No,No,No
Cyriac Joseph,Male,1947-01-28T00:00:00Z,Kerala,Kaipuzha (Kottayam),1994-07-06T00:00:00Z,2012-01-27T00:00:00Z,No,No,Kerala,Yes,Delhi,1994-08-05T00:00:00Z,Kerala,2001-09-21T00:00:00Z,Not Applicable,Not Applicable,Yes,Uttarakhand,Karnataka,Not Applicable,Yes,2008-07-07T00:00:00Z,Bar,No,Yes,No,Not Applicable,Yes,No,No,No,No,"St.Margarette's U.P.School and St.George's High School Kaipuzha, St.Thomas College Pala, St.Berchmans College Changanacherry",Not Available,Science,"Govt. Law College, Trivandrum",Not Available,1968,Kerala,No,No,No
D. Murugesan,Male,1951-06-10T00:00:00Z,Not Available,Not Available,2000-03-02T00:00:00Z,2013-06-09T00:00:00Z,No,No,Madras,No,Not Applicable,Not Applicable,Not Applicable,Not Applicable,Not Applicable,Not Applicable,Yes,Delhi,Not Applicable,Not Applicable,No,Not Applicable,Bar,No,Yes,No,Not Applicable,Yes,No,No,No,No,Not Available,Not Available,Not Available,Not Available,Not Available,1975,Not Available,No,No,No
Deepa Sharma,Female,1956-05-28T00:00:00Z,Not Available,Not Available,2013-04-17T00:00:00Z,2018-05-27T00:00:00Z,No,No,Delhi,No,Not Applicable,Not Applicable,Not Applicable,Not Applicable,Not Applicable,Not Applicable,No,Not Applicable,Not Applicable,Not Applicable,No,Not Applicable,Service,Yes,No,Not Applicable,No,Not Applicable,Not Applicable,Not Applicable,Not Applicable,Not Applicable,Not Available,Not Available,Science,Delhi University,1978,Not Applicable,Not Applicable,No,No,No
Dhirubhai Naranbhai Patel,Male,1960-03-13T00:00:00Z,Gujarat,Ahmedabad,2019-06-07T00:00:00Z,2022-03-12T00:00:00Z,No,No,Gujarat,Yes,Jharkhand,2009-02-03T00:00:00Z,Delhi,2019-06-07T00:00:00Z,Not Applicable,Not Applicable,Yes,Jharkhand,Not Applicable,Not Applicable,No,Not Applicable,Bar,No,Yes,No,Not Applicable,Yes,No,No,No,Yes,Not Available,"M.G..Science College, Ahmedabad",Science,"L.A. Shah Law College, Ahmedabad",1984,1984,Gujarat,No,Yes,Yes
Dipak Misra,Male,1953-10-03T00:00:00Z,Not Available,Not Available,1996-01-17T00:00:00Z,2018-10-02T00:00:00Z,No,No,Orissa,Yes,Madhya Pradesh,1997-03-03T00:00:00Z,Not Applicable,Not Applicable,Not Applicable,Not Applicable,Yes,Patna,Delhi,Not Applicable,Yes,2011-10-10T00:00:00Z,Bar,No,Yes,No,Not Applicable,No,No,No,No,No,Not Available,Not Available,Not Available,Not Available,Not Available,Not Available,Not Available,No,No,No
Dr. S. Muralidhar,Male,1961-08-08T00:00:00Z,Not Available,Not Available,2006-05-29T00:00:00Z,2023-08-07T00:00:00Z,No,No,Delhi,Yes,Punjab and Haryana,2020-03-06T00:00:00Z,Not Applicable,Not Applicable,Not Applicable,Not Applicable,Yes,Orissa,Not Applicable,Not Applicable,No,Not Applicable,Bar,No,Yes,No,Not Applicable,No,No,No,No,No,Not Available,"Vivekananda College, Chennai",Science (Chemistry),University of Madras,Not Available,1984,Madras,No,No,Yes
G. Rohini,Female,1955-04-14T00:00:00Z,Andhra Pradesh,Vishakhapatnam,2001-06-25T00:00:00Z,2017-04-13T00:00:00Z,No,No,Andhra Pradesh,No,Not Applicable,Not Applicable,Not Applicable,Not Applicable,Not Applicable,Not Applicable,Yes,Delhi,Not Applicable,Not Applicable,No,Not Applicable,Bar,No,Yes,No,Not Applicable,Yes,No,No,No,No,Not Available,Osmania University,Science,"College of Law, Andhra University, Visakhapatnam",Not Available,1980,Not Available,No,No,No
G. S. Sistani,Male,1958-03-11T00:00:00Z,Not Available,Not Available,2006-05-29T00:00:00Z,2020-03-10T00:00:00Z,No,No,Delhi,No,Not Applicable,Not Applicable,Not Applicable,Not Applicable,Not Applicable,Not Applicable,No,Not Applicable,Not Applicable,Not Applicable,No,Not Applicable,Bar,No,Yes,No,Not Applicable,Yes,No,Yes,Yes,Yes,"Frank Anthony Public School, New Delhi","Hindu College, University of Delhi",Not Available,Not Available,1982,1982,Delhi,No,No,No
Gian Parkash Mittal,Male,1953-09-02T00:00:00Z,Not Available,Not Available,2010-10-29T00:00:00Z,2015-07-08T00:00:00Z,No,Yes,Delhi,No,Not Applicable,Not Applicable,Not Applicable,Not Applicable,Not Applicable,Not Applicable,No,Not Applicable,Not Applicable,Not Applicable,No,Not Applicable,Service,Yes,Yes,No,No,No,No,No,No,No,Not Available,Not Available,Not Available,Kurukshetra University,1976,1976,Not Available,No,No,No
Gita Mittal,Female,1958-12-09T00:00:00Z,Not Available,Not Available,2004-07-16T00:00:00Z,2020-12-08T00:00:00Z,No,No,Delhi,No,Not Applicable,Not Applicable,Not Applicable,Not Applicable,Not Applicable,Not Applicable,Yes,J & K and Ladakh,Not Applicable,Not Applicable,No,Not Applicable,Bar,No,Yes,No,Not Applicable,No,No,No,No,No,Lady Irwin Higher Secondary School,"Lady Shri Ram College, Delhi University",Arts (Economics),Delhi University,1981,Not Available,Not Available,No,No,No
Hima Kohli,Female,1959-09-02T00:00:00Z,Delhi,Delhi,2006-05-29T00:00:00Z,2021-09-01T00:00:00Z,No,No,Delhi,No,Not Applicable,Not Applicable,Not Applicable,Not Applicable,Not Applicable,Not Applicable,Yes,Telengana,Not Applicable,Not Applicable,No,Not Applicable,Bar,No,Yes,No,Not Applicable,Yes,No,Yes,Yes,No,"St. Thomas School, New Delhi","St. Stephens College, University of Delhi",History,University of Delhi,1984,1984,Delhi,No,Yes,No
Inder Singh Mehta,Male,1958-04-06T00:00:00Z,Himachal Pradesh,"Village Lippa, Tehsil Moorang, District Kinnaur",2014-12-15T00:00:00Z,2020-04-05T00:00:00Z,No,No,Delhi,No,Not Applicable,Not Applicable,Not Applicable,Not Applicable,Not Applicable,Not Applicable,No,Not Applicable,Not Applicable,Not Applicable,No,Not Applicable,Service,Yes,Yes,No,No,No,No,No,No,No,"Vishesh Kendriya Vidyalaya, Janakpuri, Delhi","Hans Raj College, University of Delhi",Not Available,University of Delhi,1982,1982,Delhi,No,No,No
Indermeet Kaur,Female,1956-03-22T00:00:00Z,Not Available,Not Available,2009-05-14T00:00:00Z,2018-03-21T00:00:00Z,No,No,Delhi,No,Not Applicable,Not Applicable,Not Applicable,Not Applicable,Not Applicable,Not Applicable,No,Not Applicable,Not Applicable,Not Applicable,No,Not Applicable,Service,Yes,Yes,No,No,No,No,No,No,No,"Mater Dei Covent School, New Delhi","Lady Shri Ram College, University of Delhi",Psychology,Delhi University,Not Available,1984,Delhi,No,No,Yes
Indira Banerjee,Female,1957-09-24T00:00:00Z,Not Available,Not Available,2002-02-05T00:00:00Z,2022-09-23T00:00:00Z,No,No,Calcutta,Yes,Delhi,2015-08-08T00:00:00Z,Not Applicable,Not Applicable,Not Applicable,Not Applicable,Yes,Madras,Not Applicable,Not Applicable,Yes,2018-08-07T00:00:00Z,Bar,No,Yes,No,Not Applicable,No,No,No,No,No,"Loreto House, Calcutta",Presidency College,History,Calcutta University College of Law,Not Available,1985,Not Available,No,No,No
J P Singh,Male,1945-07-10T00:00:00Z,Not Available,Not Available,2004-07-05T00:00:00Z,2007-07-09T00:00:00Z,No,No,Delhi,No,Not Applicable,Not Applicable,Not Applicable,Not Applicable,Not Applicable,Not Applicable,No,Not Applicable,Not Applicable,Not Applicable,No,Not Applicable,Bar,Yes,Yes,No,No,No,No,No,No,No,Not Available,Not Available,Not Available,Not Available,Not Available,1969,Delhi,No,Yes,No
J. B. Goel,Male,1938-08-05T00:00:00Z,Not Available,Not Available,1995-05-17T00:00:00Z,2000-08-04T00:00:00Z,No,No,Delhi,No,Not Applicable,Not Applicable,Not Applicable,Not Applicable,Not Applicable,Not Applicable,No,Not Applicable,Not Applicable,Not Applicable,No,Not Applicable,Service,Yes,Yes,No,No,No,No,No,No,No,Not Available,Not Available,Not Available,Not Available,Not Available,Not Available,Not Available,No,No,No
J. M. Malik,Male,1946-07-18T00:00:00Z,Not Available,Not Available,2006-02-28T00:00:00Z,2008-07-17T00:00:00Z,No,No,Delhi,No,Not Applicable,Not Applicable,Not Applicable,Not Applicable,Not Applicable,Not Applicable,No,Not Applicable,Not Applicable,Not Applicable,No,Not Applicable,Service,Yes,Yes,No,No,No,No,No,No,No,Not Available,Punjab University,Not Available,Punjab University,1968,1969,Punjab and Haryana,No,No,No
Jagjivan Ram Midha,Male,1959-07-08T00:00:00Z,Not Available,Not Available,2008-04-11T00:00:00Z,2021-07-07T00:00:00Z,No,No,Delhi,No,Not Applicable,Not Applicable,Not Applicable,Not Applicable,Not Applicable,Not Applicable,No,Not Applicable,Not Applicable,Not Applicable,No,Not Applicable,Bar,No,Yes,No,Not Applicable,Yes,No,No,No,No,Not Available,Not Available,Science,Not Available,Not Available,1982,Not Available,No,No,No
Jasmeet Singh,Male,1968-02-26T00:00:00Z,Delhi,Delhi,2021-02-24T00:00:00Z,2030-02-25T00:00:00Z,No,No,Delhi,No,Not Applicable,Not Applicable,Not Applicable,Not Applicable,Not Applicable,Not Applicable,No,Not Applicable,Not Applicable,Not Applicable,No,Not Applicable,Bar,No,Yes,No,Not Applicable,Yes,No,No,No,No,"St. Xavier's School, New Delhi","Hindu College, University of Delhi",Commerce,University of Delhi,1992,1992,Delhi,No,No,No
Jayant Nath,Male,1959-11-10T00:00:00Z,Not Available,Not Available,2013-04-17T00:00:00Z,2021-11-09T00:00:00Z,No,No,Delhi,No,Not Applicable,Not Applicable,Not Applicable,Not Applicable,Not Applicable,Not Applicable,No,Not Applicable,Not Applicable,Not Applicable,No,Not Applicable,Bar,No,Yes,Yes,Not Applicable,Yes,No,No,No,Yes,"Delhi Public School, Mathura Road","St. Stephen's College, Delhi University",Arts (Economics),Delhi University,1982,Not Available,Not Available,No,No,No
Jiwan Dass Kapoor,Male,1942-04-10T00:00:00Z,Not Available,Not Available,2000-12-01T00:00:00Z,2004-04-09T00:00:00Z,No,No,Delhi,No,Not Applicable,Not Applicable,Not Applicable,Not Applicable,Not Applicable,Not Applicable,No,Not Applicable,Not Applicable,Not Applicable,No,Not Applicable,Service,Yes,Yes,No,No,No,No,No,No,No,Entire education from School to College level from erstwhile Punjab,Not Available,Arts,Not Available,Not Available,Not Available,Not Available,No,No,No
Jyoti Singh,Female,1996-10-01T00:00:00Z,Not Available,Not Available,2018-10-22T00:00:00Z,2058-09-30T00:00:00Z,No,No,Delhi,No,Not Applicable,Not Applicable,Not Applicable,Not Applicable,Not Applicable,Not Applicable,No,Not Applicable,Not Applicable,Not Applicable,No,Not Applicable,Bar,No,Yes,Yes,Not Applicable,Yes,No,Yes,No,No,Not Available,"Kirori Mal College, Delhi University",Botany,Delhi University,Not Available,Not Available,Delhi,No,No,No
K Ramamoorthy,Male,1939-03-13T00:00:00Z,Not Available,Not Available,1994-10-17T00:00:00Z,2001-03-12T00:00:00Z,No,No,Madras,Yes,Delhi,1994-11-30T00:00:00Z,Not Applicable,Not Applicable,Not Applicable,Not Applicable,No,Not Applicable,Not Applicable,Not Applicable,No,Not Applicable,Bar,No,Yes,Yes,Not Applicable,No,No,No,No,No,Not Available,Not Available,Not Available,Not Available,Not Available,1964,Tamil Nadu,No,No,No
Kailash Gambhir,Male,1953-09-07T00:00:00Z,Delhi,Delhi,2006-05-29T00:00:00Z,2015-09-06T00:00:00Z,No,No,Delhi,No,Not Applicable,Not Applicable,Not Applicable,Not Applicable,Not Applicable,Not Applicable,No,Not Applicable,Not Applicable,Not Applicable,No,Not Applicable,Bar,No,Yes,No,Not Applicable,Yes,No,Yes,No,No,Not Available,"Kirori Mal College, University of Delhi",Not Available,Delhi University,1979,1979,Delhi,No,No,No
Kripa Shankar Gupta,Male,1941-01-07T00:00:00Z,Not Available,Not Available,1996-04-09T00:00:00Z,2003-01-06T00:00:00Z,No,No,Delhi,No,Not Applicable,Not Applicable,Not Applicable,Not Applicable,Not Applicable,Not Applicable,No,Not Applicable,Not Applicable,Not Applicable,No,Not Applicable,Service,Yes,Yes,No,No,No,No,No,No,No,Not Available,Not Available,Not Available,Not Available,Not Available,1965,Uttar Pradesh,No,Yes,No
Lokeshwar Prasad,Male,1936-11-26T00:00:00Z,Not Available,Not Available,1995-05-17T00:00:00Z,1998-11-25T00:00:00Z,No,No,Delhi,No,Not Applicable,Not Applicable,Not Applicable,Not Applicable,Not Applicable,Not Applicable,No,Not Applicable,Not Applicable,Not Applicable,No,Not Applicable,Service,Yes,No,Not Applicable,Yes,Not Applicable,Not Applicable,Not Applicable,Not Applicable,Not Applicable,Not Available,Not Available,Not Available,Not Available,Not Available,Not Applicable,Not Applicable,No,Yes,No
M S A Siddiqui,Male,1939-05-29T00:00:00Z,Not Available,Not Available,1994-09-27T00:00:00Z,2001-05-28T00:00:00Z,No,No,Madhya Pradesh,Yes,Delhi,1994-09-28T00:00:00Z,Not Applicable,Not Applicable,Not Applicable,Not Applicable,No,Not Applicable,Not Applicable,Not Applicable,No,Not Applicable,Service,Yes,Yes,No,Yes,No,No,No,No,No,Not Available,Not Available,Commerce,Not Available,Not Available,Not Available,Not Available,No,No,No
M. L. Mehta,Male,1951-12-30T00:00:00Z,Not Available,Not Available,2010-12-03T00:00:00Z,2013-12-29T00:00:00Z,No,No,Delhi,No,Not Applicable,Not Applicable,Not Applicable,Not Applicable,Not Applicable,Not Applicable,No,Not Applicable,Not Applicable,Not Applicable,No,Not Applicable,Service,Yes,Yes,No,Yes,No,No,No,No,No,Not Available,Punjab University,Science,Delhi University,Not Available,Not Available,Not Available,No,Yes,Yes
Madan Bhimrao Lokur,Male,1953-12-31T00:00:00Z,Not Available,Not Available,1999-02-19T00:00:00Z,2018-12-30T00:00:00Z,No,No,Delhi,No,Not Applicable,Not Applicable,Not Applicable,Not Applicable,Not Applicable,Not Applicable,Yes,Gauhati,Andhra Pradesh,Not Applicable,Yes,2012-06-04T00:00:00Z,Bar,No,Yes,Yes,Not Applicable,Yes,No,No,No,No,"St. Josephs Collegiate, Allahabad","St. Stephen's College, Delhi University",History,Delhi University,1977,1977,Not Available,No,No,No
Mahmood Ali Khan,Male,1941-12-12T00:00:00Z,Not Available,Not Available,2000-12-01T00:00:00Z,2003-12-14T00:00:00Z,No,No,Delhi,No,Not Applicable,Not Applicable,Not Applicable,Not Applicable,Not Applicable,Not Applicable,No,Not Applicable,Not Applicable,Not Applicable,No,Not Applicable,Service,Yes,No,Not Applicable,No,Not Applicable,Not Applicable,Not Applicable,Not Applicable,Not Applicable,"Did Schooling from SSK Inter College and Hinhu College, Moradabad","Hinhu College and K.G.K. College, Moradabad",Not Available,Not Available,Not Available,Not Applicable,Not Applicable,No,Yes,No
Manju Goel,Female,1945-01-03T00:00:00Z,Not Available,Not Available,2004-07-05T00:00:00Z,2007-01-02T00:00:00Z,No,No,Delhi,No,Not Applicable,Not Applicable,Not Applicable,Not Applicable,Not Applicable,Not Applicable,No,Not Applicable,Not Applicable,Not Applicable,No,Not Applicable,Service,Yes,No,Not Applicable,No,Not Applicable,Not Applicable,Not Applicable,Not Applicable,Not Applicable,Not Available,Not Available,Not Available,University of Calcutta,1967,Not Applicable,Not Applicable,No,Yes,No
Manmohan,Male,1962-12-17T00:00:00Z,Delhi,Delhi,2008-03-13T00:00:00Z,2024-12-16T00:00:00Z,No,No,Delhi,No,Not Applicable,Not Applicable,Not Applicable,Not Applicable,Not Applicable,Not Applicable,No,Not Applicable,Not Applicable,Not Applicable,No,Not Applicable,Bar,No,Yes,Yes,Not Applicable,Yes,No,No,No,Yes,"Modern School, Barakhamba Road","Hindu College, Delhi University",Arts (History),Delhi University,1987,1987,Delhi,No,No,No
Manmohan Sarin,Male,1946-10-20T00:00:00Z,Not Available,Not Available,1995-05-17T00:00:00Z,2008-10-19T00:00:00Z,No,No,Delhi,No,Not Applicable,Not Applicable,Not Applicable,Not Applicable,Not Applicable,Not Applicable,Yes,J&K and Ladakh,Not Applicable,Not Applicable,No,Not Applicable,Bar,No,Yes,No,Not Applicable,Yes,No,No,Yes,No,Not Available,Not Available,Not Available,Not Available,Not Available,1979,Not Available,No,No,No
Manmohan Singh,Male,1954-09-22T00:00:00Z,Not Available,Not Available,2008-04-11T00:00:00Z,2016-09-21T00:00:00Z,No,No,Delhi,No,Not Applicable,Not Applicable,Not Applicable,Not Applicable,Not Applicable,Not Applicable,No,Not Applicable,Not Applicable,Not Applicable,No,Not Applicable,Bar,No,Yes,No,Not Applicable,No,No,No,No,Yes,Not Available,Not Available,Not Available,Not Available,Not Available,1980,Delhi,No,No,No
Manoj Kumar Ohri,Male,1969-11-12T00:00:00Z,Delhi,New Delhi,2018-11-20T00:00:00Z,2031-11-11T00:00:00Z,No,No,Delhi,No,Not Applicable,Not Applicable,Not Applicable,Not Applicable,Not Applicable,Not Applicable,No,Not Applicable,Not Applicable,Not Applicable,No,Not Applicable,Bar,No,Yes,Yes,Not Applicable,Yes,No,No,No,No,Not Available,University of Delhi,Science (Physics),Delhi University,1995,1995,Delhi,Yes,Yes,No
Mool Chand Garg,Male,1954-06-10T00:00:00Z,Not Available,Not Available,2008-04-11T00:00:00Z,2016-06-09T00:00:00Z,No,No,Delhi,Yes,Madhya Pradesh,2011-04-18T00:00:00Z,Not Applicable,Not Applicable,Not Applicable,Not Applicable,No,Not Applicable,Not Applicable,Not Applicable,No,Not Applicable,Service,Yes,Yes,No,No,Yes,No,No,No,No,Not Available,Delhi University,Commerce,Delhi University,Not Available,1978,Delhi,No,No,No
Mukta Gupta,Female,1961-06-28T00:00:00Z,Not Available,Not Available,2009-10-23T00:00:00Z,2023-06-27T00:00:00Z,No,No,Delhi,No,Not Applicable,Not Applicable,Not Applicable,Not Applicable,Not Applicable,Not Applicable,No,Not Applicable,Not Applicable,Not Applicable,No,Not Applicable,Bar,No,Yes,No,Not Applicable,Yes,No,No,No,Yes,Montfort School,"Hindu College, Delhi University",Science (Zoology),Delhi University,1983,1984,Delhi,No,No,No
Mukul Mudgal,Male,1949-01-04T00:00:00Z,Not Available,Not Available,1998-03-02T00:00:00Z,2011-01-03T00:00:00Z,No,No,Delhi,No,Not Applicable,Not Applicable,Not Applicable,Not Applicable,Not Applicable,Not Applicable,Yes,Punjan & Haryana,Not Applicable,Not Applicable,No,Not Applicable,Bar,No,Yes,Yes,Not Applicable,No,No,No,No,Yes,"Modern School, Barakhamba Road, New Delhi","Hindu College, Delhi University",Science,Delhi University,Not Available,1973,Delhi,No,No,No
Mukundakam Sharma,Male,1946-09-18T00:00:00Z,West Bengal,Calcutta,1994-01-10T00:00:00Z,2011-09-17T00:00:00Z,No,No,Gauhati,Yes,Patna,1994-02-14T00:00:00Z,Delhi,1994-12-12T00:00:00Z,Not Applicable,Not Applicable,Yes,Delhi,Not Applicable,Not Applicable,Yes,2008-04-09T00:00:00Z,Bar,No,Yes,Yes,Not Applicable,Yes,Yes,No,No,No,"Cotton College, Guwahati","Ramjas College, Delhi University",Arts,Guwahati University,Not Available,Not Available,Assam and Nagaland,No,Yes,Yes
N.V. Ramana,Male,1957-08-27T00:00:00Z,Andhra Pradesh,"Ponnavarram, Krishna District",2000-06-27T00:00:00Z,2022-08-26T00:00:00Z,No,No,Andhra Pradesh,No,Not Applicable,Not Applicable,Not Applicable,Not Applicable,Not Applicable,Not Applicable,Yes,Delhi,Not Applicable,Not Applicable,Yes,2014-02-17T00:00:00Z,Bar,No,Yes,No,Not Applicable,Yes,No,No,No,No,Not Available,Not Available,Science,Not Available,Not Available,1983,Not Available,No,No,No
Najmi Waziri,Male,1961-07-15T00:00:00Z,Not Available,Not Available,2013-04-17T00:00:00Z,2023-07-14T00:00:00Z,No,No,Delhi,No,Not Applicable,Not Applicable,Not Applicable,Not Applicable,Not Applicable,Not Applicable,No,Not Applicable,Not Applicable,Not Applicable,No,Not Applicable,Bar,No,Yes,No,Not Applicable,Yes,No,No,No,No,"Boys’ High School, Allahabad","St. Stephen's College, Delhi University",Arts (Philosophy),Delhi University,1986,1987,Delhi,Yes,No,Yes
Navin Chawla,Male,1969-08-07T00:00:00Z,Delhi,Delhi,2017-05-15T00:00:00Z,2031-08-06T00:00:00Z,No,No,Delhi,No,Not Applicable,Not Applicable,Not Applicable,Not Applicable,Not Applicable,Not Applicable,No,Not Applicable,Not Applicable,Not Applicable,No,Not Applicable,Bar,No,Yes,No,Not Applicable,Yes,No,No,No,No,"Delhi Public School, Mathura Road",Delhi University,Commerce,Delhi University,1993,1993,Delhi,No,No,No
Neeraj Kishan Kaul,Male,1963-11-23T00:00:00Z,Not Available,Not Available,2009-04-15T00:00:00Z,2009-09-01T00:00:00Z,No,Yes,Delhi,No,Not Applicable,Not Applicable,Not Applicable,Not Applicable,Not Applicable,Not Applicable,No,Not Applicable,Not Applicable,Not Applicable,No,Not Applicable,Bar,No,Yes,Yes,Not Applicable,Yes,No,No,No,No,"Modern School, Delhi","St. Stephen's College, Delhi University",Arts,Delhi University,1987,1987,Delhi,Yes,No,Yes
Nikhilchandra Gulabshankar Nandi,Male,1942-03-21T00:00:00Z,Gujarat,Baroda,1994-10-12T00:00:00Z,2004-03-20T00:00:00Z,No,No,Gujarat,Yes,Delhi,1994-10-31T00:00:00Z,Gujarat,2001-06-04T00:00:00Z,Not Applicable,Not Applicable,No,Not Applicable,Not Applicable,Not Applicable,No,Not Applicable,Service,Yes,Yes,No,Yes,No,No,No,No,No,Not Available,Not Available,Not Available,"Faculty of Law (M. S. University, Baroda)",1966,1967,Gujarat,No,No,No
Om Prakash Dwivedi,Male,1944-04-01T00:00:00Z,Not Available,Not Available,2000-12-01T00:00:00Z,2006-03-31T00:00:00Z,No,No,Delhi,No,Not Applicable,Not Applicable,Not Applicable,Not Applicable,Not Applicable,Not Applicable,No,Not Applicable,Not Applicable,Not Applicable,No,Not Applicable,Service,Yes,No,Not Applicable,No,Not Applicable,Not Applicable,Not Applicable,Not Applicable,Not Applicable,"Kher Inter College, Gursrai","Jhansi Govt. Inter College, Jhansi",Not Available,Allahabad University,Not Available,Not Applicable,Not Applicable,No,Yes,No
P K Jain,Male,1936-02-25T00:00:00Z,Not Available,Not Available,1994-11-10T00:00:00Z,1998-02-24T00:00:00Z,No,No,Delhi,Yes,Punjab and Haryana,1995-01-09T00:00:00Z,Not Applicable,Not Applicable,Not Applicable,Not Applicable,No,Not Applicable,Not Applicable,Not Applicable,No,Not Applicable,Service,Yes,No,Not Applicable,No,Not Applicable,Not Applicable,Not Applicable,Not Applicable,Not Applicable,Not Available,Not Available,Not Available,Not Available,Not Available,Not Applicable,Not Applicable,No,No,No
P. K. Bhasin,Male,1952-07-20T00:00:00Z,Haryana,"Sahbad Markanda, Kurukshetra District",2006-04-05T00:00:00Z,2014-07-19T00:00:00Z,No,No,Delhi,No,Not Applicable,Not Applicable,Not Applicable,Not Applicable,Not Applicable,Not Applicable,No,Not Applicable,Not Applicable,Not Applicable,No,Not Applicable,Service,Yes,Yes,No,No,No,No,No,No,No,"DAV School, Patel Nagar, New Delhi",Delhi University,Not Available,Delhi University,1974,1974,Delhi,No,No,No
P.S. Teji,Male,1956-08-14T00:00:00Z,Punjab,Not Available,2014-12-15T00:00:00Z,2018-08-13T00:00:00Z,No,No,Delhi,No,Not Applicable,Not Applicable,Not Applicable,Not Applicable,Not Applicable,Not Applicable,No,Not Applicable,Not Applicable,Not Applicable,No,Not Applicable,Service,Yes,Yes,No,No,Yes,No,No,No,No,Not Available,Not Available,Not Available,Punjab University,Not Available,1983,Not Available,No,Yes,No
Pradeep Nandrajog,Male,1958-02-24T00:00:00Z,Not Available,Not Available,2002-12-20T00:00:00Z,2020-02-23T00:00:00Z,No,No,Delhi,No,Not Applicable,Not Applicable,Not Applicable,Not Applicable,Not Applicable,Not Applicable,Yes,Rajasthan,Bombay,Not Applicable,No,Not Applicable,Bar,No,Yes,No,Not Applicable,Yes,No,No,No,No,Not Available,Delhi University,Not Available,Delhi University,1981,1981,Delhi,No,No,No
Prateek Jalan,Male,1970-04-04T00:00:00Z,West Bengal,Calcutta,2018-10-22T00:00:00Z,2032-04-03T00:00:00Z,No,No,Delhi,No,Not Applicable,Not Applicable,Not Applicable,Not Applicable,Not Applicable,Not Applicable,No,Not Applicable,Not Applicable,Not Applicable,No,Not Applicable,Bar,No,Yes,No,Not Applicable,Yes,No,No,No,Yes,"Modern School, New Delhi","Hindu College, University of Delhi",Not Available,"Trinity College, University of Cambridge",Not Available,1992,Not Available,Yes,No,Yes
Pratibha M. Singh,Female,1968-07-20T00:00:00Z,Not Available,Not Available,2017-05-15T00:00:00Z,2030-07-19T00:00:00Z,No,No,Delhi,No,Not Applicable,Not Applicable,Not Applicable,Not Applicable,Not Applicable,Not Applicable,No,Not Applicable,Not Applicable,Not Applicable,No,Not Applicable,Bar,No,Yes,Yes,Not Applicable,Yes,No,No,No,No,Not Available,Not Available,Integrated Law,"University Law College, Bangalore",Not Available,1991,Karnataka,Yes,No,Yes
Pratibha Rani,Female,1956-08-25T00:00:00Z,Not Available,Not Available,2011-10-17T00:00:00Z,2018-08-24T00:00:00Z,No,No,Delhi,No,Not Applicable,Not Applicable,Not Applicable,Not Applicable,Not Applicable,Not Applicable,No,Not Applicable,Not Applicable,Not Applicable,No,Not Applicable,Service,Yes,No,Not Applicable,No,Not Applicable,Not Applicable,Not Applicable,Not Applicable,Not Applicable,Not Available,"Lady Shri Ram College, Delhi University",Not Available,Delhi University,1978,Not Applicable,Not Applicable,No,No,No
R. S. Sodhi,Male,1945-11-11T00:00:00Z,Not Available,Not Available,1999-07-07T00:00:00Z,2007-11-07T00:00:00Z,No,No,Delhi,No,Not Applicable,Not Applicable,Not Applicable,Not Applicable,Not Applicable,Not Applicable,No,Not Applicable,Not Applicable,Not Applicable,No,Not Applicable,Bar,No,Yes,No,Not Applicable,Yes,No,No,No,No,"Bishop Cotton School, Shimla","Lyallpur Khalsa College, Jallandhar",Not Available,Punjab University,1972,1972,Delhi,No,No,No
R.K. Gauba,Male,1957-12-04T00:00:00Z,Not Available,Not Available,2014-12-15T00:00:00Z,2019-12-03T00:00:00Z,No,No,Delhi,No,Not Applicable,Not Applicable,Not Applicable,Not Applicable,Not Applicable,Not Applicable,No,Not Applicable,Not Applicable,Not Applicable,No,Not Applicable,Service,Yes,No,Not Applicable,Yes,Not Applicable,Not Applicable,Not Applicable,Not Applicable,Not Applicable,"""mainly from"" Kendriya Vidyalaya",Osmania University,Not Available,Jabalpur University,Not Available,Not Applicable,Not Applicable,No,No,No
R.V. Easwar,Male,1952-04-29T00:00:00Z,Not Available,Not Available,2011-10-17T00:00:00Z,2014-04-28T00:00:00Z,No,No,Delhi,No,Not Applicable,Not Applicable,Not Applicable,Not Applicable,Not Applicable,Not Applicable,No,Not Applicable,Not Applicable,Not Applicable,No,Not Applicable,Bar,Yes,Yes,No,No,No,No,No,No,Yes,Not Available,Madurai University,Commerce,Bangalore University,1974,1975,Tamil Nadu and Pondicherry,No,Yes,Yes
Rajendra Menon,Male,1957-06-07T00:00:00Z,Not Available,Not Available,2002-04-01T00:00:00Z,2019-06-06T00:00:00Z,No,No,Madhya Pradesh,No,Not Applicable,Not Applicable,Not Applicable,Not Applicable,Not Applicable,Not Applicable,Yes,Patna,Delhi,Not Applicable,No,Not Applicable,Bar,No,Yes,No,Not Applicable,Yes,No,Yes,Yes,No,Not Available,"Govt. Science College, Jabalpur under Rani Durgawati University (Jabalpur)",Science,NSE Law College (Jabalpur),1981,Not Available,Not Available,No,No,No
Rajiv Sahai Endlaw,Male,1959-08-13T00:00:00Z,Delhi,Delhi,2008-04-11T00:00:00Z,2021-08-12T00:00:00Z,No,No,Delhi,No,Not Applicable,Not Applicable,Not Applicable,Not Applicable,Not Applicable,Not Applicable,No,Not Applicable,Not Applicable,Not Applicable,No,Not Applicable,Bar,No,Yes,No,Not Applicable,No,No,No,No,Yes,"Delhi Public School, Mathura Road","Hans Raj College, Delhi University",Not Available,Delhi University,Not Available,1982,Delhi,No,No,No
Rajiv Shakdher,Male,1962-10-19T00:00:00Z,Not Available,Not Available,2008-04-11T00:00:00Z,2024-10-18T00:00:00Z,No,No,Delhi,Yes,Madras,2016-11-11T00:00:00Z,Not Applicable,Not Applicable,Not Applicable,Not Applicable,No,Not Applicable,Not Applicable,Not Applicable,No,Not Applicable,Bar,No,Yes,Yes,Not Applicable,Yes,No,No,No,Yes,"St. Columba's School, Delhi",University of Delhi,Commerce,Delhi University,1987,1987,Not Available,No,Yes,Yes
Rajnish Bhatnagar,Male,1962-06-14T00:00:00Z,Not Available,Not Available,2019-05-27T00:00:00Z,2024-06-13T00:00:00Z,No,No,Delhi,No,Not Applicable,Not Applicable,Not Applicable,Not Applicable,Not Applicable,Not Applicable,No,Not Applicable,Not Applicable,Not Applicable,No,Not Applicable,Service,Yes,Yes,No,No,No,No,No,No,No,Not Available,Delhi University,Science (Computer Science),Delhi University,1987,1987,Delhi,No,No,No
Ram Prakash Gupta,Male,1937-12-01T00:00:00Z,Not Available,Not Available,1994-12-16T00:00:00Z,1999-11-30T00:00:00Z,No,No,Delhi,Yes,Madhya Pradesh,1996-05-06T00:00:00Z,Not Applicable,Not Applicable,Not Applicable,Not Applicable,No,Not Applicable,Not Applicable,Not Applicable,No,Not Applicable,Service,Yes,No,Not Applicable,No,Not Applicable,Not Applicable,Not Applicable,Not Applicable,Not Applicable,Not Available,Not Available,Arts,Not Available,Not Available,Not Applicable,Not Applicable,No,No,No
Ramesh Chand Jain,Male,1944-06-26T00:00:00Z,Uttar Pradesh,Sahranpur,2001-07-16T00:00:00Z,2006-06-25T00:00:00Z,No,No,Delhi,No,Not Applicable,Not Applicable,Not Applicable,Not Applicable,Not Applicable,Not Applicable,No,Not Applicable,Not Applicable,Not Applicable,No,Not Applicable,Service,Yes,Yes,No,No,No,No,No,No,No,Not Available,Not Available,Not Available,Agra University,Not Available,Not Available,Not Available,No,No,No
Ramesh Chandra Chopra,Male,1943-12-18T00:00:00Z,Not Available,Not Available,2000-12-01T00:00:00Z,2005-12-17T00:00:00Z,No,No,Delhi,No,Not Applicable,Not Applicable,Not Applicable,Not Applicable,Not Applicable,Not Applicable,No,Not Applicable,Not Applicable,Not Applicable,No,Not Applicable,Service,Yes,No,Not Applicable,No,Not Applicable,Not Applicable,Not Applicable,Not Applicable,Not Applicable,Not Available,Not Available,Arts,Delhi University,1966,Not Applicable,Not Applicable,No,No,No
Rekha Palli,Female,1963-03-09T00:00:00Z,Not Available,Not Available,2017-05-15T00:00:00Z,2025-03-08T00:00:00Z,No,No,Delhi,No,Not Applicable,Not Applicable,Not Applicable,Not Applicable,Not Applicable,Not Applicable,No,Not Applicable,Not Applicable,Not Applicable,No,Not Applicable,Bar,No,Yes,Yes,Not Applicable,Yes,No,No,No,No,Lady Irwin School,Hindu College,Science,Delhi University,1986,1986,Delhi,No,No,No
Rekha Sharma,Female,1949-07-31T00:00:00Z,Not Available,Not Available,2005-02-23T00:00:00Z,2011-07-30T00:00:00Z,No,No,Delhi,No,Not Applicable,Not Applicable,Not Applicable,Not Applicable,Not Applicable,Not Applicable,No,Not Applicable,Not Applicable,Not Applicable,No,Not Applicable,Service,Yes,Yes,No,No,Yes,No,No,No,No,"St. Thomas Higher Secondary School, New Delhi","Miranda House, Delhi University",Not Available,Delhi University,Not Available,1972,Delhi,No,No,No
Reva Khetrapal,Female,1952-09-23T00:00:00Z,Himachal Pradesh,Shimla,2006-02-28T00:00:00Z,2014-09-22T00:00:00Z,No,No,Delhi,No,Not Applicable,Not Applicable,Not Applicable,Not Applicable,Not Applicable,Not Applicable,No,Not Applicable,Not Applicable,Not Applicable,No,Not Applicable,Service,Yes,Yes,No,No,Yes,No,No,No,No,"Convent of Jesus and Mary, New Delhi",Miranda House,History,Delhi University,Not Available,1975,Delhi,No,No,No
S N Dhingra,Male,1949-03-02T00:00:00Z,Delhi,Delhi,2006-02-28T00:00:00Z,2011-03-01T00:00:00Z,No,No,Delhi,No,Not Applicable,Not Applicable,Not Applicable,Not Applicable,Not Applicable,Not Applicable,No,Not Applicable,Not Applicable,Not Applicable,No,Not Applicable,Service,Yes,Yes,No,No,No,No,No,No,No,Not Available,Delhi Unversity,Science,Delhi University,Not Available,1976,Not Available,No,Yes,Yes
S. L. Bhayana,Male,1949-04-15T00:00:00Z,Not Available,Not Available,2006-02-28T00:00:00Z,2011-04-14T00:00:00Z,No,No,Delhi,No,Not Applicable,Not Applicable,Not Applicable,Not Applicable,Not Applicable,Not Applicable,No,Not Applicable,Not Applicable,Not Applicable,No,Not Applicable,Service,Yes,Yes,No,No,No,No,No,No,No,Not Available,Not Available,Not Available,Not Available,Not Available,1973,Delhi,No,No,No
S. N. Aggarwal,Male,1950-08-25T00:00:00Z,Not Available,Not Available,2006-02-28T00:00:00Z,2012-08-24T00:00:00Z,No,No,Delhi,Yes,Madhya Pradesh,2010-10-28T00:00:00Z,Not Applicable,Not Applicable,Not Applicable,Not Applicable,No,Not Applicable,Not Applicable,Not Applicable,No,Not Applicable,Service,Yes,Yes,No,Yes,No,No,No,No,No,Not Available,Delhi University,Science,Not Available,Not Available,1980,Delhi,No,No,Yes
S. Ravindra Bhat,Male,1958-10-21T00:00:00Z,Karnataka,Mysore,2004-07-16T00:00:00Z,2020-10-20T00:00:00Z,No,No,Delhi,No,Not Applicable,Not Applicable,Not Applicable,Not Applicable,Not Applicable,Not Applicable,Yes,Rajasthan,Not Applicable,Not Applicable,Yes,2019-09-23T00:00:00Z,Bar,No,Yes,No,Not Applicable,No,No,No,No,No,"Central School, Faridabad","Hindu College, University of Delhi",Arts (English Literature),University of Delhi,1982,1982,Delhi,No,No,No
S.N. Kapoor,Male,1941-05-28T00:00:00Z,Not Available,Not Available,1996-04-09T00:00:00Z,2003-05-27T00:00:00Z,No,No,Delhi,No,Not Applicable,Not Applicable,Not Applicable,Not Applicable,Not Applicable,Not Applicable,No,Not Applicable,Not Applicable,Not Applicable,No,Not Applicable,Service,Yes,Yes,No,Yes,No,No,No,No,No,Not Available,Not Available,Not Available,Not Available,Not Available,1964,Not Available,No,Yes,No
S.P. Garg,Male,1956-06-15T00:00:00Z,Punjab,"Maur, District Bhatinda",2011-10-17T00:00:00Z,2018-06-14T00:00:00Z,No,No,Delhi,No,Not Applicable,Not Applicable,Not Applicable,Not Applicable,Not Applicable,Not Applicable,No,Not Applicable,Not Applicable,Not Applicable,No,Not Applicable,Service,Yes,Yes,No,No,No,No,No,No,Yes,"S.S.D High School, Maur","Rajindera Government College, Bathinda",Commerce,"Panjab University, Chandigarh",1979,1979,Punjab & Haryana,No,Yes,Yes
Sangita Dhingra Sehgal,Female,1958-06-20T00:00:00Z,Chandigarh,Chandigarh,2014-12-15T00:00:00Z,2020-05-30T00:00:00Z,No,Yes,Delhi,No,Not Applicable,Not Applicable,Not Applicable,Not Applicable,Not Applicable,Not Applicable,No,Not Applicable,Not Applicable,Not Applicable,No,Not Applicable,Service,Yes,No,Not Applicable,Yes,Not Applicable,Not Applicable,Not Applicable,Not Applicable,Not Applicable,Not Available,Not Available,Not Available,University of Delhi,1981,Not Applicable,Not Applicable,No,Yes,Yes
Sanjay Kishan Kaul,Male,1958-12-26T00:00:00Z,Not Available,Not Available,2001-05-03T00:00:00Z,2023-12-25T00:00:00Z,No,No,Delhi,No,Not Applicable,Not Applicable,Not Applicable,Not Applicable,Not Applicable,Not Applicable,Yes,Punjab and Haryana,Madras,Not Applicable,Yes,2017-02-17T00:00:00Z,Bar,No,Yes,Yes,Not Applicable,Yes,No,No,No,No,"Modern School, New Delhi","St. Stephens College, Delhi University",Economics,Delhi University,1982,1982,Delhi,No,No,No
Sanjeev Narula,Male,1970-08-24T00:00:00Z,Not Available,Not Available,2018-10-22T00:00:00Z,2032-08-23T00:00:00Z,No,No,Delhi,No,Not Applicable,Not Applicable,Not Applicable,Not Applicable,Not Applicable,Not Applicable,No,Not Applicable,Not Applicable,Not Applicable,No,Not Applicable,Bar,No,Yes,No,Not Applicable,Yes,No,No,No,No,St. Mary's Presentation Convent School,"Kirorimal College, Univeristy of Delhi",Science (Computer Science),"Faculty of Jammu, Unviersity of Jammu",1994,1995,Delhi,No,No,No
Sanjeev Sachdeva,Male,1964-12-26T00:00:00Z,Delhi,Delhi,2013-04-17T00:00:00Z,2026-12-25T00:00:00Z,No,No,Delhi,No,Not Applicable,Not Applicable,Not Applicable,Not Applicable,Not Applicable,Not Applicable,No,Not Applicable,Not Applicable,Not Applicable,No,Not Applicable,Bar,No,Yes,Yes,Not Applicable,No,No,No,No,Yes,"Delhi Public School, Mathura Road","Sri Ram College of Commerce, Delhi University",Commerce,Delhi University,1988,1988,Delhi,No,No,No
Sanjiv Khanna,Male,1960-05-14T00:00:00Z,Not Available,Not Available,2005-06-24T00:00:00Z,2022-05-13T00:00:00Z,No,No,Delhi,No,Not Applicable,Not Applicable,Not Applicable,Not Applicable,Not Applicable,Not Applicable,No,Not Applicable,Not Applicable,Not Applicable,Yes,2019-01-18T00:00:00Z,Bar,No,Yes,No,Not Applicable,Yes,No,No,No,No,Not Available,Delhi University,Not Available,Delhi University,Not Available,1983,Delhi,No,No,No
Sharda Aggarwal,Female,1940-12-01T00:00:00Z,Not Available,Not Available,2000-12-01T00:00:00Z,2002-11-30T00:00:00Z,No,No,Delhi,No,Not Applicable,Not Applicable,Not Applicable,Not Applicable,Not Applicable,Not Applicable,No,Not Applicable,Not Applicable,Not Applicable,No,Not Applicable,Service,Yes,Yes,No,No,No,No,No,No,No,Not Available,Not Available,Arts,Not Available,Not Available,1962,Delhi,No,No,No
Siddharth Mridul,Male,1962-11-22T00:00:00Z,Delhi,Delhi,2008-03-13T00:00:00Z,2024-11-21T00:00:00Z,No,No,Delhi,No,Not Applicable,Not Applicable,Not Applicable,Not Applicable,Not Applicable,Not Applicable,No,Not Applicable,Not Applicable,Not Applicable,No,Not Applicable,Bar,No,Yes,Yes,Not Applicable,No,No,No,No,Yes,Army Public School,"Hindu College, Delhi University",Arts (History),Delhi University,1986,1986,Delhi,No,No,No
Subramonium Prasad,Male,1967-06-22T00:00:00Z,Not Available,Not Available,2018-06-04T00:00:00Z,2029-06-21T00:00:00Z,No,No,Madras,Yes,Delhi,2020-03-13T00:00:00Z,Not Applicable,Not Applicable,Not Applicable,Not Applicable,No,Not Applicable,Not Applicable,Not Applicable,No,Not Applicable,Bar,No,Yes,Yes,Not Applicable,Yes,No,No,No,No,Not Available,Delhi University,Commerce,Delhi University,1990,Not Available,Not Available,No,No,No
Sudershan Kumar Misra,Male,1954-09-07T00:00:00Z,Not Available,Not Available,2007-07-04T00:00:00Z,2016-09-06T00:00:00Z,No,No,Delhi,No,Not Applicable,Not Applicable,Not Applicable,Not Applicable,Not Applicable,Not Applicable,No,Not Applicable,Not Applicable,Not Applicable,No,Not Applicable,Bar,No,Yes,Yes,Not Applicable,Yes,No,No,No,No,"Delhi Public School, Mathura Road","Hindu College, Delhi University",Arts (History),Delhi University,Not Available,1978,Delhi,No,No,No
Suman Dattaram Pandit,Male,1936-10-06T00:00:00Z,Not Available,Not Available,1994-10-06T00:00:00Z,1998-09-02T00:00:00Z,No,Yes,Bombay,Yes,Delhi,1994-11-01T00:00:00Z,Gujarat,1996-04-20T00:00:00Z,Not Applicable,Not Applicable,No,Not Applicable,Not Applicable,Not Applicable,No,Not Applicable,Service,Yes,Yes,No,No,No,No,No,No,No,Not Available,Not Available,Not Available,Not Available,Not Available,1962,Maharashtra,No,No,No
Sunil Gaur,Male,1957-08-23T00:00:00Z,Not Available,Not Available,2008-04-11T00:00:00Z,2019-08-22T00:00:00Z,No,No,Delhi,No,Not Applicable,Not Applicable,Not Applicable,Not Applicable,Not Applicable,Not Applicable,No,Not Applicable,Not Applicable,Not Applicable,No,Not Applicable,Service,Yes,Yes,No,No,No,No,No,No,No,Not Available,Not Available,Not Available,Not Available,Not Available,Not Available,Not Available,No,No,No
Sunita Gupta,Female,1954-12-14T00:00:00Z,West Bengal,Kolkata,2013-04-17T00:00:00Z,2016-12-13T00:00:00Z,No,No,Delhi,No,Not Applicable,Not Applicable,Not Applicable,Not Applicable,Not Applicable,Not Applicable,No,Not Applicable,Not Applicable,Not Applicable,No,Not Applicable,Service,Yes,Yes,No,No,No,No,No,No,No,Not Available,"Miranda House, University of Delhi",Arts (Philosophy),Delhi University,1978,1978,Delhi,No,Yes,Yes
Surender Kumar Mahajan,Male,1941-12-05T00:00:00Z,Not Available,Not Available,1995-05-17T00:00:00Z,2003-12-04T00:00:00Z,No,No,Delhi,No,Not Applicable,Not Applicable,Not Applicable,Not Applicable,Not Applicable,Not Applicable,No,Not Applicable,Not Applicable,Not Applicable,No,Not Applicable,Bar,No,Yes,No,Not Applicable,Yes,No,No,No,No,Not Available,Not Available,Science,Not Available,Not Available,1967,Delhi,No,No,No
Suresh Kumar Kait,Male,1962-10-19T00:00:00Z,Haryana,"Village Kakaut, Distt. Kaithal, Haryana, India",2008-09-05T00:00:00Z,2024-10-18T00:00:00Z,No,No,Delhi,Yes,Andhra Pradesh,2016-04-12T00:00:00Z,Delhi,2018-10-12T00:00:00Z,Not Applicable,Not Applicable,No,Not Applicable,Not Applicable,Not Applicable,No,Not Applicable,Bar,No,Yes,No,Not Applicable,Yes,No,No,No,Yes,Not Available,"University College, Kurukshetra",Not Available,Delhi University,Not Available,1989,Not Available,No,Yes,No
Surinder Kumar Aggarwal,Male,1944-04-04T00:00:00Z,Not Available,Not Available,1999-07-07T00:00:00Z,2006-04-03T00:00:00Z,No,No,Delhi,No,Not Applicable,Not Applicable,Not Applicable,Not Applicable,Not Applicable,Not Applicable,No,Not Applicable,Not Applicable,Not Applicable,No,1999-07-07T00:00:00Z,Bar,No,Yes,No,Not Applicable,Yes,No,No,No,No,Not Available,Not Available,Science,Not Available,Not Available,1965,Delhi,No,No,No
Swatanter Kumar,Male,1947-12-31T00:00:00Z,Not Available,Not Available,1994-11-10T00:00:00Z,2009-12-30T00:00:00Z,No,No,Delhi,Yes,Punjab and Haryana,1994-11-30T00:00:00Z,Delhi,2004-10-04T00:00:00Z,Not Applicable,Not Applicable,Yes,Bombay,Not Applicable,Not Applicable,No,Not Applicable,Bar,Yes,Yes,No,No,No,No,No,No,No,Not Available,Not Available,Not Available,Not Available,Not Available,1971,Delhi,No,No,No
Talwant Singh,Male,1961-06-04T00:00:00Z,Punjab,"Village Bahla, Hoshiarpur",2019-05-27T00:00:00Z,2023-06-03T00:00:00Z,No,No,Delhi,No,Not Applicable,Not Applicable,Not Applicable,Not Applicable,Not Applicable,Not Applicable,No,Not Applicable,Not Applicable,Not Applicable,No,Not Applicable,Service,Yes,Yes,No,Yes,No,No,No,No,No,"N P Boys Higher Secondary School, Mandir Marg, New Delhi","SGTB Khalsa College, Delhi University",Commerce,Meerut University,1986,1986,Delhi,No,Yes,No
Tirath Singh Thakur,Male,1952-01-04T00:00:00Z,Jammu & Kashmir,Ramban,1994-02-16T00:00:00Z,2017-01-03T00:00:00Z,No,No,J & K and Ladakh,Yes,Karnataka,1994-03-01T00:00:00Z,Delhi,2004-07-01T00:00:00Z,Not Applicable,Not Applicable,Yes,Punjab and Haryana,Not Applicable,Not Applicable,Yes,2009-11-17T00:00:00Z,Bar,No,Yes,Yes,Not Applicable,No,No,No,No,Yes,Not Available,"Govt. Gandhi Memorial 
Science College",Science,"Jammu University, Department of Law",Not Available,1972,Jammu & Kashmir,No,No,No
V. K. Shali,Male,1954-06-15T00:00:00Z,Delhi,Delhi,2008-04-11T00:00:00Z,2016-06-14T00:00:00Z,No,No,Delhi,No,Not Applicable,Not Applicable,Not Applicable,Not Applicable,Not Applicable,Not Applicable,No,Not Applicable,Not Applicable,Not Applicable,No,Not Applicable,Bar,Yes,Yes,No,Yes,Yes,No,Yes,No,No,Not Available,Not Available,Not Available,Delhi University,1976,1976,Delhi,No,No,Yes
V. Kameshwar Rao,Male,1965-08-07T00:00:00Z,Not Available,Not Available,2013-04-17T00:00:00Z,2027-08-06T00:00:00Z,No,No,Delhi,No,Not Applicable,Not Applicable,Not Applicable,Not Applicable,Not Applicable,Not Applicable,No,Not Applicable,Not Applicable,Not Applicable,No,Not Applicable,Bar,No,Yes,Yes,Not Applicable,No,No,No,No,Yes,Not Available,Delhi University,Arts (Geography),Delhi University,1990,1991,Delhi,No,No,No
V.K. Jain,Male,1952-05-15T00:00:00Z,Not Available,Not Available,2009-05-14T00:00:00Z,2014-05-14T00:00:00Z,No,No,Delhi,No,Not Applicable,Not Applicable,Not Applicable,Not Applicable,Not Applicable,Not Applicable,No,Not Applicable,Not Applicable,Not Applicable,No,Not Applicable,Service,Yes,No,Not Applicable,No,Not Applicable,Not Applicable,Not Applicable,Not Applicable,Not Applicable,Not Available,Not Available,Not Available,Delhi University,Not Available,Not Applicable,Not Applicable,No,No,Yes
Valmiki J Mehta,Male,1959-06-06T00:00:00Z,Maharashtra,Mumbai,2009-04-15T00:00:00Z,2019-03-01T00:00:00Z,Yes,No,Delhi,No,Not Applicable,Not Applicable,Not Applicable,Not Applicable,Not Applicable,Not Applicable,No,Not Applicable,Not Applicable,Not Applicable,No,Not Applicable,Bar,No,Yes,Yes,Not Applicable,No,No,No,No,No,"Kendriya Vidyalaya, Vishakhapatnam","Sri Venkateshwara College, Delhi University",Commerce,University of Delhi,Not Available,1982,Delhi,No,No,No
Ved Prakash Vaish,Male,1959-06-27T00:00:00Z,Not Available,Not Available,2013-04-17T00:00:00Z,2021-06-26T00:00:00Z,No,No,Delhi,Yes,Meghalaya,2016-05-23T00:00:00Z,Allahabad,2017-11-27T00:00:00Z,Not Applicable,Not Applicable,No,Not Applicable,Not Applicable,Not Applicable,No,Not Applicable,Service,Yes,Yes,No,Yes,No,No,No,No,No,Not Available,Delhi University,Not Available,Delhi University,1984,1984,Delhi,No,No,No
Veena Birbal,Female,1952-07-01T00:00:00Z,Delhi,Delhi,2007-08-31T00:00:00Z,2014-06-30T00:00:00Z,No,No,Delhi,No,Not Applicable,Not Applicable,Not Applicable,Not Applicable,Not Applicable,Not Applicable,No,Not Applicable,Not Applicable,Not Applicable,No,Not Applicable,Bar,Yes,Yes,No,No,No,No,No,No,No,Not Available,"Miranda House, University of Delhi",Science,Delhi University,1977,1978,Delhi,No,No,No
Vibhu Bakhru,Male,1966-11-02T00:00:00Z,Maharashtra,Nagpur,2013-04-17T00:00:00Z,2028-11-01T00:00:00Z,No,No,Delhi,No,Not Applicable,Not Applicable,Not Applicable,Not Applicable,Not Applicable,Not Applicable,No,Not Applicable,Not Applicable,Not Applicable,No,Not Applicable,Bar,No,Yes,Yes,Not Applicable,No,No,No,No,Yes,"Delhi Public School, Mathura Road",Delhi University,Commerce,Not Available,1990,1990,Delhi,No,No,No
Vidya Bhushan Gupta,Male,1948-11-25T00:00:00Z,Not Available,Not Available,2007-01-09T00:00:00Z,2010-11-24T00:00:00Z,No,No,Delhi,No,Not Applicable,Not Applicable,Not Applicable,Not Applicable,Not Applicable,Not Applicable,No,Not Applicable,Not Applicable,Not Applicable,No,Not Applicable,Service,Yes,Yes,No,No,No,No,No,No,No,Not Available,Delhi University,Not Available,Delhi University,1972,1972,Not Available,No,No,No
Vikramjit Sen,Male,1950-12-31T00:00:00Z,Not Available,Not Available,1999-07-07T00:00:00Z,2015-12-30T00:00:00Z,No,No,Delhi,Yes,Karnataka,2011-09-11T00:00:00Z,Not Applicable,Not Applicable,Not Applicable,Not Applicable,Yes,Karnataka,Not Applicable,Not Applicable,Yes,2012-12-24T00:00:00Z,Bar,No,Yes,No,Not Applicable,No,No,No,No,No,"St. Xavier's School, Delhi",St. Stephen's College,History,Delhi University,Not Available,1976,Not Available,No,No,No
Vinod Goel,Male,1957-08-07T00:00:00Z,Haryana,Hassanpur,2016-11-08T00:00:00Z,2019-08-06T00:00:00Z,No,No,Delhi,No,Not Applicable,Not Applicable,Not Applicable,Not Applicable,Not Applicable,Not Applicable,No,Not Applicable,Not Applicable,Not Applicable,No,Not Applicable,Service,Yes,Yes,No,Yes,No,No,No,No,No,"Government High School, Hassanpur","Vaish College, Maharishi Dayanand Univeristy, Rohtak",Commerce,Panjab University,1980,1982,Punjab & Haryana,No,No,No
Vinod Sagar Aggarwal,Male,1940-08-20T00:00:00Z,Not Available,Not Available,1994-11-10T00:00:00Z,2002-08-19T00:00:00Z,No,No,Delhi,Yes,Punjab and Haryana,1994-11-30T00:00:00Z,Delhi,2001-06-02T00:00:00Z,Not Applicable,Not Applicable,No,Not Applicable,Not Applicable,Not Applicable,No,Not Applicable,Service,Yes,Yes,No,No,No,No,No,No,No,Not Available,Not Available,Arts,Not Available,Not Available,1962,Punjab and Haryana,No,No,No
Vipin Sanghi,Male,1961-10-27T00:00:00Z,Maharashtra,Nagpur,2006-05-29T00:00:00Z,2023-10-26T00:00:00Z,No,No,Delhi,No,Not Applicable,Not Applicable,Not Applicable,Not Applicable,Not Applicable,Not Applicable,No,Not Applicable,Not Applicable,Not Applicable,No,Not Applicable,Bar,No,Yes,Yes,Not Applicable,Yes,No,No,No,Yes,"Delhi Public School, Mathura Road",Delhi University,Science (Mathematics),Delhi University,1986,1986,Delhi,No,No,No
Yogesh Khanna,Male,1961-12-31T00:00:00Z,Not Available,Not Available,2016-11-08T00:00:00Z,2023-12-30T00:00:00Z,No,No,Delhi,No,Not Applicable,Not Applicable,Not Applicable,Not Applicable,Not Applicable,Not Applicable,No,Not Applicable,Not Applicable,Not Applicable,No,Not Applicable,Service,Yes,Yes,No,No,No,No,No,No,No,Not Available,Delhi University,Commerce,Delhi University,1986,1986,Not Available,No,No,No
