Name of the Judge,Gender,Date of Birth,State of Birth,Place of Birth,Date of Appointment,Date of Retirement,If Died in Office,If resigned from office,Parent High Court,If transferred to any other High Court,"If yes, which High Court 1",Date of such transfer - 1,"If yes, which High Court 2",Date of such transfer – 2,"If yes, which High Court 3",Date of such transfer - 3,If appointed Chief Justice in another High Court,"If yes, which High Court – 1","If yes, which High Court – 2","If yes, which High Court – 3",If appointed to the Supreme Court,Date of appointment to the Supreme Court,Cadre,Experience in Subordinate Judiciary,Litigation Experience,If a Senior Advocate,Experience in High Court Administrative Post,If served as Counsel for Government/PSU/Statutory Body,If served as Advocate General,If empanelled by Banks,If empanelled by Private Companies,Chamber Details,Schooling Information,Graduation Institution,Graduation Specialization,Law Degree Institution,Law Degree Year,Bar Enrolment Year,State Bar Association where enrolled,Foreign Degree in Law,Post-Graduate in another subject,Post-Graduate in Law
A. C. Kabbin,Male,1945-12-20T00:00:00Z,Not Available,Not Available,2003-09-08T00:00:00Z,2007-12-21T00:00:00Z,No,No,Karnataka,Not Available,Not Available,Not Available,Not Available,Not Available,Not Available,Not Available,Not Available,Not Available,Not Available,Not Available,No,Not Applicable,Service,Yes,Yes,No,No,No,No,No,No,No,Not Available,Not Available,Not Available,Not Available,Not Available,1968,Karnataka,No,No,No
A. M. Farooq,Male,1943-08-17T00:00:00Z,Not Available,Not Available,1995-12-18T00:00:00Z,2005-08-18T00:00:00Z,No,No,Karnataka,Not Available,Not Available,Not Available,Not Available,Not Available,Not Available,Not Available,Not Available,Not Available,Not Available,Not Available,No,Not Applicable,Bar,No,Yes,Yes,Not Applicable,Yes,No,No,No,Yes,Not Available,Not Available,Not Available,"Renukacharya Law College, Bangalore",Not Available,1968,Not Available,No,No,No
A. V. Chandrashekara,Male,1954-05-30T00:00:00Z,Not Available,Not Available,2013-10-24T00:00:00Z,2016-07-01T00:00:00Z,No,No,Karnataka,Not Available,Not Available,Not Available,Not Available,Not Available,Not Available,Not Available,Not Available,Not Available,Not Available,Not Available,No,Not Applicable,Service,Yes,Yes,No,No,No,No,No,No,No,Not Available,Not Available,Not Available,Not Available,Not Available,1984,Karnataka,No,No,No
A. V. Srinivasa Reddy,Male,1942-05-24T00:00:00Z,Karnataka,Agara Village,1999-06-16T00:00:00Z,2004-05-25T00:00:00Z,No,No,Karnataka,Not Available,Not Available,Not Available,Not Available,Not Available,Not Available,Not Available,No,Not Applicable,Not Applicable,Not Applicable,No,Not Applicable,Bar,No,Yes,No,Not Applicable,No,No,No,No,Yes,Not Available,St. Joseph's College,Arts,"Government Law College, Bangalore",Not Available,1968,Karnataka,No,No,No
Abdul Nazeer,Male,1958-01-05T00:00:00Z,Karnataka,Beluvai,2003-05-12T00:00:00Z,2020-01-04T00:00:00Z,No,No,Karnataka,No,Not Applicable,Not Applicable,Not Applicable,Not Applicable,Not Applicable,Not Applicable,No,Not Applicable,Not Applicable,Not Applicable,Yes,2017-02-17T00:00:00Z,Bar,No,Yes,No,Not Applicable,Yes,No,No,No,No,Not Available,"Mahaveera College, Moodbidri",Commerce,"SDM Law College, Kodialbail, Mangalore",Not Available,1983,Karnataka,No,No,No
Abhay Oka,Male,1960-05-25T00:00:00Z,Not Available,Not Available,2003-04-29T00:00:00Z,2025-05-24T00:00:00Z,No,No,Bombay,Not Available,Not Available,Not Available,Not Available,Not Available,Not Available,Not Available,Yes,Karnataka,Not Applicable,Not Applicable,No,Not Applicable,Bar,No,Yes,No,Not Applicable,No,No,No,No,No,Not Available,University of Bombay,Science,Not Available,Not Available,1983,Maharashtra,No,No,Yes
Adi Subhash Bashetti,Male,1951-08-10T00:00:00Z,Not Available,Not Available,2006-01-06T00:00:00Z,2013-08-11T00:00:00Z,No,No,Karnataka,Not Available,Not Available,Not Available,Not Available,Not Available,Not Available,Not Available,Not Available,Not Available,Not Available,Not Available,No,Not Applicable,Service,Yes,Yes,No,No,No,No,No,No,No,Not Available,Not Available,Not Available,Not Available,Not Available,1978,Karnataka,No,No,No
Ajit J. Gunjal,Male,1950-10-15T00:00:00Z,Not Available,Not Available,2003-05-12T00:00:00Z,2012-10-16T00:00:00Z,No,No,Karnataka,Not Available,Not Available,Not Available,Not Available,Not Available,Not Available,Not Available,Not Available,Not Available,Not Available,Not Available,No,Not Applicable,Bar,No,Yes,No,Not Applicable,No,No,No,No,No,Not Available,Not Available,Not Available,Not Available,Not Available,1976,Karnataka,No,No,No
Ajjikuttira Bopanna,Male,1959-05-20T00:00:00Z,Not Available,Not Available,2006-01-06T00:00:00Z,2021-05-19T00:00:00Z,No,No,Karnataka,Yes,Gauhati,2018-10-29T00:00:00Z,Not Applicable,Not Applicable,Not Applicable,Not Applicable,Yes,Gauhati,Not Applicable,Not Applicable,Yes,2019-05-24T00:00:00Z,Bar,No,Yes,No,Not Applicable,Yes,No,No,No,No,Not Available,Not Available,Science,Not Available,Not Available,1984,Karnataka,No,No,No
Alok Aradhe,Male,1964-04-13T00:00:00Z,Chhattisgarh,Raipur,2009-12-29T00:00:00Z,2026-04-13T00:00:00Z,No,No,Madhya Pradesh,Yes,J & K and Ladakh,2016-09-16T00:00:00Z,Karnataka,2018-11-17T00:00:00Z,Not Applicable,Not Applicable,No,Not Applicable,Not Applicable,Not Applicable,No,Not Applicable,Bar,No,Yes,Yes,Not Applicable,No,No,No,No,No,Not Available,Not Available,Science,Not Available,Not Available,1988,Madhya Pradesh,No,No,No
Amblikal Narayana Gowda Venugopala Gowda,Male,1955-06-16T00:00:00Z,Not Available,Not Available,2007-07-04T00:00:00Z,2017-06-15T00:00:00Z,No,No,Karnataka,Not Available,Not Available,Not Available,Not Available,Not Available,Not Available,Not Available,Not Available,Not Available,Not Available,Not Available,No,Not Applicable,Bar,No,Yes,No,Not Applicable,Yes,No,Yes,No,No,Not Available,Not Available,Science,Not Available,Not Available,1979,Karnataka,No,No,No
Anand Byrareddy,Male,1955-05-01T00:00:00Z,Not Available,Not Available,2005-03-07T00:00:00Z,2017-04-30T00:00:00Z,No,No,Karnataka,Not Available,Not Available,Not Available,Not Available,Not Available,Not Available,Not Available,Not Available,Not Available,Not Available,Not Available,No,Not Applicable,Bar,No,Yes,No,Not Applicable,Yes,No,No,No,No,Not Available,Not Available,Arts,Not Available,Not Available,1983,Karnataka,No,No,No
Appasaheb Shantappa Bellunke,Male,1957-08-03T00:00:00Z,Not Available,Not Available,2018-11-03T00:00:00Z,2019-08-02T00:00:00Z,No,No,Karnataka,Not Available,Not Available,Not Available,Not Available,Not Available,Not Available,Not Available,Not Available,Not Available,Not Available,Not Available,No,Not Applicable,Not Available,Not Available,Not Available,Not Available,Not Available,Not Available,Not Available,Not Available,Not Available,Not Available,Not Available,Not Available,Not Available,Not Available,Not Available,Not Available,Not Available,No,No,No
Arali Nagaraj Amarappa,Male,1951-11-01T00:00:00Z,Not Available,Not Available,2007-07-04T00:00:00Z,2011-11-02T00:00:00Z,No,No,Karnataka,Not Available,Not Available,Not Available,Not Available,Not Available,Not Available,Not Available,Not Available,Not Available,Not Available,Not Available,No,Not Applicable,Service,Yes,Yes,No,No,No,No,No,No,No,Not Available,Not Available,Not Available,Not Available,Not Available,1983,Karnataka,No,No,No
Aravind Kumar,Male,1962-07-14T00:00:00Z,Not Available,Not Available,2009-06-26T00:00:00Z,2024-07-13T00:00:00Z,No,No,Karnataka,Not Available,Not Available,Not Available,Not Available,Not Available,Not Available,Not Available,Not Available,Not Available,Not Available,Not Available,No,Not Applicable,Bar,No,Yes,No,Not Applicable,Yes,No,No,No,No,Not Available,Not Available,Arts,Not Available,Not Available,1987,Karnataka,No,No,No
Arvind Pachhapure,Male,1953-06-17T00:00:00Z,Not Available,Not Available,2007-07-04T00:00:00Z,2015-06-16T00:00:00Z,No,No,Karnataka,Not Available,Not Available,Not Available,Not Available,Not Available,Not Available,Not Available,Not Available,Not Available,Not Available,Not Available,No,Not Applicable,Service,Yes,Yes,No,Yes,No,No,No,No,No,Not Available,Not Available,Science,Not Available,Not Available,1975,Karnataka,No,No,No
Ashok Hinchigeri,Male,1955-08-24T00:00:00Z,Not Available,Not Available,2005-03-07T00:00:00Z,2017-08-23T00:00:00Z,No,No,Karnataka,Not Available,Not Available,Not Available,Not Available,Not Available,Not Available,Not Available,Not Available,Not Available,Not Available,Not Available,No,Not Applicable,Bar,No,Yes,No,Not Applicable,Yes,No,No,No,No,Not Available,Not Available,Not Available,Not Available,Not Available,1988,Karnataka,No,Yes,No
Ashok Kinagi,Male,1970-01-01T00:00:00Z,Not Available,Not Available,2019-09-23T00:00:00Z,2032-09-22T00:00:00Z,No,No,Karnataka,Not Available,Not Available,Not Available,Not Available,Not Available,Not Available,Not Available,Not Available,Not Available,Not Available,Not Available,No,Not Applicable,Bar,No,Yes,No,Not Applicable,No,No,No,No,No,Not Available,Not Available,Not Available,Not Available,Not Available,1995,Karnataka,No,No,No
Ashok Nijagannavar,Male,1959-07-09T00:00:00Z,Not Available,Not Available,2018-11-03T00:00:00Z,2021-11-02T00:00:00Z,No,No,Karnataka,Not Available,Not Available,Not Available,Not Available,Not Available,Not Available,Not Available,Not Available,Not Available,Not Available,Not Available,No,Not Applicable,Bar,No,Yes,No,Not Applicable,No,No,No,No,No,Not Available,Not Available,Not Available,Not Available,Not Available,Not Available,Not Available,No,No,No
B. K. Sangalad,Male,1940-09-14T00:00:00Z,Not Available,Not Available,1995-12-18T00:00:00Z,2002-09-13T00:00:00Z,No,No,Karnataka,Not Available,Not Available,Not Available,Not Available,Not Available,Not Available,Not Available,Not Available,Not Available,Not Available,Not Available,No,Not Applicable,Service,Yes,Yes,No,No,Yes,No,No,No,No,Not Available,Not Available,Not Available,Not Available,Not Available,1974,Karnataka,No,No,No
B. K. Somashekhar,Male,1936-01-27T00:00:00Z,Not Available,Not Available,1994-02-25T00:00:00Z,1998-01-28T00:00:00Z,No,No,Karnataka,Yes,Andhra Pradesh,1994-03-21T00:00:00Z,Not Applicable,Not Applicable,Not Applicable,Not Applicable,No,Not Applicable,Not Applicable,Not Applicable,No,Not Applicable,Service,Yes,Yes,No,No,No,No,No,No,No,Not Available,Not Available,Not Available,Not Available,Not Available,1959,Not Available,No,No,No
B. N. Mallikarjuna,Male,1939-12-13T00:00:00Z,Not Available,Not Available,1995-12-18T00:00:00Z,2001-12-14T00:00:00Z,No,No,Karnataka,Not Available,Not Available,Not Available,Not Available,Not Available,Not Available,Not Available,No,Not Applicable,Not Applicable,Not Applicable,No,Not Applicable,Service,Yes,Yes,No,No,No,No,No,No,No,Not Available,Not Available,Not Available,"R.L.Law College, Belgaum",1960,1962,Not Available,No,No,No
B. Padmaraj,Male,1944-10-06T00:00:00Z,Not Available,Not Available,1994-11-30T00:00:00Z,2006-10-07T00:00:00Z,No,No,Karnataka,Not Available,Not Available,Not Available,Not Available,Not Available,Not Available,Not Available,Not Available,Not Available,Not Available,Not Available,No,Not Applicable,Service,Yes,Yes,No,No,No,No,No,No,No,Not Available,Not Available,Not Available,Not Available,Not Available,1969,Karnataka,No,No,No
B. S. Indrakala,Female,1952-04-08T00:00:00Z,Not Available,Not Available,2012-02-24T00:00:00Z,2014-04-09T00:00:00Z,No,No,Karnataka,Not Available,Not Available,Not Available,Not Available,Not Available,Not Available,Not Available,Not Available,Not Available,Not Available,Not Available,No,Not Applicable,Service,Yes,Yes,No,No,No,No,No,No,No,Not Available,Not Available,Science,Not Available,Not Available,1977,Karnataka,No,No,No
B. S. Srinivasa Rao,Male,1939-02-10T00:00:00Z,Not Available,Not Available,1997-01-01T00:00:00Z,2001-02-11T00:00:00Z,No,No,Karnataka,Not Available,Not Available,Not Available,Not Available,Not Available,Not Available,Not Available,No,Not Applicable,Not Applicable,Not Applicable,No,Not Applicable,Service,Yes,Yes,No,No,No,No,No,No,No,Not Available,Not Available,Not Available,"Government Law College, Bangalore",Not Available,1958,Karnataka,No,No,No
B. Veerappa,Male,1961-06-01T00:00:00Z,Not Available,Not Available,2015-01-02T00:00:00Z,2023-06-01T00:00:00Z,No,No,Karnataka,Not Available,Not Available,Not Available,Not Available,Not Available,Not Available,Not Available,Not Available,Not Available,Not Available,Not Available,No,Not Applicable,Bar,No,yes,No,Not Applicable,Yes,No,No,No,No,"Primary Education - 
Government Primary School, 
Nagadenahalli, Srinivasapura 
Secondary Education - 
Government Higher Primary 
School 
High School and Pre-University 
Education - Government High 
School, Composite Junior 
College, Srinivasapura, Kolar","Government College, 
Kolar",Not Available,"Renukacharya Law College, Bengaluru",Not Available,1988,Karnataka,No,No,No
B.S. Raikote,Male,1937-10-07T00:00:00Z,Not Available,Not Available,1994-02-25T00:00:00Z,1999-11-08T00:00:00Z,No,No,Karnataka,Yes,Andhra Pradesh,1994-03-21T00:00:00Z,Not Applicable,Not Applicable,Not Applicable,Not Applicable,No,Not Applicable,Not Applicable,Not Applicable,No,Not Applicable,Bar,No,Yes,No,Not Applicable,No,No,No,No,No,Not Available,Not Available,Not Available,Osmania University,Not Available,1965,Karnataka,No,No,Yes
Bangalore Venkataramiah Nagarathna,Female,1962-10-30T00:00:00Z,Not Available,Not Available,2008-02-18T00:00:00Z,2024-10-29T00:00:00Z,No,No,Karnataka,Not Available,Not Available,Not Available,Not Available,Not Available,Not Available,Not Available,Not Available,Not Available,Not Available,Not Available,No,Not Applicable,Bar,No,Yes,No,Not Applicable,No,No,No,No,No,Not Available,Not Available,Arts,Not Available,Not Available,1987,Karnataka,No,No,No
Basavaraj Patil,Male,1959-01-20T00:00:00Z,Not Available,Not Available,2016-11-14T00:00:00Z,2021-01-21T00:00:00Z,No,No,Karnataka,Not Available,Not Available,Not Available,Not Available,Not Available,Not Available,Not Available,Not Available,Not Available,Not Available,Not Available,No,Not Applicable,Service,Yes,Yes,No,No,No,No,No,No,No,Not Available,Not Available,Not Available,"University Law College, Dharwad",1983,1983,Karnataka,No,No,Yes
Bhotanhosur Mallikarjuna Prasad,Male,1971-01-08T00:00:00Z,Not Available,Not Available,2018-02-14T00:00:00Z,2033-01-07T00:00:00Z,No,No,Karnataka,Not Available,Not Available,Not Available,Not Available,Not Available,Not Available,Not Available,Not Available,Not Available,Not Available,Not Available,No,Not Applicable,Bar,No,Yes,No,Not Applicable,No,No,No,No,No,Not Available,Not Available,Not Available,Not Available,Not Available,Not Available,Karnataka,No,No,No
Bijoor Manohar,Male,1955-07-20T00:00:00Z,Not Available,Not Available,2010-03-12T00:00:00Z,2017-07-19T00:00:00Z,No,No,Karnataka,Not Available,Not Available,Not Available,Not Available,Not Available,Not Available,Not Available,Not Available,Not Available,Not Available,Not Available,No,Not Applicable,Bar,No,Yes,No,Not Applicable,Yes,No,No,No,No,Not Available,Not Available,Arts,Not Available,Not Available,1983,Karnataka,No,No,No
Boregowda Gowda,Male,1956-06-16T00:00:00Z,Not Available,Not Available,2008-06-02T00:00:00Z,2018-06-15T00:00:00Z,No,No,Karnataka,Not Available,Not Available,Not Available,Not Available,Not Available,Not Available,Not Available,Not Available,Not Available,Not Available,Not Available,No,Not Applicable,Bar,No,Yes,No,Not Applicable,Yes,No,No,No,No,Not Available,Not Available,Business Management,Not Available,Not Available,1982,Karnataka,No,No,No
C. N. Ashwathnarayana Rao,Male,1936-11-26T00:00:00Z,Not Available,Not Available,1994-11-30T00:00:00Z,1998-11-27T00:00:00Z,No,No,Karnataka,Not Available,Not Available,Not Available,Not Available,Not Available,Not Available,Not Available,No,Not Applicable,Not Applicable,Not Applicable,No,Not Applicable,Service,Yes,Yes,No,No,No,No,No,No,No,Not Available,"Maharaja's College, 
Mysore",Not Available,"Government Law College, Bangalore",Not Available,1957,Karnataka,No,No,No
Chandrashekharaiah,Male,1942-05-20T00:00:00Z,Not Available,Not Available,1995-12-18T00:00:00Z,2004-05-21T00:00:00Z,No,No,Karnataka,Not Available,Not Available,Not Available,Not Available,Not Available,Not Available,Not Available,Not Available,Not Available,Not Available,Not Available,No,Not Applicable,Bar,No,Yes,No,Not Applicable,Yes,No,No,No,Yes,Not Available,Not Available,Not Available,Not Available,Not Available,1969,Karnataka,No,No,No
Chikka Rachappa Kumaraswamy,Male,1953-08-25T00:00:00Z,Not Available,Not Available,2005-03-07T00:00:00Z,2015-08-24T00:00:00Z,No,No,Karnataka,Not Available,Not Available,Not Available,Not Available,Not Available,Not Available,Not Available,Not Available,Not Available,Not Available,Not Available,No,Not Applicable,Service,Yes,Yes,No,No,No,No,No,No,No,Not Available,Not Available,Science,Not Available,Not Available,1983,Karnataka,No,No,No
Cyriac Joseph,Male,1947-01-28T00:00:00Z,Kerala,Kaipuzha in Kottayam District,1994-07-06T00:00:00Z,2012-01-27T00:00:00Z,No,No,Kerala,Yes,Delhi,1994-08-05T00:00:00Z,Not Applicable,Not Applicable,Not Applicable,Not Applicable,Yes,Uttarakhand,Karnataka,Not Applicable,Yes,2008-07-07T00:00:00Z,Bar,No,Yes,No,Not Applicable,Yes,No,No,No,No,"St. George’s High School, Kaipuzha","St. Thomas College, Palai; St. Berchmans’ College",Not Available,"Changanacherry and Law College, Trivandrum",Not Available,1968,Kerala,No,No,No
D. V. Shylendra Kumar,Male,1951-09-05T00:00:00Z,Not Available,Not Available,2000-12-11T00:00:00Z,2013-09-06T00:00:00Z,No,No,Karnataka,Not Available,Not Available,Not Available,Not Available,Not Available,Not Available,Not Available,Not Available,Not Available,Not Available,Not Available,No,Not Applicable,Bar,No,Yes,No,Not Applicable,No,No,No,No,No,Not Available,Not Available,Not Available,Not Available,Not Available,1976,Not Available,No,No,No
Deepak Verma,Male,1947-08-28T00:00:00Z,Madhya Pradesh,Jabalpur,2008-01-02T00:00:00Z,2012-08-28T00:00:00Z,No,No,Madhya Pradesh,Not Available,Not Available,Not Available,Not Available,Not Available,Not Available,Not Available,Yes,Rajasthan,Not Applicable,Not Applicable,Yes,2009-05-11T00:00:00Z,Bar,No,Yes,No,Not Applicable,No,No,No,No,Yes,"Naveen Vidya Bhavan, Jabalpur","St. Aloysius College, Jabalpur",Arts,Jabalpur University,Not Available,1972,Madhya Pradesh,No,No,No
Dhirendra Waghela,Male,1954-08-11T00:00:00Z,Gujarat,Rajkot,1999-09-17T00:00:00Z,2016-08-10T00:00:00Z,No,No,Gujarat,Not Available,Not Available,Not Available,Not Available,Not Available,Not Available,Not Available,Yes,Bombay,Orissa,Karnataka,No,Not Applicable,Bar,No,Yes,No,Not Applicable,No,No,No,No,No,Not Available,P.D.Malaviya Commerce College,Commerce,Saurashtra University,1975,1975,Gujarat,No,No,Yes
"Dilip Babasaheb 
Bhosale",Male,1956-10-24T00:00:00Z,Maharashtra,Satara,2001-01-22T00:00:00Z,2018-10-23T00:00:00Z,No,No,Bombay,Yes,Karnataka,2012-01-06T00:00:00Z,Telangana,2014-12-01T00:00:00Z,Allahabad,2016-07-30T00:00:00Z,Yes,Allahabad,Not Applicable,Not Applicable,No,Not Applicable,Bar,No,Yes,Yes,Not Applicable,Yes,No,No,No,No,Not Available,"Government Law College, 
Mumbai",Arts,"GLC, Mumbai",Not Available,1980,Maharashtra,No,No,No
Dinesh Maheshwari,Male,1958-04-15T00:00:00Z,Rajasthan,Udaipur,2004-09-02T00:00:00Z,2023-05-14T00:00:00Z,No,No,Rajasthan,Yes,Allahabad,2014-07-19T00:00:00Z,Not Applicable,Not Applicable,Not Applicable,Not Applicable,Yes,Meghalaya,Karnataka,Not Applicable,Yes,2019-01-18T00:00:00Z,Bar,No,Yes,No,Not Applicable,Yes,No,No,No,No,Not Available,"Maharaja College, Rajasthan University",Science (Hons.),Jodhpur University,1980,1981,Rajasthan,No,No,No
Dixit Krishna Shripad,Male,1964-07-20T00:00:00Z,Not Available,Not Available,2018-02-14T00:00:00Z,2026-07-19T00:00:00Z,No,No,Karnataka,Not Available,Not Available,Not Available,Not Available,Not Available,Not Available,Not Available,Not Available,Not Available,Not Available,Not Available,No,Not Applicable,Bar,No,Yes,No,Not Applicable,No,No,No,No,No,Not Available,Not Available,Not Available,Not Available,Not Available,Not Available,Karnataka,No,No,No
Engalaguppe Indiresh,Male,1972-04-16T00:00:00Z,Not Available,Not Available,2020-01-07T00:00:00Z,2034-04-15T00:00:00Z,No,No,Karnataka,Not Available,Not Available,Not Available,Not Available,Not Available,Not Available,Not Available,Not Available,Not Available,Not Available,Not Available,No,Not Applicable,Bar,No,Yes,No,Not Applicable,No,No,No,No,No,Not Available,"Yuvaraja’s College, Mysore",Science,"Sharada Vilas College, Mysore",Not Available,Not Available,Not Available,No,No,No
G. Narendar,Male,1964-01-10T00:00:00Z,Not Available,Not Available,2015-01-02T00:00:00Z,2026-01-10T00:00:00Z,No,No,Karnataka,No,Not Applicable,Not Applicable,Not Applicable,Not Applicable,Not Applicable,Not Applicable,No,Not Applicable,Not Applicable,Not Applicable,No,Not Applicable,Bar,No,Yes,No,Not Applicable,No,No,No,No,No,Not Available,Not Available,Arts,Not Available,Not Available,Not Available,Not Available,No,No,No
G. Patri Basavana Goud,Male,1940-04-29T00:00:00Z,Not Available,Not Available,1997-01-01T00:00:00Z,2002-04-30T00:00:00Z,No,No,Karnataka,Not Available,Not Available,Not Available,Not Available,Not Available,Not Available,Not Available,No,Not Applicable,Not Applicable,Not Applicable,No,Not Applicable,Service,Yes,Yes,No,Yes,No,No,No,No,No,Not Available,Not Available,Not Available,"Government Law College, Bangalore",Not Available,1962,Not Available,No,No,No
Gopi Chand Bharuka,Male,1941-06-15T00:00:00Z,Not Available,Not Available,1994-06-13T00:00:00Z,2003-06-16T00:00:00Z,No,No,Patna,No,Not Applicable,Not Applicable,Not Applicable,Not Applicable,Not Applicable,Not Applicable,No,Not Applicable,Not Applicable,Not Applicable,No,Not Applicable,Bar,No,Yes,Yes,Not Available,No,No,No,No,No,Not Available,Not Available,Not Available,Ranchi University,Not Available,1968,Bihar,No,Not Available,Yes
H. N. Narayan,Male,1941-03-18T00:00:00Z,Not Available,Not Available,1994-11-30T00:00:00Z,2003-03-19T00:00:00Z,No,No,Karnataka,Not Available,Not Available,Not Available,Not Available,Not Available,Not Available,Not Available,Not Available,Not Available,Not Available,Not Available,No,Not Applicable,Service,Yes,Yes,No,No,No,No,No,No,No,Not Available,Not Available,Not Available,Not Available,Not Available,1969,Karnataka,No,No,No
H. Rangavittalachar,Male,1942-03-12T00:00:00Z,Not Available,Not Available,1997-06-11T00:00:00Z,2004-03-13T00:00:00Z,No,No,Karnataka,Not Available,Not Available,Not Available,Not Available,Not Available,Not Available,Not Available,Not Available,Not Available,Not Available,Not Available,No,Not Applicable,Bar,No,Yes,No,Not Applicable,Yes,No,No,No,No,Not Available,Vijaya College,Not Available,"Government Law College, Bangalore",Not Available,1966,Karnataka,No,No,No
H. S. Kempanna,Male,1952-04-04T00:00:00Z,Not Available,Not Available,2010-03-12T00:00:00Z,2014-04-04T00:00:00Z,No,No,Karnataka,Not Available,Not Available,Not Available,Not Available,Not Available,Not Available,Not Available,Not Available,Not Available,Not Available,Not Available,No,Not Applicable,Service,Yes,Yes,No,No,No,No,No,No,No,Not Available,Not Available,Not Available,Not Available,Not Available,1976,Karnataka,No,No,No
H.N. Nagamohan Das,Male,1952-02-12T00:00:00Z,Not Available,Not Available,2004-10-21T00:00:00Z,2014-02-13T00:00:00Z,No,No,Karnataka,Not Available,Not Available,Not Available,Not Available,Not Available,Not Available,Not Available,Not Available,Not Available,Not Available,Not Available,No,Not Applicable,Bar,Yes,Yes,No,No,No,No,No,No,No,Not Available,Not Available,Not Available,Not Available,Not Available,1977,Not Available,No,No,No
Hanchate Sanjeevkumar,Male,1971-05-13T00:00:00Z,Not Available,Not Available,2020-05-04T00:00:00Z,2033-05-12T00:00:00Z,No,No,Karnataka,Not Available,Not Available,Not Available,Not Available,Not Available,Not Available,Not Available,Not Available,Not Available,Not Available,Not Available,No,Not Applicable,Service,Yes,Yes,No,No,No,No,No,No,No,Not Available,Not Available,Not Available,Not Available,Not Available,Not Available,Not Available,No,No,No
Handyala Dattu,Male,1950-12-03T00:00:00Z,Not Available,Not Available,1995-12-18T00:00:00Z,2015-12-02T00:00:00Z,No,No,Karnataka,Yes,Kerala,2007-05-18T00:00:00Z,Not Applicable,Not Applicable,Not Applicable,Not Applicable,Yes,Chhattisgarh,Not Applicable,Not Applicable,Yes,2008-12-17T00:00:00Z,Bar,No,Yes,No,Not Applicable,Yes,No,No,No,No,Not Available,Not Available,Not Available,Not Available,Not Available,1975,Karnataka,No,No,No
Hanumappa Bilappa,Male,1954-10-08T00:00:00Z,Not Available,Not Available,2003-09-08T00:00:00Z,2016-10-07T00:00:00Z,No,No,Karnataka,Not Available,Not Available,Not Available,Not Available,Not Available,Not Available,Not Available,Not Available,Not Available,Not Available,Not Available,No,Not Applicable,Bar,No,Yes,No,Not Applicable,No,No,No,No,No,Not Available,Not Available,Science,Not Available,Not Available,1978,Karnataka,No,No,No
Harekoppa Thimanna Narendra Prasad,Male,1966-06-01T00:00:00Z,Not Available,Not Available,2018-06-02T00:00:00Z,2027-06-01T00:00:00Z,No,No,Karnataka,Not Available,Not Available,Not Available,Not Available,Not Available,Not Available,Not Available,Not Available,Not Available,Not Available,Not Available,No,Not Applicable,Bar,No,Yes,No,Not Applicable,No,No,No,No,No,Not Available,Not Available,Not Available,Not Available,Not Available,Not Available,Not Available,No,No,No
Harinath Tilhari,Male,1939-05-11T00:00:00Z,Not Available,Not Available,1994-05-11T00:00:00Z,2001-05-12T00:00:00Z,No,No,Allahabad,Not Available,Not Available,Not Available,Not Available,Not Available,Not Available,Not Available,No,Not Applicable,Not Applicable,Not Applicable,No,Not Applicable,Bar,No,Yes,Yes,Not Applicable,Yes,No,No,No,No,Not Available,Not Available,Not Available,Not Available,Not Available,1961,Uttar Pradesh,No,No,No
Hemant Chandangoudar,Male,1969-09-28T00:00:00Z,Not Available,Not Available,2019-11-11T00:00:00Z,2031-09-27T00:00:00Z,No,No,Karnataka,Not Available,Not Available,Not Available,Not Available,Not Available,Not Available,Not Available,Not Available,Not Available,Not Available,Not Available,No,Not Applicable,Bar,No,Yes,No,Not Applicable,No,No,No,No,No,Not Available,Not Available,Not Available,Not Available,Not Available,1994,Not Available,No,No,No
Hethur Puttaswamygowda Sandesh,Male,1964-12-02T00:00:00Z,Karnataka,Hethur,2018-11-03T00:00:00Z,2026-11-02T00:00:00Z,No,No,Karnataka,Not Available,Not Available,Not Available,Not Available,Not Available,Not Available,Not Available,Not Available,Not Available,Not Available,Not Available,No,Not Applicable,Bar,No,Yes,No,Not Applicable,No,No,No,No,No,Not Available,Not Available,Not Available,M. Krishna Law College,1992,Not Available,Not Available,No,No,No
Hosur Prabhakara Sastry,Male,1962-04-04T00:00:00Z,Karnataka,Davangare,2017-02-21T00:00:00Z,2024-04-03T00:00:00Z,No,No,Karnataka,Not Available,Not Available,Not Available,Not Available,Not Available,Not Available,Not Available,Not Available,Not Available,Not Available,Not Available,No,Not Applicable,Service,Yes,Yes,No,No,No,No,No,No,No,Not Available,Not Available,Not Available,"R.L. Law College, Davangare",Not Available,1991,Karnataka,No,Yes,Yes
Huluvadi G. Ramesh,Male,1957-05-20T00:00:00Z,Not Available,Not Available,2003-09-08T00:00:00Z,2019-05-19T00:00:00Z,No,No,Karnataka,Yes,Allahabad,2015-02-16T00:00:00Z,Madras,2016-04-11T00:00:00Z,Madhya Pradesh,2018-11-15T00:00:00Z,No,Not Applicable,Not Applicable,Not Applicable,No,Not Applicable,Service,Yes,Yes,No,Yes,No,No,No,No,No,Not Available,Not Available,Science,Not Available,Not Available,1981,Karnataka,No,No,Yes
Humchadakatte Ramesh,Male,1957-01-16T00:00:00Z,Karnataka,Not Available,2003-05-12T00:00:00Z,2019-01-15T00:00:00Z,No,No,Karnataka,Not Available,Not Available,Not Available,Not Available,Not Available,Not Available,Not Available,No,Not Applicable,Not Applicable,Not Applicable,No,Not Applicable,Bar,No,Yes,No,Not Applicable,Yes,No,No,No,No,Not Available,Not Available,Arts,Not Available,Not Available,1982,Karnataka,No,No,No
Jagdish Singh Khehar,Male,1952-08-28T00:00:00Z,British Kenya (now Kenya),Nairobi,1999-02-08T00:00:00Z,2017-08-27T00:00:00Z,No,No,Punjab and Haryana,No,Not Applicable,Not Applicable,Not Applicable,Not Applicable,Not Applicable,Not Applicable,Yes,Uttarakhand,Karnataka,Not Applicable,Yes,2011-09-13T00:00:00Z,Bar,No,Yes,Yes,Not Applicable,Yes,Yes,No,Yes,No,Not Available,"Government College, Chandigarh",Science,"Panjab University, Chandigarh",1977,1979,Punjab and Haryana,No,No,Yes
Jawad Rahim,Male,1952-09-02T00:00:00Z,Not Available,Not Available,2006-01-06T00:00:00Z,2014-09-03T00:00:00Z,No,No,Karnataka,Not Available,Not Available,Not Available,Not Available,Not Available,Not Available,Not Available,Not Available,Not Available,Not Available,Not Available,No,Not Applicable,Service,Yes,Yes,No,No,No,No,No,No,No,Not Available,Not Available,Not Available,Not Available,Not Available,1975,Karnataka,No,No,No
Jayant Maganlal Patel,Male,1956-08-04T00:00:00Z,Gujarat,Veraval,2001-12-03T00:00:00Z,2017-09-25T00:00:00Z,No,Yes,Gujarat,Yes,Karnataka,2016-02-13T00:00:00Z,Not Applicable,Not Applicable,Not Applicable,Not Applicable,No,NA,NA,NA,No,Not Applicable,Bar,No,Yes,No,NA,Yes,No,No,No,No,NA,"M. S. University, Baroda",Commerce,"M. S. University, Baroda",NA,1979,Gujarat,No,No,No
John Michael Cunha,Male,1959-04-07T00:00:00Z,Not Available,Not Available,2016-11-14T00:00:00Z,2021-04-08T00:00:00Z,No,No,Karnataka,Not Available,Not Available,Not Available,Not Available,Not Available,Not Available,Not Available,Not Available,Not Available,Not Available,Not Available,No,Not Applicable,Not Available,Not Available,Not Available,Not Available,Not Available,Not Available,Not Available,Not Available,Not Available,Not Available,Not Available,Not Available,Not Available,Not Available,Not Available,Not Available,Not Available,No,No,No
Jyoti Mulimani,Female,1968-08-15T00:00:00Z,Not Available,Not Available,2019-11-11T00:00:00Z,2030-11-10T00:00:00Z,No,No,Karnataka,Not Available,Not Available,Not Available,Not Available,Not Available,Not Available,Not Available,Not Available,Not Available,Not Available,Not Available,No,Not Applicable,Bar,No,Yes,No,Not Applicable,No,No,No,No,No,Not Available,Not Available,Not Available,Not Available,Not Available,1992,Not Available,No,No,No
K. Govindarajulu,Male,1953-04-02T00:00:00Z,Not Available,Not Available,2010-03-12T00:00:00Z,2013-04-03T00:00:00Z,No,No,Karnataka,Not Available,Not Available,Not Available,Not Available,Not Available,Not Available,Not Available,Not Available,Not Available,Not Available,Not Available,No,Not Applicable,Service,Yes,Yes,No,No,No,No,No,No,No,Not Available,Not Available,Not Available,Not Available,Not Available,1980,Karnataka,No,No,No
K. L. Manjunath,Male,1953-04-21T00:00:00Z,Not Available,Not Available,2000-12-11T00:00:00Z,2015-04-20T00:00:00Z,No,No,Karnataka,No,Not Applicable,Not Applicable,Not Applicable,Not Applicable,Not Applicable,Not Applicable,No,Not Applicable,Not Applicable,Not Applicable,No,Not Applicable,Bar,No,Yes,No,Not Applicable,Yes,No,Yes,No,No,Not Available,Not Available,Science,Not Available,Not Available,1974,Karnataka,No,No,No
K. N. Phaneendra,Male,1958-05-20T00:00:00Z,Not Available,Not Available,2013-10-24T00:00:00Z,2020-05-21T00:00:00Z,No,No,Karnataka,Not Available,Not Available,Not Available,Not Available,Not Available,Not Available,Not Available,Not Available,Not Available,Not Available,Not Available,No,Not Applicable,Service,Yes,Yes,No,No,No,No,No,No,No,Not Available,Not Available,Not Available,Not Available,Not Available,1985,Karnataka,No,No,No
K. R. Prasad Rao,Male,1939-10-31T00:00:00Z,Not Available,Not Available,1998-06-02T00:00:00Z,2001-11-01T00:00:00Z,No,No,Karnataka,Not Available,Not Available,Not Available,Not Available,Not Available,Not Available,Not Available,No,Not Applicable,Not Applicable,Not Applicable,No,Not Applicable,Service,Yes,Yes,No,No,No,No,No,No,No,Not Available,"Andhra Christian College, 
Guntur",Not Available,"Andhra University Law College, Waltair",Not Available,1962,Andhra Pradesh,No,No,No
K. Ramanna,Male,1948-07-04T00:00:00Z,Not Available,Not Available,2002-04-18T00:00:00Z,2010-07-05T00:00:00Z,No,No,Karnataka,Not Available,Not Available,Not Available,Not Available,Not Available,Not Available,Not Available,Not Available,Not Available,Not Available,Not Available,No,Not Applicable,Service,Yes,Yes,No,No,No,No,No,No,No,Not Available,Not Available,Not Available,Not Available,Not Available,1977,Karnataka,No,No,No
K. Sreedhar Rao,Male,1953-10-21T00:00:00Z,Not Available,Not Available,2000-02-21T00:00:00Z,2015-10-22T00:00:00Z,No,No,Karnataka,Not Available,Not Available,Not Available,Not Available,Not Available,Not Available,Not Available,Not Available,Not Available,Not Available,Not Available,No,Not Applicable,Service,Yes,Yes,No,No,No,No,No,No,No,Not Available,Not Available,Not Available,Not Available,Not Available,1976,Karnataka,No,No,No
K.S. Bhaktavatsalam,Male,1935-10-22T00:00:00Z,Not Available,Not Available,1994-05-11T00:00:00Z,1997-10-23T00:00:00Z,No,No,Madras,Yes,Karnataka,1994-05-11T00:00:00Z,Not Applicable,Not Applicable,Not Applicable,Not Applicable,No,Not Applicable,Not Applicable,Not Applicable,No,Not Applicable,Bar,No,Yes,Yes,Not Applicable,Yes,No,No,No,No,Not Available,Not Available,Not Available,Not Available,Not Available,Not Available,Not Available,No,No,No
Kempaiah Somashekar,Male,1963-09-15T00:00:00Z,Not Available,Not Available,2016-11-14T00:00:00Z,2025-09-15T00:00:00Z,No,No,Karnataka,Not Available,Not Available,Not Available,Not Available,Not Available,Not Available,Not Available,Not Available,Not Available,Not Available,Not Available,No,Not Applicable,Service,Yes,Yes,No,Yes,No,No,No,No,No,Not Available,Not Available,Not Available,Not Available,Not Available,1990,Karnataka,No,No,No
Keshava Narayana,Male,1952-04-10T00:00:00Z,Not Available,Not Available,2008-06-02T00:00:00Z,2014-04-11T00:00:00Z,No,No,Karnataka,Not Available,Not Available,Not Available,Not Available,Not Available,Not Available,Not Available,Not Available,Not Available,Not Available,Not Available,No,Not Applicable,Service,Yes,Yes,No,No,No,No,No,No,No,Not Available,Not Available,Not Available,Not Available,Not Available,1977,Karnataka,No,No,No
Khazi Mohiuddin,Female,1963-10-08T00:00:00Z,Not Available,Not Available,2021-03-25T00:00:00Z,2025-10-07T00:00:00Z,No,No,Karnataka,Not Available,Not Available,Not Available,Not Available,Not Available,Not Available,Not Available,Not Available,Not Available,Not Available,Not Available,No,Not Applicable,Service,Yes,No,Not Applicable,No,Not Applicable,Not Applicable,Not Applicable,Not Applicable,Not Applicable,Not Available,Not Available,Not Available,Not Available,Not Available,Not Applicable,Not Applicable,No,No,No
Kothandram Naidu Bhakthavatsala,Male,1952-12-10T00:00:00Z,Karnataka,Bangalore,2002-04-18T00:00:00Z,2014-12-09T00:00:00Z,No,No,Karnataka,No,Not Applicable,Not Applicable,Not Applicable,Not Applicable,Not Applicable,Not Applicable,No,Not Applicable,Not Applicable,Not Applicable,No,Not Applicable,Service,Yes,Yes,No,No,No,No,No,No,No,Not Available,Not Available,Commerce,"SJR College, Bangalore",Not Available,1980,Karnataka,No,No,Yes
Kottravva Mudagal,Female,1963-12-22T00:00:00Z,Not Available,Not Available,2016-11-14T00:00:00Z,2025-12-22T00:00:00Z,No,No,Karnataka,Not Available,Not Available,Not Available,Not Available,Not Available,Not Available,Not Available,Not Available,Not Available,Not Available,Not Available,No,Not Applicable,Service,Yes,yes,No,No,No,No,No,No,No,Not Available,"Karnataka University, Dharwad",Commerce,Karnataka university,Not Available,1988,Karnataka,No,No,No
Krishna Bhat,Male,1960-08-08T00:00:00Z,Karnataka,"Vittal Padnur Village, Dakshina Kannada District",2020-05-21T00:00:00Z,2024-05-20T00:00:00Z,No,No,Karnataka,Not Available,Not Available,Not Available,Not Available,Not Available,Not Available,Not Available,Not Available,Not Available,Not Available,Not Available,No,Not Applicable,Service,Yes,Yes,No,No,No,No,No,No,No,Not Available,"St.Aloysius College, Mangalore",Science,"Law school, Banaras Hindu University, Varanasi",Not Available,Not Available,Not Available,No,No,No
Krishnan Natarajan,Male,1964-11-05T00:00:00Z,Not Available,Not Available,2018-11-03T00:00:00Z,2026-11-02T00:00:00Z,No,No,Karnataka,Not Available,Not Available,Not Available,Not Available,Not Available,Not Available,Not Available,Not Available,Not Available,Not Available,Not Available,No,Not Applicable,Bar,No,Yes,No,Not Applicable,No,No,No,No,No,Not Available,Not Available,Not Available,Not Available,Not Available,Not Available,Not Available,No,No,No
Kumar Rajarathnam,Male,1942-03-13T00:00:00Z,Not Available,Not Available,1994-01-10T00:00:00Z,2004-03-12T00:00:00Z,No,No,Madras,Yes,Karnataka,1994-01-24T00:00:00Z,Not Applicable,Not Applicable,Not Applicable,Not Applicable,Yes,Madhya Pradesh,Not Applicable,Not Applicable,No,Not Applicable,Bar,No,Yes,No,Not Applicable,No,No,No,No,No,Not Available,"Loyola College, Madras",Not Available,Gray's Inn (London),Not Available,1971,Tamil Nadu and Puducherry,Yes,No,No
Lingappa Narayana Swamy,Male,1959-07-01T00:00:00Z,Not Available,Not Available,2007-07-04T00:00:00Z,2021-06-30T00:00:00Z,No,No,Karnataka,Not Available,Not Available,Not Available,Not Available,Not Available,Not Available,Not Available,Yes,Himachal Pradesh,Not Applicable,Not Applicable,No,Not Applicable,Bar,No,Yes,No,Not Applicable,Yes,No,No,No,No,Not Available,Not Available,Arts,Not Available,Not Available,1987,Karnataka,No,No,Yes
M. B. Vishwanath,Male,1936-10-31T00:00:00Z,Not Available,Not Available,1994-11-30T00:00:00Z,1998-11-01T00:00:00Z,No,No,Karnataka,Not Available,Not Available,Not Available,Not Available,Not Available,Not Available,Not Available,No,Not Applicable,Not Applicable,Not Applicable,No,Not Applicable,Service,Yes,Yes,No,Yes,No,No,No,No,No,Not Available,Not Available,Not Available,Not Available,Not Available,1961,Karnataka,No,No,No
M. P. Chinnappa,Male,1941-06-01T00:00:00Z,Not Available,Not Available,1995-12-18T00:00:00Z,2003-06-02T00:00:00Z,No,No,Karnataka,Not Available,Not Available,Not Available,Not Available,Not Available,Not Available,Not Available,Not Available,Not Available,Not Available,Not Available,No,Not Applicable,Service,Yes,Yes,No,Yes,No,No,No,No,No,Not Available,Not Available,Not Available,Not Available,Not Available,1968,Karnataka,No,No,No
Maheshan Nagaprasanna,Male,1971-03-23T00:00:00Z,Not Available,Not Available,2019-11-26T00:00:00Z,2033-03-22T00:00:00Z,No,No,Karnataka,Not Available,Not Available,Not Available,Not Available,Not Available,Not Available,Not Available,Not Available,Not Available,Not Available,Not Available,No,Not Applicable,Bar,No,Yes,No,Not Applicable,No,No,No,No,No,Not Available,Not Available,Not Available,Not Available,Not Available,Not Available,Not Available,No,No,No
Makkimane Uma,Female,1964-03-10T00:00:00Z,Not Available,Not Available,2020-05-04T00:00:00Z,2026-03-10T00:00:00Z,No,No,Karnataka,Not Available,Not Available,Not Available,Not Available,Not Available,Not Available,Not Available,Not Available,Not Available,Not Available,Not Available,No,Not Applicable,Service,Yes,Yes,No,No,No,No,No,No,No,Government Higher Primary School,J.C.B.M College,Commerce,"Vaikunta Baliga College of Law, Udupi",Not Available,Not Available,Not Available,No,No,No
Manjula Chellur,Female,1955-12-05T00:00:00Z,Not Available,Not Available,2000-02-21T00:00:00Z,2017-12-06T00:00:00Z,No,No,Karnataka,Not Available,Not Available,Not Available,Not Available,Not Available,Not Available,Not Available,Not Available,Not Available,Not Available,Not Available,No,Not Applicable,Service,Yes,Yes,No,No,No,No,No,No,No,Not Available,Not Available,Not Available,Not Available,Not Available,1978,Karnataka,No,No,No
Maralur Arun,Male,1970-04-24T00:00:00Z,Not Available,Not Available,2020-01-07T00:00:00Z,2032-04-23T00:00:00Z,No,No,Karnataka,Not Available,Not Available,Not Available,Not Available,Not Available,Not Available,Not Available,Not Available,Not Available,Not Available,Not Available,No,Not Applicable,Bar,No,Yes,No,Not Applicable,No,No,No,No,No,Not Available,Not Available,Not Available,Not Available,Not Available,Not Available,Not Available,No,No,No
Michael Saldanha,Male,1942-02-13T00:00:00Z,Not Available,Not Available,1994-07-01T00:00:00Z,2004-02-14T00:00:00Z,No,No,Bombay,Not Available,Not Available,Not Available,Not Available,Not Available,Not Available,Not Available,Not Available,Not Available,Not Available,Not Available,No,Not Applicable,Bar,No,Yes,No,Not Applicable,No,No,No,No,No,Not Available,Not Available,Not Available,Not Available,Not Available,1964,Maharashtra,No,No,No
Mohamad Anwar,Male,1940-07-08T00:00:00Z,Not Available,Not Available,1995-12-18T00:00:00Z,2002-07-09T00:00:00Z,No,No,Karnataka,Not Available,Not Available,Not Available,Not Available,Not Available,Not Available,Not Available,Not Available,Not Available,Not Available,Not Available,No,Not Applicable,Service,Yes,Yes,No,No,Yes,No,No,No,No,Not Available,Not Available,Not Available,Not Available,Not Available,1968,Not Available,No,No,No
Mohammad Nawaz,Male,1965-05-22T00:00:00Z,Not Available,Not Available,2018-06-02T00:00:00Z,2026-05-21T00:00:00Z,No,No,Karnataka,Not Available,Not Available,Not Available,Not Available,Not Available,Not Available,Not Available,Not Available,Not Available,Not Available,Not Available,No,Not Applicable,Bar,No,Yes,No,Not Applicable,Yes,No,No,No,No,Not Available,Not Available,Not Available,Not Available,Not Available,1990,Karnataka,No,No,No
Mohammed Ghouse Shukure Kamal,Male,1971-06-30T00:00:00Z,Karnataka,"Kodlipet, Kodagu District",2021-03-17T00:00:00Z,2033-03-16T00:00:00Z,No,No,Karnataka,Not Available,Not Available,Not Available,Not Available,Not Available,Not Available,Not Available,Not Available,Not Available,Not Available,Not Available,No,Not Applicable,Bar,Yes,Yes,No,No,No,No,No,No,No,"Govt. Senior College, Madikare","Vidyavardhaka Law College, Mysuru",Arts,Not Available,Not Available,1994,Karnataka,No,No,No
Mohan Kumar,Male,1940-06-07T00:00:00Z,Not Available,Not Available,1994-01-17T00:00:00Z,2002-06-08T00:00:00Z,No,No,Kerala,Yes,Karnataka,2001-06-01T00:00:00Z,Not Applicable,Not Applicable,Not Applicable,Not Applicable,Yes,Kerala,Not Applicable,Not Applicable,No,Not Applicable,Bar,No,Yes,No,Not Applicable,No,No,No,No,No,Not Available,Not Available,Not Available,Not Available,Not Available,1962,Kerala,No,No,No
Mohan Shantanagoudar,Male,1958-05-05T00:00:00Z,Not Available,Not Available,2003-05-12T00:00:00Z,2020-05-06T00:00:00Z,No,No,Karnataka,Not Available,Not Available,Not Available,Not Available,Not Available,Not Available,Not Available,Yes,Kerala,Not Applicable,Not Applicable,Yes,2017-02-17T00:00:00Z,Bar,No,Yes,No,Not Applicable,No,No,No,No,Yes,Not Available,Not Available,Not Available,Not Available,Not Available,1980,Karnataka,No,No,No
N. S. Veerabhadraiah,Male,1945-05-29T00:00:00Z,Not Available,Not Available,1998-06-02T00:00:00Z,2007-05-30T00:00:00Z,No,No,Karnataka,Not Available,Not Available,Not Available,Not Available,Not Available,Not Available,Not Available,Not Available,Not Available,Not Available,Not Available,No,Not Applicable,Service,Yes,Yes,No,No,No,No,No,No,No,Not Available,Not Available,Not Available,Not Available,Not Available,1969,Karnataka,No,No,No
Nagaraja Kumar,Male,1954-06-28T00:00:00Z,Not Available,Not Available,2000-12-11T00:00:00Z,2016-06-27T00:00:00Z,No,No,Karnataka,No,Not Applicable,Not Applicable,Not Applicable,Not Applicable,Not Applicable,Not Applicable,No,Not Applicable,Not Applicable,Not Applicable,No,Not Applicable,Bar,No,Yes,No,Not Applicable,Yes,No,Yes,No,No,Not Available,Not Available,Not Available,Not Available,Not Available,1976,Karnataka,No,Yes,No
Nangli Sudhindrarao,Male,1959-12-04T00:00:00Z,Not Available,Not Available,2017-02-21T00:00:00Z,2021-12-04T00:00:00Z,No,No,Karnataka,Not Available,Not Available,Not Available,Not Available,Not Available,Not Available,Not Available,Not Available,Not Available,Not Available,Not Available,No,Not Applicable,Service,Yes,No,Not Applicable,No,Not Applicable,Not Applicable,Not Applicable,Not Applicable,Not Applicable,Not Available,Not Available,Not Available,Not Available,Not Available,Not Applicable,Not Applicable,No,No,No
Narayanappa Ananda,Male,1953-05-08T00:00:00Z,Not Available,Not Available,2006-01-06T00:00:00Z,2015-05-07T00:00:00Z,No,No,Karnataka,Not Available,Not Available,Not Available,Not Available,Not Available,Not Available,Not Available,Not Available,Not Available,Not Available,Not Available,No,Not Applicable,Service,Yes,Yes,No,Yes,No,No,No,No,No,Not Available,Not Available,Science,Not Available,Not Available,1977,Karnataka,No,No,No
Nataraj Rangaswamy,Male,1970-03-14T00:00:00Z,Not Available,Not Available,2019-11-11T00:00:00Z,2032-03-13T00:00:00Z,No,No,Karnataka,Not Available,Not Available,Not Available,Not Available,Not Available,Not Available,Not Available,Not Available,Not Available,Not Available,Not Available,No,Not Applicable,Bar,No,Yes,No,Not Applicable,No,No,No,No,No,Not Available,Not Available,Not Available,Not Available,Not Available,1992,Not Available,No,No,No
Neranahalli Srinivasan Sanjay Gowda,Male,1967-02-15T00:00:00Z,Not Available,Not Available,2019-11-11T00:00:00Z,2029-11-10T00:00:00Z,No,No,Karnataka,Not Available,Not Available,Not Available,Not Available,Not Available,Not Available,Not Available,Not Available,Not Available,Not Available,Not Available,No,Not Applicable,Bar,No,Yes,No,Not Applicable,No,No,No,No,No,Not Available,Not Available,Not Available,Not Available,Not Available,1989,Not Available,No,No,No
P. Krishnamoorthy,Male,1935-06-28T00:00:00Z,Not Available,Not Available,1994-04-28T00:00:00Z,1997-06-29T00:00:00Z,No,No,Kerala,Yes,Karnataka,1994-04-28T00:00:00Z,Not Applicable,Not Applicable,Not Applicable,Not Applicable,No,Not Applicable,Not Applicable,Not Applicable,No,Not Applicable,Bar,No,Yes,Yes,Not Applicable,Yes,No,No,No,No,Not Available,Not Available,Not Available,Not Available,Not Available,1960,Kerala,No,No,No
P. S. Dinesh Kumar,Male,1962-02-25T00:00:00Z,Not Available,Not Available,2015-01-02T00:00:00Z,2024-02-25T00:00:00Z,No,No,Karnataka,Not Available,Not Available,Not Available,Not Available,Not Available,Not Available,Not Available,Not Available,Not Available,Not Available,Not Available,No,Not Applicable,Bar,No,Yes,No,Not Applicable,Yes,No,No,No,No,"National High School, National 
College and BMS College, 
Bengaluru.",Not Available,Not Available,Not Available,Not Available,1990,Karnataka,No,No,No
P. Vishwanatha Shetty,Male,1944-05-02T00:00:00Z,Not Available,Not Available,1995-12-18T00:00:00Z,2006-05-03T00:00:00Z,No,No,Karnataka,Not Available,Not Available,Not Available,Not Available,Not Available,Not Available,Not Available,Not Available,Not Available,Not Available,Not Available,No,Not Applicable,Bar,No,Yes,Yes,Not Applicable,No,No,No,No,No,Not Available,Not Available,Not Available,Not Available,Not Available,1966,Karnataka,No,No,No
Padmaraj Nemachandra Desai,Male,1961-05-21T00:00:00Z,Karnataka,"Navalgund, Dharwad District",2020-05-04T00:00:00Z,2023-05-03T00:00:00Z,No,No,Karnataka,Not Available,Not Available,Not Available,Not Available,Not Available,Not Available,Not Available,Not Available,Not Available,Not Available,Not Available,No,Not Applicable,Service,Yes,Yes,No,No,No,No,No,No,No,Not Available,"P.C. Jabin Science College, Hubli",Science,"University College of Law, Dharwad",Not Available,Not Available,Not Available,No,No,No
Patil Kanteppa,Male,1954-05-02T00:00:00Z,Karnataka,Bidar,2000-12-11T00:00:00Z,2016-05-01T00:00:00Z,No,No,Karnataka,No,Not Applicable,Not Applicable,Not Applicable,Not Applicable,Not Applicable,Not Applicable,No,Not Applicable,Not Applicable,Not Applicable,No,Not Applicable,Bar,No,Yes,No,Not Applicable,Yes,No,Yes,No,No,"Government Primary 
School, Bhalki & the 
Karnataka High School, 
Bidar","B.V. College, Bidar",Arts,"Renuka Charya Law 
College, Bangalore",Not Available,1982,Karnataka,No,No,No
Patil Sanganagouda,Male,1956-06-01T00:00:00Z,Not Available,Not Available,2004-10-21T00:00:00Z,2018-05-31T00:00:00Z,No,No,Karnataka,Not Available,Not Available,Not Available,Not Available,Not Available,Not Available,Not Available,Not Available,Not Available,Not Available,Not Available,No,Not Applicable,Bar,No,Yes,No,Not Applicable,Yes,No,No,No,No,Not Available,Not Available,Arts,Not Available,Not Available,1980,Karnataka,No,No,No
Pavankumar Bajantri,Male,1963-10-23T00:00:00Z,Not Available,Not Available,2015-01-02T00:00:00Z,2025-10-23T00:00:00Z,No,No,Karnataka,Yes,Punjab and Haryana,2015-03-16T00:00:00Z,Karnataka,2018-11-17T00:00:00Z,Not Applicable,Not Applicable,No,Not Applicable,Not Applicable,Not Applicable,No,Not Applicable,Bar,No,Yes,No,Not Applicable,Yes,No,No,No,No,"Vidhyavardhaka Sangha, K.L.E.
 Society and S.J.R.C. Law 
College, Bangalore",Not Available,Not Available,Not Available,Not Available,1990,Karnataka,No,No,No
Pradeep Singh Yerur,Male,1970-06-21T00:00:00Z,Not Available,Not Available,2019-11-11T00:00:00Z,2032-06-20T00:00:00Z,No,No,Karnataka,Not Available,Not Available,Not Available,Not Available,Not Available,Not Available,Not Available,Not Available,Not Available,Not Available,Not Available,No,Not Applicable,Bar,No,Yes,No,Not Applicable,No,No,No,No,No,Not Available,Not Available,Not Available,Not Available,Not Available,1997,Not Available,No,No,No
Pradeep Waingankar,Male,1954-04-10T00:00:00Z,Not Available,Not Available,2013-10-24T00:00:00Z,2016-04-11T00:00:00Z,No,No,Karnataka,Not Available,Not Available,Not Available,Not Available,Not Available,Not Available,Not Available,Not Available,Not Available,Not Available,Not Available,No,Not Applicable,Service,Yes,Yes,No,Yes,No,No,No,No,No,Not Available,Not Available,Not Available,Not Available,Not Available,1981,Karnataka,No,No,No
Pralhadrao Mutalik Patil,Male,1958-02-22T00:00:00Z,Not Available,Not Available,2018-11-03T00:00:00Z,2020-02-23T00:00:00Z,No,No,Karnataka,Not Available,Not Available,Not Available,Not Available,Not Available,Not Available,Not Available,Not Available,Not Available,Not Available,Not Available,No,Not Applicable,Not Available,Not Available,Not Available,Not Available,Not Available,Not Available,Not Available,Not Available,Not Available,Not Available,Not Available,Not Available,Not Available,Not Available,Not Available,Not Available,Not Available,No,No,No
R. B. Budihal,Male,1956-10-01T00:00:00Z,Not Available,Not Available,2013-10-24T00:00:00Z,2018-09-30T00:00:00Z,No,No,Karnataka,Not Available,Not Available,Not Available,Not Available,Not Available,Not Available,Not Available,Not Available,Not Available,Not Available,Not Available,No,Not Applicable,Service,Yes,Yes,No,Yes,No,No,No,No,No,Not Available,Not Available,Not Available,Not Available,Not Available,1983,Karnataka,No,No,No
R. G. Vaidhyanatha,Male,1935-07-09T00:00:00Z,Not Available,Not Available,1994-02-25T00:00:00Z,1997-07-08T00:00:00Z,No,No,Karnataka,Yes,Bombay,1994-03-17T00:00:00Z,Not Applicable,Not Applicable,Not Applicable,Not Applicable,No,Not Applicable,Not Applicable,Not Applicable,No,Not Applicable,Service,Yes,No,Not Applicable,Yes,Not Applicable,Not Applicable,Not Applicable,Not Applicable,Not Applicable,Not Available,Not Available,Science,Not Available,Not Available,Not Applicable,Not Applicable,No,No,No
R. Gururajan,Male,1945-05-08T00:00:00Z,Not Available,Not Available,1999-06-16T00:00:00Z,2007-05-09T00:00:00Z,No,No,Karnataka,Not Available,Not Available,Not Available,Not Available,Not Available,Not Available,Not Available,Not Available,Not Available,Not Available,Not Available,No,Not Applicable,Bar,No,Yes,No,Not Applicable,No,No,No,No,No,Not Available,Not Available,Not Available,Not Available,Not Available,1968,Karnataka,No,No,No
R. J. Babu,Male,1942-04-05T00:00:00Z,Not Available,Not Available,1994-02-25T00:00:00Z,2004-04-06T00:00:00Z,No,No,Karnataka,Yes,Madras,1994-03-18T00:00:00Z,Not Applicable,Not Applicable,Not Applicable,Not Applicable,No,Not Applicable,Not Applicable,Not Applicable,No,Not Applicable,Bar,No,Yes,No,Not Applicable,No,No,No,No,No,Not Available,Not Available,Not Available,Not Available,Not Available,1968,Karnataka,No,No,No
Raghvendra Singh Chauhan,Male,1959-12-24T00:00:00Z,Not Available,Not Available,2015-03-10T00:00:00Z,2021-12-25T00:00:00Z,No,No,Rajasthan,Yes,Telangana,2018-11-23T00:00:00Z,Not Applicable,Not Applicable,Not Applicable,Not Applicable,Yes,Uttarakhand,Telangana,Not Applicable,No,Not Applicable,Bar,No,Yes,No,Not Applicable,No,No,No,No,No,Not Available,"Arcadia University, 
Glenside, PA (USA)",Arts,"Delhi University, Delhi",1983,1983,Rajasthan,Yes,No,No
Rajendra Badamikar,Male,1962-06-01T00:00:00Z,Karnataka,Hubballi,2021-03-25T00:00:00Z,2024-06-01T00:00:00Z,No,No,Karnataka,Not Available,Not Available,Not Available,Not Available,Not Available,Not Available,Not Available,Not Available,Not Available,Not Available,Not Available,No,Not Applicable,Service,Yes,Yes,No,No,No,No,No,No,No,"M.V.Pattan Higher Secondary School, Rabkavi, R.L.S. Science College at Belagavi","Karnataka Science College, Dharwad","Science, Zoology",JSS Sakri Law College,1987,Not Available,Not Available,No,Yes,No
Ram Mohan Reddy,Male,1954-06-06T00:00:00Z,Not Available,Not Available,2003-09-08T00:00:00Z,2016-06-05T00:00:00Z,No,No,Karnataka,Not Available,Not Available,Not Available,Not Available,Not Available,Not Available,Not Available,Not Available,Not Available,Not Available,Not Available,No,Not Applicable,Bar,No,Yes,No,Not Applicable,Yes,No,No,No,No,Not Available,Not Available,Science,Not Available,Not Available,1977,Karnataka,No,No,No
Ramakrishna Devdas,Male,1969-05-15T00:00:00Z,Not Available,Not Available,2018-02-14T00:00:00Z,2031-05-14T00:00:00Z,No,No,Karnataka,Not Available,Not Available,Not Available,Not Available,Not Available,Not Available,Not Available,Not Available,Not Available,Not Available,Not Available,No,Not Applicable,Bar,No,Yes,No,Not Applicable,No,No,No,No,No,"Sri Ramakrishna Vidyashala, Mysore","St.Joseph’s Arts and Science College, Bangalore",Arts,"Sri Jagadguru Renukacharya College of Law, Bangalore.",Not Available,Not Available,Karnataka,No,No,No
Rathnakala,Female,1956-01-27T00:00:00Z,Not Available,Not Available,2013-10-24T00:00:00Z,2018-01-26T00:00:00Z,No,No,Karnataka,Not Available,Not Available,Not Available,Not Available,Not Available,Not Available,Not Available,Not Available,Not Available,Not Available,Not Available,No,Not Applicable,Service,Yes,Yes,No,No,No,No,No,No,No,Not Available,Not Available,Not Available,Not Available,Not Available,1982,Karnataka,No,No,No
Ravi Malimath,Male,1962-05-25T00:00:00Z,Not Available,Not Available,2008-02-18T00:00:00Z,2024-05-24T00:00:00Z,No,No,Karnataka,Yes,Uttarakhand,2020-03-05T00:00:00Z,Himachal Pradesh,2021-01-07T00:00:00Z,Not Applicable,Not Applicable,No,Not Applicable,Not Applicable,Not Applicable,No,Not Applicable,Bar,No,Yes,No,Not Applicable,No,No,No,No,No,Not Available,Not Available,Commerce,Not Available,Not Available,1987,Karnataka,No,No,No
Ravi Venkappa Hosmani,Male,1971-07-29T00:00:00Z,Not Available,Not Available,2020-01-07T00:00:00Z,2033-07-28T00:00:00Z,No,No,Karnataka,Not Available,Not Available,Not Available,Not Available,Not Available,Not Available,Not Available,Not Available,Not Available,Not Available,Not Available,No,Not Applicable,Bar,No,Yes,No,Not Applicable,No,No,No,No,No,Not Available,Not Available,Not Available,Not Available,Not Available,1995,Karnataka,No,No,No
S. B. Majage,Male,1943-03-20T00:00:00Z,Not Available,Not Available,2002-04-18T00:00:00Z,2005-03-21T00:00:00Z,No,No,Karnataka,Not Available,Not Available,Not Available,Not Available,Not Available,Not Available,Not Available,No,Not Applicable,Not Applicable,Not Applicable,No,Not Applicable,Service,Yes,Yes,No,Yes,No,No,No,No,No,Not Available,Not Available,Not Available,Osmania University,Not Available,1966,Not Available,No,No,No
S. M. Mallikarjunagouda,Male,1958-05-05T00:00:00Z,Karnataka,Not Available,2003-05-12T00:00:00Z,2020-05-04T00:00:00Z,No,No,Karnataka,No,Not Applicable,Not Applicable,Not Applicable,Not Applicable,Not Applicable,Not Applicable,No,Not Applicable,Not Applicable,Not Applicable,Yes,2017-02-17T00:00:00Z,Bar,No,Yes,No,Not Applicable,Yes,No,No,No,No,Not Available,Not Available,Science,Not Available,Not Available,1980,Karnataka,No,No,No
S. R. Bannurmath,Male,1948-01-23T00:00:00Z,Not Available,Not Available,1997-06-11T00:00:00Z,2010-01-24T00:00:00Z,No,No,Karnataka,Not Available,Not Available,Not Available,Not Available,Not Available,Not Available,Not Available,Not Available,Not Available,Not Available,Not Available,No,Not Applicable,Bar,No,Yes,No,Not Applicable,No,No,No,No,No,Not Available,Not Available,Not Available,Not Available,Not Available,1973,Karnataka,No,No,No
S. R. Krishna Kumar,Male,1970-05-07T00:00:00Z,Not Available,Not Available,2019-09-23T00:00:00Z,2032-09-22T00:00:00Z,No,No,Karnataka,Not Available,Not Available,Not Available,Not Available,Not Available,Not Available,Not Available,Not Available,Not Available,Not Available,Not Available,No,Not Applicable,Bar,No,Yes,No,Not Applicable,No,No,No,No,No,Not Available,Not Available,Not Available,"University Law College, Bangalore",Not Available,1992,Karnataka,No,No,No
S. R. Venkatesha Murthy,Male,1938-09-27T00:00:00Z,Not Available,Not Available,1997-01-01T00:00:00Z,2000-09-28T00:00:00Z,No,No,Karnataka,Not Available,Not Available,Not Available,Not Available,Not Available,Not Available,Not Available,No,Not Applicable,Not Applicable,Not Applicable,No,Not Applicable,Service,Yes,No,Not Applicable,Yes,Not Applicable,Not Applicable,Not Applicable,Not Applicable,Not Applicable,Not Available,"St. Joseph's College, 
Bangalore",Not Available,"Sharada Vilas Law Colege, Mysore",Not Available,Not Applicable,Not Applicable,No,No,Yes
S. Sujatha,Female,1960-05-20T00:00:00Z,Not Available,Not Available,2015-01-02T00:00:00Z,2025-05-20T00:00:00Z,No,No,Karnataka,Not Available,Not Available,Not Available,Not Available,Not Available,Not Available,Not Available,Not Available,Not Available,Not Available,Not Available,No,Not Applicable,Bar,No,Yes,No,Not Applicable,Yes,No,No,No,No,Not Available,Not Available,Not Available,"Sree Jagadguru Renukacharya College 
of Law, Bangalore",Not Available,Not Available,Karnataka,No,No,No
Sachin Magadum,Male,1972-05-05T00:00:00Z,Not Available,Not Available,2019-09-23T00:00:00Z,2034-09-22T00:00:00Z,No,No,Karnataka,Not Available,Not Available,Not Available,Not Available,Not Available,Not Available,Not Available,Not Available,Not Available,Not Available,Not Available,No,Not Applicable,Bar,No,Yes,No,Not Applicable,Yes,No,No,No,No,Not Available,Not Available,Not Available,"R.L. Law College, Belagavi",Not Available,1998,Karnataka,No,No,No
Satish Chandra Sharma,Male,1961-11-30T00:00:00Z,Madhya Pradesh,Bhopal,2008-01-18T00:00:00Z,2023-11-30T00:00:00Z,No,No,Madhya Pradesh,Yes,Karnataka,2021-01-04T00:00:00Z,Not Applicable,Not Applicable,Not Applicable,Not Applicable,No,Not Applicable,Not Applicable,Not Applicable,No,Not Applicable,Bar,No,Yes,Yes,Not Applicable,Yes,No,No,No,No,"Central School, Jabalpur","Dr. Hari Singh Gour 
University, Sagar",Science,"Dr. Hari Singh Gour University, Sagar",1984,1984,Madhya Pradesh,No,No,No
Savanur Vishwajith Shetty,Male,1967-05-19T00:00:00Z,Not Available,Not Available,2020-04-28T00:00:00Z,2029-05-18T00:00:00Z,No,No,Karnataka,Not Available,Not Available,Not Available,Not Available,Not Available,Not Available,Not Available,Not Available,Not Available,Not Available,Not Available,No,Not Applicable,Bar,No,Yes,No,Not Applicable,No,No,No,No,No,Not Available,Not Available,Not Available,Not Available,Not Available,Not Available,Not Available,No,No,No
Shankar Ganapathi Pandit,Male,1965-11-16T00:00:00Z,Not Available,Not Available,2018-02-14T00:00:00Z,2026-11-15T00:00:00Z,No,No,Karnataka,Not Available,Not Available,Not Available,Not Available,Not Available,Not Available,Not Available,Not Available,Not Available,Not Available,Not Available,No,Not Applicable,Bar,No,Yes,No,Not Applicable,No,No,No,No,No,Not Available,Not Available,Not Available,Not Available,Not Available,Not Available,Karnataka,No,No,No
Shivashankar Amarannavar,Male,1970-07-20T00:00:00Z,Not Available,Not Available,2020-05-04T00:00:00Z,2032-05-03T00:00:00Z,No,No,Karnataka,Not Available,Not Available,Not Available,Not Available,Not Available,Not Available,Not Available,Not Available,Not Available,Not Available,Not Available,No,Not Applicable,Service,Yes,Yes,No,Yes,No,No,No,No,No,Not Available,Not Available,Commerce,"Kamataka University, Dharwad",Not Available,1994,Karnataka,No,No,Yes
Siddappa Sunil Dutt Yadav,Male,1972-08-03T00:00:00Z,Not Available,Not Available,2018-02-14T00:00:00Z,2034-08-03T00:00:00Z,No,No,Karnataka,Not Available,Not Available,Not Available,Not Available,Not Available,Not Available,Not Available,Not Available,Not Available,Not Available,Not Available,No,Not Applicable,Bar,No,Yes,No,Not Applicable,No,No,No,No,No,Not Available,Not Available,Not Available,Not Available,Not Available,Not Available,Karnataka,No,No,No
Sreenivas Kumar,Male,1963-06-16T00:00:00Z,Not Available,Not Available,2016-11-14T00:00:00Z,2025-06-16T00:00:00Z,No,No,Karnataka,Not Available,Not Available,Not Available,Not Available,Not Available,Not Available,Not Available,Not Available,Not Available,Not Available,Not Available,No,Not Applicable,Service,Yes,Yes,No,No,No,No,No,No,No,Not Available,Not Available,Not Available,Not Available,Not Available,1987,Karnataka,No,No,No
Subray Nayak,Male,1945-01-01T00:00:00Z,Not Available,Not Available,1994-02-25T00:00:00Z,2007-01-02T00:00:00Z,No,No,Karnataka,Yes,Andhra Pradesh,1994-03-21T00:00:00Z,Karnataka,2003-01-01T00:00:00Z,Not Applicable,Not Applicable,Yes,Chhattisgarh,Not Applicable,Not Applicable,No,Not Applicable,Not Available,Not Available,Not Available,Not Available,Not Available,Not Available,Not Available,Not Available,Not Available,Not Available,Not Available,Not Available,Not Available,Bangalore University,Not Available,Not Available,Not Available,No,No,Yes
Sunkenahalli Satyanarayana,Male,1964-04-01T00:00:00Z,Not Available,Not Available,2008-06-02T00:00:00Z,2021-01-14T00:00:00Z,No,No,Karnataka,Yes,Punjab and Haryana,2020-03-27T00:00:00Z,Not Applicable,Not Applicable,Not Applicable,Not Applicable,No,Not Applicable,Not Applicable,Not Applicable,No,Not Applicable,Bar,No,Yes,No,Not Applicable,No,No,No,No,No,Not Available,Not Available,Commerce,Not Available,Not Available,1983,Karnataka,No,No,No
Suraj Govindaraj,Male,1973-05-14T00:00:00Z,Not Available,Not Available,2019-09-23T00:00:00Z,2035-09-22T00:00:00Z,No,No,Karnataka,Not Available,Not Available,Not Available,Not Available,Not Available,Not Available,Not Available,Not Available,Not Available,Not Available,Not Available,No,Not Applicable,Bar,No,Yes,No,Not Applicable,No,No,No,No,No,Not Available,Not Available,Not Available,"National Law School of India University, 
Bangalore",Not Available,1995,Karnataka,No,No,No
T. Jayaram Chouta,Male,1937-08-07T00:00:00Z,Not Available,Not Available,1994-02-25T00:00:00Z,1999-08-08T00:00:00Z,No,No,Karnataka,Yes,Madras,1994-03-18T00:00:00Z,Not Applicable,Not Applicable,Not Applicable,Not Applicable,No,Not Applicable,Not Applicable,Not Applicable,No,Not Applicable,Bar,No,Yes,Yes,Not Applicable,Yes,No,No,No,No,Not Available,Not Available,Not Available,"Government Law College, Bangalore",Not Available,1964,Karnataka,No,No,No
T. N. Vallinayagam,Male,1939-05-17T00:00:00Z,Not Available,Not Available,1997-02-20T00:00:00Z,2001-05-18T00:00:00Z,No,No,Madras,Not Available,Not Available,Not Available,Not Available,Not Available,Not Available,Not Available,No,Not Applicable,Not Applicable,Not Applicable,No,Not Applicable,Bar,No,Yes,Yes,Not Applicable,Yes,No,No,No,No,Not Available,Not Available,Not Available,Madras Law College,Not Available,1961,Tamil Nadu,No,No,No
Tirath Singh Thakur,Male,1952-01-04T00:00:00Z,Jammu & Kashmir,Ramban,1994-02-16T00:00:00Z,2017-01-03T00:00:00Z,No,No,J & K and Ladakh,Yes,Karnataka,1994-03-01T00:00:00Z,Delhi,2004-07-01T00:00:00Z,Not Applicable,Not Applicable,Yes,Punjab and Haryana,Not Applicable,Not Applicable,Yes,2009-11-17T00:00:00Z,Bar,No,Yes,Yes,Not Applicable,No,No,No,No,Yes,Not Available,"Govt. Gandhi Memorial 
Science College",Science,"Jammu University, Department of Law",Not Available,1972,Jammu & Kashmir,No,No,No
V. G. Sabhahit,Male,1955-11-26T00:00:00Z,Not Available,Not Available,2000-02-21T00:00:00Z,2017-11-27T00:00:00Z,No,No,Karnataka,Not Available,Not Available,Not Available,Not Available,Not Available,Not Available,Not Available,Not Available,Not Available,Not Available,Not Available,No,Not Applicable,Service,Yes,Yes,No,No,No,No,No,No,No,Not Available,Not Available,Not Available,Not Available,Not Available,1979,Karnataka,No,No,No
V. Suri Appa Rao,Male,1952-07-01T00:00:00Z,Andhra Pradesh,Nagulapalli Village,2011-04-20T00:00:00Z,2014-07-02T00:00:00Z,No,No,Andhra Pradesh,Yes,Karnataka,2013-11-09T00:00:00Z,Not Applicable,Not Applicable,Not Applicable,Not Applicable,No,Not Applicable,Not Applicable,Not Applicable,No,Not Applicable,Service,Yes,No,Not Applicable,No,Not Applicable,Not Applicable,Not Applicable,Not Applicable,Not Applicable,Not Available,Not Available,Not Available,Andhra University,1976,Not Applicable,Not Applicable,No,No,No
Vasudevan Jagannathan,Male,1950-09-09T00:00:00Z,Not Available,Not Available,2005-03-07T00:00:00Z,2012-09-10T00:00:00Z,No,No,Karnataka,Not Available,Not Available,Not Available,Not Available,Not Available,Not Available,Not Available,Not Available,Not Available,Not Available,Not Available,No,Not Applicable,Service,Yes,Yes,No,No,No,No,No,No,No,Not Available,Not Available,Not Available,Not Available,Not Available,1982,Karnataka,No,No,No
Vedavyasachar Srishananda,Male,1966-03-29T00:00:00Z,Not Available,Not Available,2020-05-04T00:00:00Z,2028-05-03T00:00:00Z,No,No,Karnataka,Not Available,Not Available,Not Available,Not Available,Not Available,Not Available,Not Available,Not Available,Not Available,Not Available,Not Available,No,Not Applicable,Service,Yes,Yes,No,No,No,No,No,No,No,Not Available,Not Available,Not Available,Not Available,Not Available,Not Available,Not Available,No,No,No
Venkate Gopala Gowda,Male,1951-10-06T00:00:00Z,Karnataka,Peddur,1997-06-11T00:00:00Z,2013-10-07T00:00:00Z,No,No,Karnataka,Not Available,Not Available,Not Available,Not Available,Not Available,Not Available,Not Available,Yes,Orissa,Not Applicable,Not Applicable,Yes,2012-12-24T00:00:00Z,Bar,No,Yes,No,Not Applicable,Yes,No,No,No,Yes,Not Available,"First Grade College, Chintamani",Science,"SJRLC, Bangalore",1975,1975,Karnataka,No,No,No
Vineet Kothari,Male,1959-09-02T00:00:00Z,Not Available,Not Available,2016-04-18T00:00:00Z,2021-09-03T00:00:00Z,No,No,Karnataka,Yes,Madras,2018-11-23T00:00:00Z,Gujarat,2021-01-04T00:00:00Z,Not Applicable,Not Applicable,No,Not Applicable,Not Applicable,Not Applicable,No,Not Applicable,Bar,No,Yes,No,Not Applicable,No,No,No,No,No,Not Available,Jodhpur University,Commerce,Not Available,1981,1984,Rajasthan,No,No,Yes
Vineet Saran,Male,1957-05-11T00:00:00Z,Not Available,Not Available,2015-02-16T00:00:00Z,2019-05-12T00:00:00Z,No,No,Allahabad,Yes,Karnataka,2015-02-16T00:00:00Z,Not Available,Not Applicable,Not Available,Not Applicable,Yes,Orissa,Not Applicable,Not Applicable,No,Not Applicable,Not Available,Not Available,Not Available,Not Available,Not Available,Not Available,Not Available,Not Available,Not Available,Not Available,Not Available,Allahabad University,Not Available,Not Available,Not Available,Not Available,Not Available,No,No,No
