Name of the Judge,Gender,Date of Birth,State of Birth,Place of Birth,Date of Appointment,Date of Retirement,If Died in Office,If resigned from office,Parent High Court,If transferred to any other High Court,"If yes, which High Court 1",Date of such transfer - 1,"If yes, which High Court 2",Date of such transfer – 2,"If yes, which High Court 3",Date of such transfer - 3,If appointed Chief Justice in another High Court,"If yes, which High Court – 1","If yes, which High Court – 2","If yes, which High Court – 3",If appointed to the Supreme Court,Date of appointment to the Supreme Court,Cadre,Experience in Subordinate Judiciary,Litigation Experience,If a Senior Advocate,Experience in High Court Administrative Post,If served as Counsel for Government/PSU/Statutory Body,If served as Advocate General,If empanelled by Banks,If empanelled by Private Companies,Chamber Details,Schooling Information,Graduation Institution,Graduation Specialization,Law Degree Institution,Law Degree Year,Bar Enrolment Year,State Bar Association where enrolled,Foreign Degree in Law,Post-Graduate in another subject,Post-Graduate in Law
A. C. Rao,Male,1959-07-01T00:00:00Z,Not Available,Not Available,2018-10-22T00:00:00Z,2021-06-30T00:00:00Z,No,No,Gujarat,No,Not Applicable,Not Applicable,Not Applicable,Not Applicable,Not Applicable,Not Applicable,No,Not Applicable,Not Applicable,Not Applicable,No,Not Applicable,Service,Yes,No,Not Applicable,No,Not Applicable,Not Applicable,Not Applicable,Not Applicable,Not Applicable,Not Available,Not Available,Not Available,Not Available,Not Available,Not Applicable,Not Applicable,No,No,No
A. G. Uraizee,Male,1960-04-23T00:00:00Z,Gujarat,Ahmedabad,2013-05-04T00:00:00Z,2022-04-22T00:00:00Z,No,No,Gujarat,No,Not Applicable,Not Applicable,Not Applicable,Not Applicable,Not Applicable,Not Applicable,No,Not Applicable,Not Applicable,Not Applicable,No,Not Applicable,Service,Yes,Yes,No,Yes,Yes,No,No,No,No,Not Available,Gujarat University,Not Available,"M.S. University, Vadodara",1983,1983,Gujarat,No,No,No
A. J. Desai,Male,1962-07-05T00:00:00Z,Gujarat,Vadodara,2011-11-21T00:00:00Z,2024-07-04T00:00:00Z,No,No,Gujarat,No,Not Applicable,Not Applicable,Not Applicable,Not Applicable,Not Applicable,Not Applicable,No,Not Applicable,Not Applicable,Not Applicable,No,Not Applicable,Bar,No,Yes,No,Not Applicable,Yes,No,No,No,Yes,Not Available,"St. Xaviers' College, Ahmedabad",Economics,"Sir L.A. Shah Law College, Ahmedabad",1985,1985,Gujarat,No,No,No
A. P. Thaker,Male,1960-12-27T00:00:00Z,Gujarat,Junagadh,2018-10-22T00:00:00Z,2022-12-26T00:00:00Z,No,No,Gujarat,No,Not Applicable,Not Applicable,Not Applicable,Not Applicable,Not Applicable,Not Applicable,No,Not Applicable,Not Applicable,Not Applicable,No,Not Applicable,Service,Yes,No,Not Applicable,Yes,Not Applicable,Not Applicable,Not Applicable,Not Applicable,Not Applicable,Not Available,Saurashtra University,Commerce,Saurashtra University,1984,Not Applicable,Not Applicable,No,No,Yes
A. S. Supehia,Male,1969-08-31T00:00:00Z,Not Available,Not Available,2016-04-06T00:00:00Z,2031-08-30T00:00:00Z,No,No,Gujarat,No,Not Applicable,Not Applicable,Not Applicable,Not Applicable,Not Applicable,Not Applicable,No,Not Applicable,Not Applicable,Not Applicable,No,Not Applicable,Bar,No,Yes,No,Not Applicable,Yes,No,No,No,No,Not Available,Not Available,Arts,Not Available,Not Available,1995,Gujarat,No,No,Yes
Abhilasha Kumari,Female,1956-02-23T00:00:00Z,Not Available,Not Available,2005-12-02T00:00:00Z,2018-02-22T00:00:00Z,No,No,Himachal Pradesh,Yes,Gujarat,2006-01-09T00:00:00Z,Not Applicable,Not Applicable,Not Applicable,Not Applicable,Yes,Manipur,Not Applicable,Not Applicable,No,Not Applicable,Bar,No,Yes,No,Not Applicable,Yes,No,No,No,No,"Loreto Convent Tara Hall, Shimla, Himachal Pradesh",Indraprastha College,Arts,Himachal Pradesh University,Not Available,1984,Himachal Pradesh,No,No,No
Akil Abdul Hamid Kureshi,Male,1960-03-07T00:00:00Z,Not Available,Not Available,2004-03-07T00:00:00Z,2022-03-16T00:00:00Z,No,No,Gujarat,Yes,Bombay,2018-11-14T00:00:00Z,Not Applicable,Not Applicable,Not Applicable,Not Applicable,Yes,Tripura,Not Applicable,Not Applicable,No,Not Applicable,Bar,No,Yes,No,Not Applicable,Yes,No,No,No,No,Not Available,Not Available,Mathematics,Not Available,1983,1983,Gujarat,No,No,No
Akshay Mehta,Male,1945-12-15T00:00:00Z,Not Available,Not Available,2001-06-18T00:00:00Z,2007-12-14T00:00:00Z,No,No,Gujarat,No,Not Applicable,Not Applicable,Not Applicable,Not Applicable,Not Applicable,Not Applicable,No,Not Applicable,Not Applicable,Not Applicable,No,Not Applicable,Bar,No,Yes,Yes,Not Applicable,Yes,No,No,No,Yes,Rosary High School,Not Available,Not Available,M. S. University at Vadodara,Not Available,1971,Gujarat,No,No,No
Alpesh Kogje,Male,1969-07-16T00:00:00Z,Not Available,Not Available,2016-04-06T00:00:00Z,2031-07-15T00:00:00Z,No,No,Gujarat,No,Not Applicable,Not Applicable,Not Applicable,Not Applicable,Not Applicable,Not Applicable,No,Not Applicable,Not Applicable,Not Applicable,No,Not Applicable,Bar,No,Yes,No,Not Applicable,Yes,No,No,No,No,Not Available,Not Available,Science,Not Available,1993,1993,Gujarat,No,No,No
Anant Surendraray Dave,Male,1957-12-05T00:00:00Z,Gujarat,Panchmahal,2004-10-08T00:00:00Z,2019-12-04T00:00:00Z,No,No,Gujarat,No,Not Applicable,Not Applicable,Not Applicable,Not Applicable,Not Applicable,Not Applicable,No,Not Applicable,Not Applicable,Not Applicable,No,Not Applicable,Bar,No,Yes,No,Not Applicable,Yes,No,No,No,No,Not Available,Not Available,Not Available,Not Available,Not Available,1984,Gujarat,No,No,No
Anil Ramesh Dave,Male,1951-11-19T00:00:00Z,Not Available,Not Available,1995-09-18T00:00:00Z,2013-11-19T00:00:00Z,No,No,Gujarat,No,Not Applicable,Not Applicable,Not Applicable,Not Applicable,Not Applicable,Not Applicable,Yes,Andhra Pradesh,Bombay,Not Applicable,Yes,2010-04-30T00:00:00Z,Bar,No,Yes,No,Not Applicable,Yes,No,No,No,No,Not Available,Not Available,Commerce,Not Available,Not Available,1976,Gujarat,No,No,Yes
Arunkumar Trivedi,Male,1939-09-04T00:00:00Z,Not Available,Not Available,1997-12-11T00:00:00Z,2001-09-04T00:00:00Z,No,No,Gujarat,No,Not Applicable,Not Applicable,Not Applicable,Not Applicable,Not Applicable,Not Applicable,No,Not Applicable,Not Applicable,Not Applicable,No,Not Applicable,Service,Yes,Yes,No,No,No,No,No,No,No,Not Available,Not Available,Not Available,Not Available,Not Available,1965,Gujarat,No,No,No
Arvind Mohanlal Kapadia,Male,1949-03-04T00:00:00Z,Not Available,Not Available,1997-12-11T00:00:00Z,2011-03-04T00:00:00Z,No,No,Gujarat,No,Not Applicable,Not Applicable,Not Applicable,Not Applicable,Not Applicable,Not Applicable,No,Not Applicable,Not Applicable,Not Applicable,No,Not Applicable,Service,Yes,Yes,No,No,No,No,No,No,No,Not Available,Not Available,Economics,Not Available,1971,1972,Gujarat,No,No,No
Ashokkumar Joshi,Male,1961-01-24T00:00:00Z,Gujarat,Amreli,2020-03-03T00:00:00Z,2023-01-23T00:00:00Z,No,No,Gujarat,No,Not Applicable,Not Applicable,Not Applicable,Not Applicable,Not Applicable,Not Applicable,No,Not Applicable,Not Applicable,Not Applicable,No,Not Applicable,Service,Yes,Yes,No,No,No,No,No,No,Yes,Not Available,"Gujarat University, Ahmedabad",Science,"M. S. University, Baroda",1985,1986,Gujarat,No,No,Yes
Ashokkumar Laxminarayan Dave,Male,1950-12-05T00:00:00Z,Not Available,Not Available,1997-12-11T00:00:00Z,2012-12-04T00:00:00Z,No,No,Gujarat,No,Not Applicable,Not Applicable,Not Applicable,Not Applicable,Not Applicable,Not Applicable,No,Not Applicable,Not Applicable,Not Applicable,No,Not Applicable,Service,Yes,Yes,No,No,Yes,No,Yes,No,No,Not Available,Not Available,Commerce,Not Available,Not Available,1976,Gujarat,No,No,No
Ashutosh Shastri,Male,1962-01-14T00:00:00Z,Not Available,Not Available,2016-04-06T00:00:00Z,2024-01-13T00:00:00Z,No,No,Gujarat,No,Not Applicable,Not Applicable,Not Applicable,Not Applicable,Not Applicable,Not Applicable,No,Not Applicable,Not Applicable,Not Applicable,No,Not Applicable,Bar,No,Yes,No,Not Applicable,Yes,No,No,No,Yes,Not Available,"H. A. College of Commerce, Ahmedabad.",Not Available,"Sir L.A. Shah Law College, Ahmedabad",Not Available,1985,Gujarat,No,No,No
Bela Trivedi,Female,1960-06-10T00:00:00Z,Not Available,Not Available,2011-02-17T00:00:00Z,2022-06-09T00:00:00Z,No,No,Gujarat,Yes,Rajasthan,2011-06-27T00:00:00Z,Gujarat,2016-02-09T00:00:00Z,Not Applicable,Not Applicable,No,Not Applicable,Not Applicable,Not Applicable,No,Not Applicable,Service,Yes,No,Not Applicable,No,Not Applicable,Not Applicable,Not Applicable,Not Applicable,Not Applicable,Not Available,Not Available,Not Available,Not Available,Not Available,Not Applicable,Not Applicable,No,No,No
B. N. Karia,Male,1960-05-26T00:00:00Z,Gujarat,Morbi,2016-04-06T00:00:00Z,2022-05-25T00:00:00Z,No,No,Gujarat,No,Not Applicable,Not Applicable,Not Applicable,Not Applicable,Not Applicable,Not Applicable,No,Not Applicable,Not Applicable,Not Applicable,No,Not Applicable,Service,Yes,Yes,No,Yes,Yes,No,No,No,Yes,Not Available,Not Available,Arts,"AMP Law College, Rajkot",1984,1984,Gujarat,No,No,No
Bankim Mehta,Male,1950-08-18T00:00:00Z,Gujarat,Baroda,2005-06-14T00:00:00Z,2012-08-17T00:00:00Z,No,No,Gujarat,No,Not Applicable,Not Applicable,Not Applicable,Not Applicable,Not Applicable,Not Applicable,No,Not Applicable,Not Applicable,Not Applicable,No,Not Applicable,Service,Yes,Yes,No,No,No,No,No,No,No,Not Available,Gujarat College in Ahmedabad,Science,Sir L.A. Shah Law College,1974,Not Available,Gujarat,No,No,Yes
Bhagwati Prasad,Male,1949-05-13T00:00:00Z,Rajasthan,Bahadra,1996-04-06T00:00:00Z,2011-05-12T00:00:00Z,No,No,Rajasthan,Yes,Gujarat,2008-02-07T00:00:00Z,Not Applicable,Not Applicable,Not Applicable,Not Applicable,Yes,Jharkhand,Not Applicable,Not Applicable,No,Not Applicable,Bar,No,Yes,Yes,Not Applicable,No,No,No,No,No,Not Available,"Government College, Hisar, Haryana (Punjab University, Chandigarh)",Science,"Doongar College, Bikaner, Rajasthan (Rajasthan University, Jaipur)",1972,1972,Rajasthan,No,No,Yes
Bhargav Karia,Male,1965-12-23T00:00:00Z,Not Available,Not Available,2019-03-05T00:00:00Z,2027-12-22T00:00:00Z,No,No,Gujarat,No,Not Applicable,Not Applicable,Not Applicable,Not Applicable,Not Applicable,Not Applicable,No,Not Applicable,Not Applicable,Not Applicable,No,Not Applicable,Bar,No,Yes,No,Not Applicable,No,No,No,No,Yes,Not Available,"H. L Commerce College , and L. J. Commerce College Ahmedabad",Commerce,"Gujarat University, Ahmedabad",1993,1993,Gujarat,No,No,No
Bhaskar Bhattacharya,Male,1952-09-29T00:00:00Z,Not Available,Not Available,1997-07-17T00:00:00Z,2014-09-28T00:00:00Z,No,No,Calcutta,Yes,Gujarat,2011-09-08T00:00:00Z,Not Applicable,Not Applicable,Not Applicable,Not Applicable,Yes,Gujarat,Not Applicable,Not Applicable,No,Not Applicable,Bar,No,Yes,Yes,Not Applicable,No,No,No,No,No,Not Available,Not Available,Science,Jogesh Chandra Chaudhuri Law College,Not Available,1975,West Bengal,No,No,No
Biren Vaishnav,Male,1963-05-22T00:00:00Z,New Delhi,New Delhi,2016-04-06T00:00:00Z,2025-05-21T00:00:00Z,No,No,Gujarat,No,Not Applicable,Not Applicable,Not Applicable,Not Applicable,Not Applicable,Not Applicable,No,Not Applicable,Not Applicable,Not Applicable,No,Not Applicable,Bar,No,Yes,No,Not Applicable,Yes,No,No,No,Yes,Not Available,"St. Xavier's College, Ahmedabad",Economics,Sir L.A.Shah College,Not Available,1987,Gujarat,No,No,No
C. L. Soni,Male,1957-03-17T00:00:00Z,Gujarat,Kalyanpura,2011-11-21T00:00:00Z,2019-03-16T00:00:00Z,No,No,Gujarat,No,Not Applicable,Not Applicable,Not Applicable,Not Applicable,Not Applicable,Not Applicable,No,Not Applicable,Not Applicable,Not Applicable,No,Not Applicable,Bar,No,Yes,No,Not Applicable,No,No,No,No,No,Not Available,Gujarat University,Commerce,Gujarat University,1983,1984,Gujarat,No,No,No
Chaitanya Kastubprasad Buch,Male,1947-05-17T00:00:00Z,Not Available,Not Available,1997-12-11T00:00:00Z,2009-05-17T00:00:00Z,No,No,Gujarat,No,Not Applicable,Not Applicable,Not Applicable,Not Applicable,Not Applicable,Not Applicable,No,Not Applicable,Not Applicable,Not Applicable,No,Not Applicable,Service,Yes,Yes,No,No,No,No,No,No,No,Not Available,Not Available,Not Available,Not Available,Not Available,1972,Gujarat,No,No,No
Dawwodi Nasir,Male,1936-01-02T00:00:00Z,Not Available,Not Available,1995-01-23T00:00:00Z,1998-01-02T00:00:00Z,No,No,Gujarat,Yes,Andhra Pradesh,1995-03-23T00:00:00Z,Not Applicable,Not Applicable,Not Applicable,Not Applicable,No,Not Applicable,Not Applicable,Not Applicable,No,Not Applicable,Service,Yes,Yes,No,No,Yes,No,No,No,No,Not Available,Not Available,Not Available,Not Available,Not Available,Not Available,Gujarat,No,No,No
Deepak Kantilal Trivedi,Male,1943-03-04T00:00:00Z,Gujarat,Rajkot,1994-01-17T00:00:00Z,2005-03-03T00:00:00Z,No,No,Gujarat,Yes,Bombay,1994-02-04T00:00:00Z,Gujarat,2001-09-11T00:00:00Z,Not Applicable,Not Applicable,No,Not Applicable,Not Applicable,Not Applicable,No,Not Applicable,Bar,No,Yes,No,Not Applicable,Yes,No,No,No,Yes,Not Available,H. K. Arts College,Not Available,Sir L.A. Shah College,Not Available,1973,Gujarat,No,No,No
Dhiren Mehta,Male,1948-12-02T00:00:00Z,Gujarat,Bhavnagar,2000-09-18T00:00:00Z,2010-12-02T00:00:00Z,No,No,Gujarat,No,Not Applicable,Not Applicable,Not Applicable,Not Applicable,Not Applicable,Not Applicable,No,Not Applicable,Not Applicable,Not Applicable,No,Not Applicable,Bar,No,Yes,No,Not Applicable,Yes,No,No,No,Yes,Not Available,"Bhavan's College, Bombay",Arts,"M. S. University, Vadodara",1974,1974,Gujarat,No,No,Yes
Dhirendra Hiralal Waghela,Male,1954-08-11T00:00:00Z,Gujarat,Rajkot,1999-09-17T00:00:00Z,2016-08-11T00:00:00Z,No,No,Gujarat,No,Not Applicable,Not Applicable,Not Applicable,Not Applicable,Not Applicable,Not Applicable,Yes,Karnataka,Odisha,Bombay,No,Not Applicable,Bar,No,Yes,No,Not Applicable,No,No,No,No,No,Not Available,"Shri Swaminarayan Gurukul, Rajkot",Commerce,"Shri A. M. P. Law College, Rajkot",1974,1975,Gujarat,No,No,Yes
Dhirubhai Naranbhai Patel,Male,1960-03-13T00:00:00Z,Not Available,Not Available,2004-03-07T00:00:00Z,2022-03-12T00:00:00Z,No,No,Gujarat,Yes,Jharkhand,2009-02-03T00:00:00Z,Not Applicable,Not Applicable,Not Applicable,Not Applicable,Yes,Jharkhand,Delhi,Not Applicable,No,Not Applicable,Bar,No,Yes,Yes,Not Applicable,Yes,No,No,No,No,Not Available,"M.G..Science College, Ahmedabad",Science,"Sir L.A. Shah Law College, Ahmedabad",1984,1984,Gujarat,No,Yes,Yes
Dinesh Chandra Srivastava,Male,1939-08-26T00:00:00Z,Not Available,Not Available,1995-03-15T00:00:00Z,2001-08-26T00:00:00Z,No,No,Allahabad,Yes,Gujarat,1997-12-26T00:00:00Z,Not Applicable,Not Applicable,Not Applicable,Not Applicable,No,Not Applicable,Not Applicable,Not Applicable,No,Not Applicable,Service,Yes,No,Not Applicable,Yes,Not Applicable,Not Applicable,Not Applicable,Not Applicable,Not Applicable,Not Available,Not Available,Not Available,Not Available,Not Available,Not Applicable,Not Applicable,No,No,No
Dineshchandra Pravinrai Buch,Male,1942-08-22T00:00:00Z,Not Available,Not Available,1999-09-17T00:00:00Z,2004-08-22T00:00:00Z,No,No,Gujarat,No,Not Applicable,Not Applicable,Not Applicable,Not Applicable,Not Applicable,Not Applicable,No,Not Applicable,Not Applicable,Not Applicable,No,Not Applicable,Service,Yes,Yes,No,Yes,No,No,No,No,No,Not Available,"Bahauddin College, Junagadh",Science,"A.M.P. Law College, Rajkot",1965,1966,Gujarat,No,No,No
G. B. Shah,Male,1954-10-14T00:00:00Z,Gujarat,Vadodara,2011-02-17T00:00:00Z,2016-10-13T00:00:00Z,No,No,Gujarat,No,Not Applicable,Not Applicable,Not Applicable,Not Applicable,Not Applicable,Not Applicable,No,Not Applicable,Not Applicable,Not Applicable,No,Not Applicable,Service,Yes,Yes,No,Yes,No,No,No,No,No,Not Available,Saurashtra University,Not Available,Sir L.A. Shah Law College,Not Available,1979,Gujarat,No,No,No
G. R.Udhwani,Male,1961-11-25T00:00:00Z,Gujarat,Ahmedabad,2012-11-12T00:00:00Z,2020-12-05T00:00:00Z,Yes,No,Gujarat,No,Not Applicable,Not Applicable,Not Applicable,Not Applicable,Not Applicable,Not Applicable,No,Not Applicable,Not Applicable,Not Applicable,No,Not Applicable,Service,Yes,Yes,No,Yes,No,No,No,No,No,Not Available,"Navgujarat Mahavidhyalaya, Ahmedabad",Not Available,"Sir L.A. Shah Law College, Ahmedabad",1986,1987,Gujarat,No,No,No
Gita Gopi,Female,1966-03-24T00:00:00Z,Gujarat,Navsari,2020-03-03T00:00:00Z,2028-03-23T00:00:00Z,No,No,Gujarat,No,Not Applicable,Not Applicable,Not Applicable,Not Applicable,Not Applicable,Not Applicable,No,Not Applicable,Not Applicable,Not Applicable,No,Not Applicable,Service,Yes,Yes,No,Yes,No,No,No,No,Yes,Not Available,"Sir K.P. College of Commerce, Surat",Commerce,"Dinshaw Daboo Law College, Navsari.",Not Available,1993,Gujarat,No,No,Yes
Harivada Mehta,Male,1941-10-13T00:00:00Z,Not Available,Not Available,1999-12-27T00:00:00Z,2003-10-13T00:00:00Z,No,No,Gujarat,No,Not Applicable,Not Applicable,Not Applicable,Not Applicable,Not Applicable,Not Applicable,No,Not Applicable,Not Applicable,Not Applicable,No,Not Applicable,Service,Yes,Yes,No,Yes,No,No,No,No,No,Not Available,Not Available,Science,City Law College,1964,1965,Gujarat,No,No,No
Harivadan Shelat,Male,1939-03-02T00:00:00Z,Not Available,Not Available,1995-09-18T00:00:00Z,2001-03-02T00:00:00Z,No,No,Gujarat,No,Not Applicable,Not Applicable,Not Applicable,Not Applicable,Not Applicable,Not Applicable,No,Not Applicable,Not Applicable,Not Applicable,No,Not Applicable,Service,Yes,Yes,No,No,No,No,No,No,No,Not Available,Not Available,Not Available,Not Available,Not Available,1962,Gujarat,No,No,No
Harjivan Kantilal Rathod,Male,1949-09-15T00:00:00Z,Gujarat,Moti Dhari,1999-09-17T00:00:00Z,2012-09-15T00:00:00Z,No,No,Gujarat,No,Not Applicable,Not Applicable,Not Applicable,Not Applicable,Not Applicable,Not Applicable,No,Not Applicable,Not Applicable,Not Applicable,No,Not Applicable,Bar,No,Yes,No,Not Applicable,No,No,No,No,No,Not Available,Gujarat University,Arts,Not Available,Not Available,1975,Gujarat,No,No,Yes
Harsha Devani,Female,1958-03-27T00:00:00Z,Gujarat,"Kunkavav, Amreli District",2004-10-08T00:00:00Z,2020-03-26T00:00:00Z,No,No,Gujarat,No,Not Applicable,Not Applicable,Not Applicable,Not Applicable,Not Applicable,Not Applicable,No,Not Applicable,Not Applicable,Not Applicable,No,Not Applicable,Bar,No,Yes,No,Not Applicable,Yes,No,No,No,No,"Prakash Higher Secondary School, Ahmedabad; Convent Little Flower School, Dibrugarh (Assam); and Loreto Convent from Ranchi (Bihar).","M.G. Science Institute, Ahmedabad",Microbiology,"Sir L.A. Shah Law College, Ahmedabad",Not Available,1992,Gujarat,No,Yes,No
Harshvadan B Antani,Male,1949-06-30T00:00:00Z,Not Available,Not Available,2005-06-14T00:00:00Z,2011-06-29T00:00:00Z,No,No,Gujarat,No,Not Applicable,Not Applicable,Not Applicable,Not Applicable,Not Applicable,Not Applicable,No,Not Applicable,Not Applicable,Not Applicable,No,Not Applicable,Service,Yes,Yes,No,No,Yes,No,No,No,No,Not Available,Gujarat University,Arts,Gujarat University,Not Available,Not Available,Gujarat,No,No,No
Hemant Laxman Gokhale,Male,1949-03-10T00:00:00Z,Gujarat,Not Available,1994-01-20T00:00:00Z,2011-03-10T00:00:00Z,No,No,Bombay,Yes,Gujarat,1994-02-04T00:00:00Z,Bombay,1999-02-24T00:00:00Z,Not Applicable,Not Applicable,Yes,Allahabad,Madras,Not Applicable,Yes,2010-04-30T00:00:00Z,Bar,No,Yes,No,Not Applicable,Yes,No,No,No,No,Not Available,University of Bombay,Arts,"Government Law College, Bombay",Not Available,1973,Maharashtra,No,Yes,Yes
Ilesh Jashvantrai Vora,Male,1965-08-18T00:00:00Z,Gujarat,Jamnagar,2020-03-03T00:00:00Z,2027-08-17T00:00:00Z,No,No,Gujarat,No,Not Applicable,Not Applicable,Not Applicable,Not Applicable,Not Applicable,Not Applicable,No,Not Applicable,Not Applicable,Not Applicable,No,Not Applicable,Service,Yes,Yes,No,No,No,No,No,No,Yes,Not Available,Saurashtra University,Commerce,Saurashtra University,Not Available,Not Available,Gujarat,No,No,Yes
JB Pardiwala,Male,1965-08-12T00:00:00Z,Maharashtra,Mumbai,2011-02-17T00:00:00Z,2027-08-11T00:00:00Z,No,No,Gujarat,No,Not Applicable,Not Applicable,Not Applicable,Not Applicable,Not Applicable,Not Applicable,No,Not Applicable,Not Applicable,Not Applicable,No,Not Applicable,Bar,No,Yes,No,Not Applicable,No,No,No,No,No,Not Available,"J.P. Arts College, Valsad",Not Available,"K.M.Law College, Valsad",1988,1988,Gujarat,No,No,No
Janakaroy Upadhyaya,Male,1950-11-26T00:00:00Z,Maharashtra,Bombay,2007-11-21T00:00:00Z,2012-11-25T00:00:00Z,No,No,Gujarat,No,Not Applicable,Not Applicable,Not Applicable,Not Applicable,Not Applicable,Not Applicable,No,Not Applicable,Not Applicable,Not Applicable,No,Not Applicable,Service,Yes,Yes,No,Yes,No,No,No,No,No,Not Available,Saurashtra University,Economics,Saurashtra University,1974,1974,Gujarat,No,No,Yes
Jayant Maganlal Patel,Male,1956-08-04T00:00:00Z,Gujarat,Veraval,2001-12-03T00:00:00Z,2017-09-25T00:00:00Z,No,Yes,Gujarat,Yes,Karnataka,2016-02-13T00:00:00Z,Not Applicable,Not Applicable,Not Applicable,Not Applicable,No,Not Applicable,Not Applicable,Not Applicable,No,Not Applicable,Bar,No,Yes,No,Not Applicable,Yes,No,No,No,No,Not Available,"M. S. University, Baroda",Commerce,"M. S. University, Baroda",Not Available,1979,Gujarat,No,No,No
Jaypraksh Ramakant Vora,Male,1948-01-09T00:00:00Z,Not Available,Not Available,1997-12-11T00:00:00Z,2010-01-09T00:00:00Z,No,No,Gujarat,No,Not Applicable,Not Applicable,Not Applicable,Not Applicable,Not Applicable,Not Applicable,No,Not Applicable,Not Applicable,Not Applicable,No,Not Applicable,Service,Yes,Yes,No,No,No,No,No,No,No,Not Available,Not Available,Not Available,Not Available,Not Available,1973,Gujarat,No,No,No
Kaushal Thaker,Male,1961-09-04T00:00:00Z,Maharashtra,Bombay,2013-05-04T00:00:00Z,2023-09-03T00:00:00Z,No,No,Gujarat,Yes,Allahabad,2016-04-11T00:00:00Z,Not Applicable,Not Applicable,Not Applicable,Not Applicable,No,Not Applicable,Not Applicable,Not Applicable,No,Not Applicable,Service,Yes,Yes,No,No,No,No,No,No,Yes,"St. Xavier's School, Ahmedabad","M.G. Science College, Ahmedabad",Chemistry,"Sir L.A. Shah Law College, Ahmedabad",Not Available,1987,Gujarat,No,No,Yes
K. M. Thaker,Male,1957-09-17T00:00:00Z,Not Available,Not Available,2007-11-21T00:00:00Z,2019-09-16T00:00:00Z,No,No,Gujarat,No,Not Applicable,Not Applicable,Not Applicable,Not Applicable,Not Applicable,Not Applicable,No,Not Applicable,Not Applicable,Not Applicable,No,Not Applicable,Bar,No,Yes,No,Not Applicable,No,No,No,No,No,Not Available,Gujarat University,Commerce,Gujarat University,1981,1982,Gujarat,No,Yes,No
Kalpesh Jhaveri,Male,1958-01-05T00:00:00Z,Not Available,Not Available,2004-03-07T00:00:00Z,2020-01-04T00:00:00Z,No,No,Gujarat,Yes,Rajasthan,2016-08-24T00:00:00Z,Not Applicable,Not Applicable,Not Applicable,Not Applicable,Yes,Orissa,Not Applicable,Not Applicable,No,Not Applicable,Bar,No,Yes,No,Not Applicable,Yes,No,No,No,No,Not Available,Gujarat University,Science,Gujarat University.,1983,1983,Gujarat,No,No,No
Kalavamkodath Sivasankara Panicker Radhakrishnan,Male,1949-05-15T00:00:00Z,Not Available,Not Available,1995-05-17T00:00:00Z,2011-05-14T00:00:00Z,No,No,Kerala,No,Not Applicable,Not Applicable,Not Applicable,Not Applicable,Not Applicable,Not Applicable,Yes,J & K and Ladakh,Gujarat,Not Applicable,Yes,2009-09-17T00:00:00Z,Service,Yes,Yes,No,Yes,No,No,No,No,No,Not Available,Not Available,Not Available,Not Available,Not Available,1973,Kerala,No,No,Yes
Kamal Mehta,Male,1945-09-28T00:00:00Z,Not Available,Not Available,1999-09-17T00:00:00Z,2007-09-29T00:00:00Z,No,No,Gujarat,No,Not Applicable,Not Applicable,Not Applicable,Not Applicable,Not Applicable,Not Applicable,No,Not Applicable,Not Applicable,Not Applicable,No,Not Applicable,Bar,No,Yes,No,Not Applicable,Yes,No,No,No,Yes,Not Available,Not Available,Science,"Sarvajanik Law College, Surat",Not Available,1968,Gujarat,No,No,Yes
Kantilal Ambalal Puj,Male,1949-05-02T00:00:00Z,Not Available,Not Available,2001-12-03T00:00:00Z,2011-05-01T00:00:00Z,No,No,Gujarat,No,Not Applicable,Not Applicable,Not Applicable,Not Applicable,Not Applicable,Not Applicable,No,Not Applicable,Not Applicable,Not Applicable,No,Not Applicable,Bar,No,Yes,No,Not Applicable,No,No,No,No,Yes,Not Available,Not Available,Arts,"Sir L. A. Shah Law College, Ahmedabad",Not Available,1976,Gujarat,No,Yes,No
Manharlal Chimanlal Patel,Male,1944-08-20T00:00:00Z,Not Available,Not Available,1997-12-11T00:00:00Z,2006-08-20T00:00:00Z,No,No,Gujarat,No,Not Applicable,Not Applicable,Not Applicable,Not Applicable,Not Applicable,Not Applicable,No,Not Applicable,Not Applicable,Not Applicable,No,Not Applicable,Service,Yes,Yes,No,No,Yes,No,No,No,No,Not Available,Not Available,Not Available,Not Available,Not Available,1971,Gujarat,No,No,No
Mohinder Pal,Male,1956-12-30T00:00:00Z,Punjab,Hoshiarpur,2007-10-08T00:00:00Z,2018-12-29T00:00:00Z,No,No,Punjab and Haryana,Yes,Gujarat,2011-12-30T00:00:00Z,Not Applicable,Not Applicable,Not Applicable,Not Applicable,No,Not Applicable,Not Applicable,Not Applicable,No,Not Applicable,Service,Yes,Yes,No,No,No,No,No,No,No,Not Available,Govt. College Hoshiarpur,Arts,"Punjab University,Chandigarh",1981,1982,Punjab and Haryana,No,No,No
Mohit Shah,Male,1953-09-09T00:00:00Z,Gujarat,Vijapur,1995-09-18T00:00:00Z,2015-09-09T00:00:00Z,No,No,Gujarat,No,Not Applicable,Not Applicable,Not Applicable,Not Applicable,Not Applicable,Not Applicable,Yes,Calcutta,Bombay,Not Applicable,No,Not Applicable,Bar,No,Yes,No,Not Applicable,No,No,No,No,No,Not Available,Maharaja Sayajirao University,Arts,Not Available,1976,1976,Gujarat,No,No,Yes
Mukesh Shah,Male,1952-10-15T00:00:00Z,Gujarat,Mahesana,2005-01-17T00:00:00Z,2014-06-26T00:00:00Z,No,Yes,Gujarat,No,Not Applicable,Not Applicable,Not Applicable,Not Applicable,Not Applicable,Not Applicable,No,Not Applicable,Not Applicable,Not Applicable,No,Not Applicable,Service,Yes,Yes,No,No,No,No,No,No,No,Not Available,"Sardar Patel Arts and Commerce College, Mahesana",Arts,"Vivekanand Law College, Mahesana",Not Available,1980,Gujarat,No,No,No
Mukesh Shah,Male,1958-05-16T00:00:00Z,Not Available,Not Available,2004-03-07T00:00:00Z,2023-05-15T00:00:00Z,No,No,Gujarat,No,Not Applicable,Not Applicable,Not Applicable,Not Applicable,Not Applicable,Not Applicable,Yes,Patna,Not Applicable,Not Applicable,Yes,2018-11-02T00:00:00Z,Bar,No,Yes,No,Not Applicable,Yes,No,No,No,No,Not Available,Not Available,Science,Gujarat University,1982,1982,Gujarat,No,No,No
Mustak Kadri,Male,1942-06-10T00:00:00Z,Not Available,Not Available,1995-09-18T00:00:00Z,2004-06-10T00:00:00Z,No,No,Gujarat,No,Not Applicable,Not Applicable,Not Applicable,Not Applicable,Not Applicable,Not Applicable,No,Not Applicable,Not Applicable,Not Applicable,No,Not Applicable,Service,Yes,No,Not Applicable,No,Not Applicable,Not Applicable,Not Applicable,Not Applicable,Not Applicable,Not Available,Gujarat University,Arts,Gujarat University,1968,Not Applicable,Not Applicable,No,No,No
N. V. Anjaria,Male,1965-03-23T00:00:00Z,Gujarat,Ahmedabad,2011-11-21T00:00:00Z,2027-03-22T00:00:00Z,No,No,Gujarat,No,Not Applicable,Not Applicable,Not Applicable,Not Applicable,Not Applicable,Not Applicable,No,Not Applicable,Not Applicable,Not Applicable,No,Not Applicable,Bar,No,Yes,No,Not Applicable,Yes,No,No,No,Yes,Not Available,"H.L.College of Commerce, Ahmedabad",Commerce,"Sir L.A. Shah Law College, Ahmedabad",1988,1988,Gujarat,No,No,Yes
Narendra Mathur,Male,1945-02-20T00:00:00Z,Not Available,Not Available,1994-01-31T00:00:00Z,2007-02-20T00:00:00Z,No,No,Rajasthan,Yes,Gujarat,1994-02-15T00:00:00Z,Rajasthan,1999-02-24T00:00:00Z,Not Applicable,Not Applicable,No,Not Applicable,Not Applicable,Not Applicable,No,Not Applicable,Bar,No,Yes,Yes,Not Applicable,No,No,No,No,No,Not Available,Not Available,Not Available,Not Available,Not Available,1970,Rajasthan,No,No,No
Nikhil Kariel,Male,1974-05-09T00:00:00Z,Gujarat,Rajkot,2020-10-04T00:00:00Z,2036-05-08T00:00:00Z,No,No,Gujarat,No,Not Applicable,Not Applicable,Not Applicable,Not Applicable,Not Applicable,Not Applicable,No,Not Applicable,Not Applicable,Not Applicable,No,Not Applicable,Bar,No,Yes,No,Not Applicable,No,No,No,No,Yes,Not Available,"V.B. College of law, Udupi",Not Available,"V.B. College of law, Udupi",Not Available,1998,Gujarat,No,No,No
Nikhilchandra Nandi,Male,1942-03-21T00:00:00Z,Gujarat,Baroda,1994-10-12T00:00:00Z,2004-03-20T00:00:00Z,No,No,Gujarat,Yes,Delhi,1994-11-01T00:00:00Z,Gujarat,2001-06-04T00:00:00Z,Not Applicable,Not Applicable,No,Not Applicable,Not Applicable,Not Applicable,No,Not Applicable,Service,Yes,Yes,No,Yes,No,No,No,No,No,Not Available,Not Available,Not Available,"M. S. University, Baroda",1966,1967,Gujarat,No,No,No
Nirzar S. Desai,Male,1973-06-15T00:00:00Z,Gujarat,Bhavnagar,2020-10-04T00:00:00Z,2035-06-14T00:00:00Z,No,No,Gujarat,No,Not Applicable,Not Applicable,Not Applicable,Not Applicable,Not Applicable,Not Applicable,No,Not Applicable,Not Applicable,Not Applicable,No,Not Applicable,Bar,No,Yes,No,Not Applicable,Yes,No,No,No,No,Not Available,Not Available,Science,Sir L.A. Shah College,Not Available,1998,Gujarat,No,No,No
P. P. Bhatt,Male,1956-09-06T00:00:00Z,Not Available,Not Available,2011-02-17T00:00:00Z,2018-09-05T00:00:00Z,No,No,Gujarat,Yes,Jharkhand,2011-06-27T00:00:00Z,Gujarat,2016-02-11T00:00:00Z,Not Applicable,Not Applicable,No,Not Applicable,Not Applicable,Not Applicable,No,Not Applicable,Service,Yes,Yes,No,Yes,No,No,No,No,No,Not Available,"H.K.Arts College, Ahmedabad",Arts (Political Science),"Sir L.A.Shah Law College, Ahmedabad",Not Available,1984,Gujarat,No,No,No
Paresh Upadhyay,Male,1960-12-14T00:00:00Z,Not Available,Not Available,2011-11-21T00:00:00Z,2022-12-13T00:00:00Z,No,No,Gujarat,No,Not Applicable,Not Applicable,Not Applicable,Not Applicable,Not Applicable,Not Applicable,No,Not Applicable,Not Applicable,Not Applicable,No,Not Applicable,Bar,No,Yes,No,Not Applicable,No,No,No,No,Yes,Not Available,Not Available,Not Available,Not Available,1996,1996,Not Available,No,No,No
Pradip Kumar Sarkar,Male,1941-07-16T00:00:00Z,Not Available,Not Available,1996-02-26T00:00:00Z,2003-07-15T00:00:00Z,No,No,Gauhati,Yes,Gujarat,1999-12-20T00:00:00Z,Gauhati,2001-09-11T00:00:00Z,Not Applicable,Not Applicable,No,Not Applicable,Not Applicable,Not Applicable,No,Not Applicable,Service,Yes,Yes,No,Yes,No,No,No,No,No,Not Available,Not Available,Not Available,Not Available,Not Available,1966,Tripura and Manipur,No,No,No
Pradipkumar Majmudar,Male,1950-11-19T00:00:00Z,Not Available,Not Available,1999-09-17T00:00:00Z,2012-09-08T00:00:00Z,No,No,Gujarat,Yes,Rajasthan,2007-04-10T00:00:00Z,Not Applicable,Not Applicable,Not Applicable,Not Applicable,No,Not Applicable,Not Applicable,Not Applicable,No,Not Applicable,Bar,No,Yes,Yes,Not Applicable,Yes,No,No,No,No,Not Available,"M. S. University, Baroda",Commerce,"M. S. University, Baroda",Not Available,1974,Gujarat,No,No,No
R. D. Kothari,Male,1954-06-15T00:00:00Z,Gujarat,Rajkot,2012-11-12T00:00:00Z,2016-06-14T00:00:00Z,No,No,Gujarat,No,Not Applicable,Not Applicable,Not Applicable,Not Applicable,Not Applicable,Not Applicable,No,Not Applicable,Not Applicable,Not Applicable,No,Not Applicable,Service,Yes,Yes,No,No,No,No,No,No,No,A.S.Chaudhary High School,Malaviya Commerce College,Commerce,Not Available,1976,1977,Gujarat,No,Yes,No
R. M. Chhaya,Male,1961-01-12T00:00:00Z,Gujarat,Veraval,2011-02-17T00:00:00Z,2023-01-11T00:00:00Z,No,No,Gujarat,No,Not Applicable,Not Applicable,Not Applicable,Not Applicable,Not Applicable,Not Applicable,No,Not Applicable,Not Applicable,Not Applicable,No,Not Applicable,Bar,No,Yes,Yes,Not Applicable,Yes,No,No,No,Yes,Not Available,"M.S. University, Vadodara",Commerce,"Sir L.A. Shah Law College, Ahmedabad",1984,1984,Gujarat,No,No,No
R. P. Dholaria,Male,1959-06-01T00:00:00Z,Gujarat,Piparia,2013-05-04T00:00:00Z,2021-05-31T00:00:00Z,No,No,Gujarat,No,Not Applicable,Not Applicable,Not Applicable,Not Applicable,Not Applicable,Not Applicable,No,Not Applicable,Not Applicable,Not Applicable,No,Not Applicable,Service,Yes,Yes,No,Yes,No,No,No,No,Yes,"Swaminarayan Gurukul, Rajkot","Sardar Patel University, Vallabh Vidyanagar",Commerce,"Sardar Patel University, Vallabh Vidyanagar",Not Available,1984,Gujarat,No,No,Yes
Ramayyagari Subhash Reddy,Male,1957-01-05T00:00:00Z,Telangana,Kamaram,2002-12-02T00:00:00Z,2022-01-04T00:00:00Z,No,No,Andhra Pradesh,No,Not Applicable,Not Applicable,Not Applicable,Not Applicable,Not Applicable,Not Applicable,Yes,Gujarat,Not Applicable,Not Applicable,Yes,2018-11-02T00:00:00Z,Bar,No,Yes,No,Not Applicable,No,No,No,No,Yes,"Zilla Parishad High School, Sankarampet, Medak District","Andhra Vidyalaya College (AV College), Hyderabad",Not Available,"University College of Law, Osmania University, Hyderabad.",Not Available,1980,Andhra Pradesh,No,No,No
Rajendra Sareen,Male,1962-03-23T00:00:00Z,Gujarat,Valsad,2020-03-03T00:00:00Z,2024-03-22T00:00:00Z,No,No,Gujarat,No,Not Applicable,Not Applicable,Not Applicable,Not Applicable,Not Applicable,Not Applicable,No,Not Applicable,Not Applicable,Not Applicable,No,Not Applicable,Service,Yes,Yes,No,No,No,No,No,No,Yes,Not Available,"N.H.Shah Commerce College, Valsad",Commerce,"K.M. Shah Law College, Valsad",1986,1986,Gujarat,No,No,No
Rajesh Shukla,Male,1956-12-27T00:00:00Z,Not Available,Not Available,2007-11-21T00:00:00Z,2018-12-26T00:00:00Z,No,No,Gujarat,No,Not Applicable,Not Applicable,Not Applicable,Not Applicable,Not Applicable,Not Applicable,No,Not Applicable,Not Applicable,Not Applicable,No,Not Applicable,Service,Yes,Yes,No,No,Yes,No,No,No,No,Not Available,Not Available,Not Available,Not Available,Not Available,1981,Gujarat,No,No,No
Ramanlal Jain,Male,1948-01-26T00:00:00Z,Not Available,Not Available,1995-09-18T00:00:00Z,1997-11-17T00:00:00Z,No,No,Gujarat,Yes,Madras,1996-07-11T00:00:00Z,Not Applicable,Not Applicable,Not Applicable,Not Applicable,No,Not Applicable,Not Applicable,Not Applicable,No,Not Applicable,Service,Yes,Yes,No,Yes,No,No,No,No,No,Not Available,Not Available,Not Available,Not Available,Not Available,1973,Gujarat,No,No,No
Ramesh Prabhudas Dholakia,Male,1947-06-28T00:00:00Z,Not Available,Not Available,1997-12-11T00:00:00Z,2009-06-02T00:00:00Z,No,Yes,Gujarat,No,Not Applicable,Not Applicable,Not Applicable,Not Applicable,Not Applicable,Not Applicable,No,Not Applicable,Not Applicable,Not Applicable,No,Not Applicable,Service,Yes,Yes,No,No,No,No,No,No,No,Not Available,Saurashtra University,Not Available,"Sir L.A. Shah Law College, Ahmedabad",1973,1988,Gujarat,No,No,No
Ramesh Surajmal Garg,Male,1948-06-18T00:00:00Z,Not Available,Not Available,1994-12-15T00:00:00Z,2010-06-18T00:00:00Z,No,No,Madhya Pradesh,Yes,Chhattisgarh,2000-10-31T00:00:00Z,Patna,2001-10-31T00:00:00Z,Gujarat,2005-02-26T00:00:00Z,Yes,Gauhati,Not Applicable,Not Applicable,No,Not Applicable,Bar,No,Yes,No,Not Applicable,Yes,No,No,No,No,Indore Christian College,Not Available,Not Available,Not Available,1971,1971,Madhya Pradesh,No,Yes,No
Ravikumar Tripathi,Male,1953-05-06T00:00:00Z,Not Available,Not Available,1999-09-17T00:00:00Z,2015-05-06T00:00:00Z,No,No,Gujarat,No,Not Applicable,Not Applicable,Not Applicable,Not Applicable,Not Applicable,Not Applicable,No,Not Applicable,Not Applicable,Not Applicable,No,Not Applicable,Bar,No,Yes,No,Not Applicable,Yes,No,No,No,No,Not Available,Not Available,Not Available,Not Available,Not Available,1978,Gujarat,No,Yes,Yes
Rekha Manharlal Doshit,Female,1952-12-13T00:00:00Z,Gujarat,Rajkot,1995-09-18T00:00:00Z,2014-12-12T00:00:00Z,No,No,Gujarat,No,Not Applicable,Not Applicable,Not Applicable,Not Applicable,Not Applicable,Not Applicable,Yes,Patna,Not Applicable,Not Applicable,No,Not Applicable,Bar,No,Yes,No,Not Applicable,Yes,No,No,No,No,Not Available,Bombay University,Science,"Sir L. A. Shah Law College, Ahmedabad",1976,1977,Gujarat,No,No,No
Sonia Gokani,Female,1961-02-26T00:00:00Z,Gujarat,Jamnagar,2011-02-17T00:00:00Z,2023-02-25T00:00:00Z,No,No,Gujarat,No,Not Applicable,Not Applicable,Not Applicable,Not Applicable,Not Applicable,Not Applicable,No,Not Applicable,Not Applicable,Not Applicable,No,Not Applicable,Service,Yes,Yes,No,Yes,No,No,No,No,No,Not Available,Not Available,Science,Not Available,Not Available,Not Available,Gujarat,No,No,Yes
S. G. Shah,Male,1957-02-02T00:00:00Z,Gujarat,Mehsana,2012-11-12T00:00:00Z,2019-02-01T00:00:00Z,No,No,Gujarat,No,Not Applicable,Not Applicable,Not Applicable,Not Applicable,Not Applicable,Not Applicable,No,Not Applicable,Not Applicable,Not Applicable,No,Not Applicable,Service,Yes,Yes,No,Yes,No,No,No,No,No,Not Available,Not Available,Microbiology and Chemistry,Not Available,1981,1981,Gujarat,No,No,Yes
S. H. Vora,Male,1961-05-30T00:00:00Z,Gujarat,Bhuj-Kachchh,2012-11-12T00:00:00Z,2023-05-29T00:00:00Z,No,No,Gujarat,No,Not Applicable,Not Applicable,Not Applicable,Not Applicable,Not Applicable,Not Applicable,No,Not Applicable,Not Applicable,Not Applicable,No,Not Applicable,Service,Yes,Yes,No,Yes,No,No,No,No,Yes,Not Available,Not Available,Commerce,Not Available,Not Available,1987,Gujarat,No,No,No
Sudhanshu Jyoti Mukhopadhaya,Male,1950-03-15T00:00:00Z,Not Available,Not Available,1994-11-08T00:00:00Z,2015-03-14T00:00:00Z,No,No,Patna,Yes,Jharkhand,2000-11-15T00:00:00Z,Madras,2006-08-31T00:00:00Z,Not Applicable,Not Applicable,Yes,Gujarat,Not Applicable,Not Applicable,Yes,2011-09-13T00:00:00Z,Bar,No,Yes,Yes,Not Applicable,No,No,No,No,No,Not Available,Magadh University,Science,Patna University,1979,1979,Bihar,No,No,No
Saiyed Khairuddin,Male,1956-04-13T00:00:00Z,Not Available,Not Available,2007-11-21T00:00:00Z,2018-04-12T00:00:00Z,No,No,Gujarat,No,Not Applicable,Not Applicable,Not Applicable,Not Applicable,Not Applicable,Not Applicable,No,Not Applicable,Not Applicable,Not Applicable,No,Not Applicable,Service,Yes,Yes,No,No,Yes,No,No,No,No,Not Available,Not Available,Arts,Not Available,Not Available,Not Available,Gujarat,No,No,No
Sangeeta K. Vishen,Female,1969-12-30T00:00:00Z,Gujarat,Mahudha,2019-03-05T00:00:00Z,2031-12-29T00:00:00Z,No,No,Gujarat,No,Not Applicable,Not Applicable,Not Applicable,Not Applicable,Not Applicable,Not Applicable,No,Not Applicable,Not Applicable,Not Applicable,No,Not Applicable,Bar,No,Yes,No,Not Applicable,Yes,No,No,No,No,"Firdaus Amrut School, Ahmedabad","Gujarat University, Ahmedabad",Commerce,"Gujarat University, Ahmedabad",1994,1994,Gujarat,No,No,No
Shailesh Ramanlal Brahmbhatt,Male,1958-02-21T00:00:00Z,Gujarat,Amreli,2004-10-08T00:00:00Z,2020-02-20T00:00:00Z,No,No,Gujarat,No,Not Applicable,Not Applicable,Not Applicable,Not Applicable,Not Applicable,Not Applicable,No,Not Applicable,Not Applicable,Not Applicable,No,Not Applicable,Bar,No,Yes,No,Not Applicable,No,No,No,No,No,St. Xaviers' High School,"Government Art and Commerce College, Gandhingar",Not Available,Sir L.A. Shah Law College & M.N. Law College.,Not Available,1984,Gujarat,No,No,No
Sharad Sudhalkar,Male,1939-11-22T00:00:00Z,Not Available,Not Available,1994-10-12T00:00:00Z,2001-11-22T00:00:00Z,No,No,Gujarat,Yes,Punjab and Haryana,1994-11-01T00:00:00Z,Not Applicable,Not Applicable,Not Applicable,Not Applicable,No,Not Applicable,Not Applicable,Not Applicable,No,Not Applicable,Service,Yes,Yes,No,Yes,No,No,No,No,No,Not Available,Not Available,Not Available,Not Available,Not Available,1962,Gujarat,No,No,No
Sharadkumar Dave,Male,1948-01-15T00:00:00Z,Not Available,Not Available,2001-03-30T00:00:00Z,2010-01-15T00:00:00Z,No,No,Gujarat,No,Not Applicable,Not Applicable,Not Applicable,Not Applicable,Not Applicable,Not Applicable,No,Not Applicable,Not Applicable,Not Applicable,No,Not Applicable,Service,Yes,Yes,No,No,No,No,No,No,No,Not Available,"M. S. University, Vadodara",Arts,"Sir L. A. Shah Law College, Ahmedabad",Not Available,1973,Gujarat,No,No,Yes
Shiv Kishor Keshote,Male,1944-01-01T00:00:00Z,Not Available,Not Available,1994-01-31T00:00:00Z,2006-01-31T00:00:00Z,No,No,Rajasthan,Yes,Gujarat,1994-12-13T00:00:00Z,Rajasthan,2001-05-27T00:00:00Z,Not Applicable,Not Applicable,No,Not Applicable,Not Applicable,Not Applicable,No,Not Applicable,Bar,No,Yes,No,Not Applicable,No,No,No,No,No,Not Available,Not Available,Not Available,Not Available,Not Available,1968,Rajasthan,No,No,No
Sugnya Bhatt,Female,1941-04-25T00:00:00Z,Not Available,Not Available,1994-10-17T00:00:00Z,1995-01-02T00:00:00Z,No,No,Gujarat,Yes,Kerala,1994-11-04T00:00:00Z,Not Applicable,Not Applicable,Not Applicable,Not Applicable,No,Not Applicable,Not Applicable,Not Applicable,No,Not Applicable,Service,Yes,Yes,No,No,No,No,No,No,No,Not Available,Not Available,Not Available,Not Available,Not Available,1968,Gujarat,No,No,No
Suman Dattaram Pandit,Male,1936-10-06T00:00:00Z,Not Available,Not Available,1994-04-20T00:00:00Z,1998-09-02T00:00:00Z,No,Yes,Bombay,Yes,Delhi,1994-11-01T00:00:00Z,Gujarat,1996-04-20T00:00:00Z,Not Applicable,Not Applicable,No,Not Applicable,Not Applicable,Not Applicable,No,Not Applicable,Service,Yes,Yes,No,No,No,No,No,No,No,Not Available,Not Available,Not Available,Not Available,Not Available,1962,Maharashtra,No,No,No
Umesh Amritlal Trivedi,Male,1963-10-07T00:00:00Z,Gujarat,Vadodara,2018-10-22T00:00:00Z,2025-10-06T00:00:00Z,No,No,Gujarat,No,Not Applicable,Not Applicable,Not Applicable,Not Applicable,Not Applicable,Not Applicable,No,Not Applicable,Not Applicable,Not Applicable,No,Not Applicable,Bar,No,Yes,No,Not Applicable,Yes,No,No,No,No,Not Available,"M.N.College, Visnagar",Not Available,Navgujarat Law College,1988,1988,Gujarat,No,No,No
Vijay Manohar Sahai,Male,1953-08-13T00:00:00Z,Not Available,Not Available,1999-02-05T00:00:00Z,2015-08-12T00:00:00Z,No,No,Allahabad,Yes,Gujarat,2010-10-28T00:00:00Z,Not Applicable,Not Applicable,Not Applicable,Not Applicable,No,Not Applicable,Not Applicable,Not Applicable,No,Not Applicable,Bar,No,Yes,No,Not Applicable,No,No,No,No,Yes,Not Available,Not Available,Not Available,University of Allahabad,1975,1976,Uttar Pradesh,No,No,No
V. P. Patel,Male,1958-06-01T00:00:00Z,Gujarat,Asjol,2019-01-16T00:00:00Z,2020-05-31T00:00:00Z,No,No,Gujarat,No,Not Applicable,Not Applicable,Not Applicable,Not Applicable,Not Applicable,Not Applicable,No,Not Applicable,Not Applicable,Not Applicable,No,Not Applicable,Service,Yes,Yes,No,Yes,Yes,No,No,No,No,Not Available,Not Available,Biochemistry,Not Available,Not Available,1987,Gujarat,No,Yes,Yes
Vaibhavi Nanavati,Female,1970-11-15T00:00:00Z,Gujarat,Surat,2020-10-04T00:00:00Z,2032-11-14T00:00:00Z,No,No,Gujarat,No,Not Applicable,Not Applicable,Not Applicable,Not Applicable,Not Applicable,Not Applicable,No,Not Applicable,Not Applicable,Not Applicable,No,Not Applicable,Bar,No,Yes,No,Not Applicable,Yes,No,Yes,No,No,Not Available,"St. Xaviers College, Ahmedabad",Arts,"Sir L.A. Shah Law College, Ahmedabad",1995,1995,Gujarat,No,No,No
Vikram Nath,Male,1962-09-24T00:00:00Z,Uttar Pradesh,Kaushambi,2004-09-24T00:00:00Z,2024-09-23T00:00:00Z,No,No,Allahabad,Yes,Gujarat,2019-09-10T00:00:00Z,Not Applicable,Not Applicable,Not Applicable,Not Applicable,Yes,Gujarat,Not Applicable,Not Applicable,No,Not Applicable,Bar,No,Yes,No,Not Applicable,No,No,No,No,No,Not Available,Not Available,Science,Not Available,1986,1987,Uttar Pradesh,No,No,No
Vineet Kothari,Male,1959-09-02T00:00:00Z,Rajasthan,Jodhpur,2005-06-13T00:00:00Z,2021-11-01T00:00:00Z,No,No,Rajasthan,Yes,Karnataka,2016-04-18T00:00:00Z,Madras,2018-09-23T00:00:00Z,Gujarat,2021-01-04T00:00:00Z,No,Not Applicable,Not Applicable,Not Applicable,No,Not Applicable,Bar,No,Yes,No,Not Applicable,Yes,No,No,No,No,Not Available,Not Available,Commerce,Not Available,1981,1984,Rajasthan,No,No,Yes
Vipul Pancholi,Male,1968-05-28T00:00:00Z,Gujarat,Ahmedabad,2014-10-01T00:00:00Z,2030-05-27T00:00:00Z,No,No,Gujarat,No,Not Applicable,Not Applicable,Not Applicable,Not Applicable,Not Applicable,Not Applicable,No,Not Applicable,Not Applicable,Not Applicable,No,Not Applicable,Bar,No,Yes,No,Not Applicable,Yes,No,No,No,No,Not Available,"St. Xaviers' College, Ahmedabad",Science,"Sir L.A. Shah Law College, Ahmedabad",Not Available,1991,Gujarat,No,No,Yes
Vireshkumar Mayani,Male,1958-06-01T00:00:00Z,Gujarat,Dhari,2018-10-22T00:00:00Z,2020-05-31T00:00:00Z,No,No,Gujarat,No,Not Applicable,Not Applicable,Not Applicable,Not Applicable,Not Applicable,Not Applicable,No,Not Applicable,Not Applicable,Not Applicable,No,Not Applicable,Service,Yes,Yes,No,Yes,No,No,No,No,Yes,Not Available,"H. A. College of Commerce, Ahmedabad",Commerce,"Sir L.A. Shah Law College, Ahmedabad",Not Available,1984,Gujarat,No,No,No
