Name of the Judge,Gender,Religion,Caste,Date of Birth,State of Birth,Place of Birth,Date of Appointment,Date of Retirement,If Died in Office,If resigned from office,Parent High Court,If transferred to any other High Court,"If yes, which High Court 1",Date of such transfer - 1,"If yes, which High Court 2",Date of such transfer – 2,"If yes, which High Court 3",Date of such transfer - 3,If appointed Chief Justice in another High Court,"If yes, which High Court – 1","If yes, which High Court – 2","If yes, which High Court – 3",If appointed to the Supreme Court,Date of appointment to the Supreme Court,Cadre,Experience in Subordinate Judiciary,Litigation Experience,If a Senior Advocate,Experience in High Court Administrative Post,If served as Government Counsel,If served as Advocate General,If empanelled by PSUs,If empanelled by Banks,If empanelled by any Statutory Body,If empanelled by Private Companies,Chamber Details,Schooling Information,Graduation Institution,Graduation Specialization,Law Degree Institution,Law Degree Year,Bar Enrolment Year,State Bar Association where enrolled,Foreign Degree in Law,Post-Graduate in another subject,Post-Graduate in Law
Vikram Nath,Male,Hindu,OBC,24-Sep-1962,Uttar Pradesh,Kaushambi,24-Sep-2004,23-Sep-2024,No,No,Allahabad High Court,Yes,Gujarat High Court,10-Sep-2019,,,,,Yes,High Court of Gujarat,,,No,,Bar,No,Yes,No,NA,No,No,No,No,No,No,No,NA,NA,BSc,NA,1986,1987,Uttar Pradesh,No,No,No
Vineet Kothari,Male,Jain,,2-Sep-1959,Rajasthan,Jodhpur,13-Jun-2005,1-Nov-2021,No,No,Rajasthan High Court,Yes,Karnataka High Court,18-Apr-2016,Madras High Court,23-Sep-2018,Gujarat High Court,4-Jan-2021,No,,,,No,,Bar,No,Yes,No,NA,No,No,No,No,Yes,No,No,NA,NA,BCom,NA,1981,1984,Rajasthan,No,No,Yes
R. M. Chhaya,Male,Hindu,,12-Jan-1961,Gujarat,Veraval,17-Feb-2011,11-Jan-2023,No,No,Gujarat High Court,No,,,,,,,No,,,,No,,Bar,No,Yes,Yes,NA,Yes,No,No,No,Yes,No,Yes,NA,"M.S. University, Vadodara",BCom,"Sir L.A. Shah Law College, Ahmedabad",1984,1984,Gujarat,No,No,No
J. B. Pardiwala,Male,Hindu,,12-Aug-1965,Maharashtra,Mumbai,17-Feb-2011,11-Aug-2027,No,No,Gujarat High Court,No,,,,,,,No,,,,No,,Bar,No,Yes,No,NA,No,No,No,No,No,No,No,NA,"J.P. Arts College, Valsad",NA,"K.M.Law College, Valsad",1988,1988,Gujarat,No,No,No
B.M. Trivedi,Female,Hindu,General,10-Jun-1960,NA,NA,17-Feb-2011,9-Jun-2022,No,No,Gujarat High Court,Yes,Rajasthan high court,27-Jun-2011,Gujarat High Court,9-Feb-2016,,,No,,,,No,,Service,Yes,No,NA,No,NA,No,No,No,No,No,No,NA,NA,NA,NA,,,NA,No,No,No
S. G. Gokani,Female,Hindu,,26-Feb-1961,Gujarat,Jamnagar,17-Feb-2011,25-Feb-2023,No,No,Gujarat High Court,No,,,,,,,No,,,,No,,Service,Yes,Yes,NA,Yes,No,No,No,No,No,No,No,NA,NA,BSc,NA,,,Gujarat,No,No,Yes
A. J. Desai,Male,Hindu,,5-Jul-1962,Gujarat,Vadodara,21-Nov-2011,4-Jul-2024,No,No,Gujarat High Court,No,,,,,,,No,,,,No,,Bar,No,Yes,No,NA,Yes,No,Yes,No,Yes,No,Yes,NA,"St. Xaviers' College, Ahmedabad",BA,"Sir L.A. Shah Law College, Ahmedabad",1985,1985,Gujarat,No,No,No
N. V. Anjaria,Male,Hindu,,23-Mar-1965,Gujarat,Ahmedabad,21-Nov-2011,22-Mar-2027,No,No,Gujarat High Court,No,,,,,,,No,,,,No,,Bar,No,Yes,No,NA,Yes,No,No,No,No,No,Yes,NA,"H.L.College of Commerce, Ahmedabad",BCom,"Sir L.A. Shah Law College, Ahmedabad",1988,1988,Gujarat,No,No,Yes
Paresh Upadhyay,Male,Jain,General,14-Dec-1960,NA,NA,21-Nov-2011,13-Dec-2022,No,No,Gujarat High Court,No,,,,,,,No,,,,No,,Bar,No,Yes,No,NA,No,No,No,No,No,No,Yes,NA,NA,BCom,NA,1996,1996,NA,No,No,No
S. H. Vora,Male,Hindu,,30-May-1961,Gujarat,Bhuj-Kachchh,12-Nov-2012,29-May-2023,No,No,Gujarat High Court,No,,,,,,,No,,,,No,,Service,Yes,Yes,NA,Yes,No,No,No,No,No,No,Yes,NA,NA,BCom,NA,,1987,Gujarat,No,No,No
A. G. Uraizee,Male,Hindu,,23-Apr-1960,Gujarat,Ahmedabad,4-May-2013,22-Apr-2022,No,No,Gujarat High Court,No,,,,,,,No,,,,No,,Service,Yes,Yes,NA,Yes,Yes,No,No,No,No,No,No,NA,Gujarat University,BCom,"M.S. University, Vadodara",1983,1983,Gujarat,No,No,No
Vipul M. Pancholi,Male,Hindu,,28-May-1968,Gujarat,Ahmedabad,1-Oct-2014,27-May-2030,No,No,Gujarat High Court,No,,,,,,,No,,,,No,,Bar,No,Yes,No,NA,Yes,No,No,No,No,No,No,NA,"St. Xaviers' College, Ahmedabad",BSc,"Sir L.A. Shah Law College, Ahmedabad",,1991,Gujarat,No,No,Yes
Ashutosh J. Shastri,Male,Hindu,General,14-Jan-1962,NA,NA,6-Apr-2016,13-Jan-2024,No,No,Gujarat High Court,No,,,,,,,No,,,,No,,Bar,No,Yes,No,NA,Yes,No,No,No,No,No,Yes,NA,"H. A. College of Commerce, Ahmedabad.",BCom,"Sir L.A. Shah Law College, Ahmedabad",,1985,Gujarat,No,No,No
Biren A. Vaishnav,Male,Hindu,,22-May-1963,New Delhi,New Delhi,6-Apr-2016,21-May-2025,No,No,Gujarat High Court,No,,,,,,,No,,,,No,,Bar,No,Yes,No,NA,Yes,No,No,No,Yes,No,Yes,NA,"St. Xavier's College, Ahmedabad",BA,Sir L.A.Shah College,,1987,Gujarat,No,No,No
Alpesh Y. Kogje,Male,Hindu,,16-Jul-1969,NA,NA,6-Apr-2016,15-Jul-2031,No,No,Gujarat High Court,No,,,,,,,No,,,,No,,Bar,No,Yes,No,NA,Yes,No,No,No,No,No,No,NA,NA,BSc,NA,1993,1993,Gujarat,No,No,No
A. S. Supehia,Male,Hindu,,31-Aug-1969,NA,NA,6-Apr-2016,30-Aug-2031,No,No,Gujarat High Court,No,,,,,,,No,,,,No,,Bar,No,Yes,No,NA,No,No,No,No,Yes,No,No,NA,NA,BA,NA,,1995,Gujarat,No,No,Yes
B.N. Karia,Male,Hindu,,26-May-1960,Gujarat,Morbi,6-Apr-2016,25-May-2022,No,No,Gujarat High Court,No,,,,,,,No,,,,No,,Service,Yes,Yes,NA,Yes,Yes,No,No,No,No,No,Yes,NA,NA,BA,"AMP Law College, Rajkot",1984,1984,Gujarat,No,No,No
Umesh Amritlal Trivedi,Male,Hindu,General,7-Oct-1963,Gujarat,Vadodara,22-Oct-2018,6-Oct-2025,No,No,Gujarat High Court,No,,,,,,,No,,,,No,,Bar,No,Yes,No,NA,Yes,No,No,No,No,No,No,NA,"M.N.College, Visnagar",Science,Navgujarat Law College,1988,1988,Gujarat,No,No,No
A. C. Rao,Male,Hindu,,1-Jul-1959,NA,NA,22-Oct-2018,30-Jun-2021,No,No,Gujarat High Court,No,,,,,,,No,,,,No,,Service,Yes,No,NA,No,NA,No,No,No,No,No,No,NA,NA,NA,NA,,,NA,No,No,No
A. P. Thaker,Male,Hindu,,27-Dec-1960,Gujarat,Junagadh,22-Oct-2018,26-Dec-2022,No,No,Gujarat High Court,No,,,,,,,No,,,,No,,Service,Yes,No,NA,Yes,NA,No,No,No,No,No,No,NA,Saurashtra University,BCom ,Saurashtra University,1984,,NA,No,No,Yes
Bhargav D. Karia,Male,Hindu,,23-Dec-1965,NA,NA,5-Mar-2019,22-Dec-2027,No,No,Gujarat High Court,No,,,,,,,No,,,,No,,Bar,No,Yes,No,NA,No,No,No,No,No,No,Yes,NA,"H. L Commerce College , and L. J. Commerce College Ahmedabad",BCom,"Gujarat University, Ahmedabad",1993,1993,Gujarat,No,No,No
Sangeeta K. Vishen,Female,Hindu,,30-Dec-1969,Gujarat,Mahudha,5-Mar-2019,29-Dec-2031,No,No,Gujarat High Court,No,,,,,,,No,,,,No,,Bar,No,Yes,No,NA,Yes,No,No,No,No,No,No,"Firdaus Amrut School, Ahmedabad","Gujarat University, Ahmedabad",BCom,"Gujarat University, Ahmedabad",1994,1994,Gujarat,No,No,No
Ilesh Jashvantrai Vora,Male,Hindu,,18-Aug-1965,Gujarat,Jamnagar,3-Mar-2020,17-Aug-2027,No,No,Gujarat High Court,No,,,,,,,No,,,,No,,Service,Yes,Yes,NA,No,No,No,No,No,No,No,Yes,NA,Saurashtra University,BCom,Saurashtra University,,,Gujarat,No,No,Yes
Gita Gopi,Female,Hindu,,24-Mar-1966,Gujarat,Navsari,3-Mar-2020,23-Mar-2028,No,No,Gujarat High Court,No,,,,,,,No,,,,No,,Service,Yes,Yes,NA,Yes,No,No,No,No,No,No,Yes,NA,"Sir K.P. College of Commerce, Surat",BCom,"Dinshaw Daboo Law College, Navsari.",,1993,Gujarat,No,No,Yes
Ashokkumar C. Joshi,Male,Hindu,,24-Jan-1961,Gujarat,Amreli,3-Mar-2020,23-Jan-2023,No,No,Gujarat High Court,No,,,,,,,No,,,,No,,Service,Yes,Yes,NA,No,No,No,No,No,No,No,Yes,NA,"Gujarat University, Ahmedabad",BSc,"M. S. University, Baroda",1985,1986,Gujarat,No,No,Yes
Rajendra M. Sareen,Male,Hindu,,23-Mar-1962,Gujarat,Valsad,3-Mar-2020,22-Feb-2024,No,No,Gujarat High Court,No,,,,,,,No,,,,No,,Service,Yes,Yes,NA,No,No,No,No,No,No,No,Yes,NA,"N.H.Shah Commerce College, Valsad",BCom,"K.M. Shah Law College, Valsad",1986,1986,Gujarat,No,No,No
Vaibhavi D. Nanavati,Female,Hindu,,15-Nov-1970,Gujarat,Surat,4-Oct-2020,14-Nov-2032,No,No,Gujarat High Court,No,,,,,,,No,,,,No,,Bar,No,Yes,No,NA,Yes,No,No,Yes,Yes,No,No,NA,"St. Xaviers College, Ahmedabad",BA,"Sir L.A. Shah Law College, Ahmedabad",1995,1995,Gujarat,No,No,No
Nirzar S. Desai,Male,Hindu,General,15-Jun-1973,Gujarat,Bhavnagar,4-Oct-2020,14-Jun-2035,No,No,Gujarat High Court,No,,,,,,,No,,,,No,,Bar,No,Yes,No,NA,Yes,No,No,No,No,No,No,NA,NA,Bsc,Sir L.A. Shah College,,1998,Gujarat,No,No,No
Nikhil S. Kariel,Male,Hindu,,9-May-1974,Gujarat,Rajkot,4-Oct-2020,9-May-2036,No,No,Gujarat High Court,No,,,,,,,No,,,,No,,Bar,No,Yes,No,NA,No,No,No,No,No,No,Yes,NA,"V.B. College of law, Udupi",Law,"V.B. College of law, Udupi",,1998,Gujarat,No,No,No
R. P. Dholaria,Male,Hindu,,1-Jun-1959,Gujarat,Piparia,4-May-2013,31-May-2021,No,No,Gujarat High Court,No,,,,,,,No,,,,No,,Service,Yes,Yes,NA,Yes,No,No,No,No,No,No,Yes,"Swaminarayan Gurukul, Rajkot","Sardar Patel University, Vallabh Vidyanagar",BCom,"Sardar Patel University, Vallabh Vidyanagar",,1984,Gujarat,No,No,Yes
,,,,,,,,,,,,,,,,,,,,,,,,,,,,,,,,,,,,,,,,,,,,,,
Nainar Sundaram,Male,Hindu,,3-Aug-1932,Tamil Nadu,Tirunelveli,4-Jan-1978,13-Dec-1993,No,No,Madras High Court,Yes,Gujarat High Court,15-Jun-1992,,,,,Yes,Gujarat High Court,,,No,,Bar,No,Yes,No,NA,Yes,No,No,No,No,No,Yes,"Board High School, Udamatpet, Anderson High School, Kancheepuram and P. S. High School, Mylapore, Madras.","Loyela College, Madras",BCom,"Law College, Madras",,1955,Tamil Nadu,No,No,No
Deepak Kantilal Trivedi,Male,Hindu,General,4-Mar-1943,Gujarat,Rajkot,17-Jan-1994,3-Mar-2005,No,No,Gujarat High Court,Yes,Bombay High Court,4-Feb-1994,Gujarat High Court,11-Sep-2001,,,No,,,,No,,Bar,No,Yes,No,NA,Yes,No,No,No,No,No,Yes,NA,H. K. Arts College,BA,Sir L.A. Shah College,,1973,Gujarat,No,No,No
Rameshchandra Dhaneshwarbhai Vyas,Male,Hindu,,6-Apr-1939,NA,NA,22-Nov-1990,6-Apr-2001,No,No,Gujarat High Court,Yes,Madhya Pradesh High Court,28-Apr-1994,,,,,No,,,,No,,Bar,No,Yes,No,NA,No,No,No,No,Yes,No,No,NA,NA,NA,NA,,1968,Gujarat,No,No,No
Behram Jahanbux Shethna,Male,Hindu,,14-Jul-1947,NA,NA,22-Nov-1990,14-Apr-2007,No,No,Gujarat High Court,Yes,Rajasthan High Court,28-Oct-1994,Gujarat High Court,4-Jun-2001,,,No,,,,No,,Bar,No,Yes,No,NA,No,No,No,No,No,No,No,NA,NA,NA,"Sir V. T. Chokshi Law College, Surat",1970,1970,Gujarat,No,No,No
Vinubhai Hirabhai Bhairavia,Male,Hindu,,17-Sep-1936,NA,NA,14-Mar-1989,17-Sep-1998,No,No,Gujarat High Court,Yes,Bombay High Court,24-Jun-1994,,,,,No,,,,No,,Bar,No,Yes,No,NA,Yes,No,No,No,No,No,No,NA,NA,NA,NA,,1968,Gujarat,No,No,No
Krishnavadan Gordhandas Shah,Male,Hindu,,9-Apr-1935,Gujarat,Bhadarwa,21-Jun-1990,9-Apr-1997,No,No,Gujarat High Court,Yes,Allahabad High Court,4-Jul-1994,Bombay High Court,9-Apr-1997,,,No,,,,No,,Service,Yes,Yes,NA,No,No,No,No,No,No,No,No,Umreth Jubilee Institution,"M.G. Science College, Ahmedabad",BSc,NA,1958,1960,Gujarat,No,No,No
Bansilal Shivlal Kapadia,Male,Hindu,,22-Sep-1932,NA,NA,5-Sep-1983,22-Sep-1994,No,No,Gujarat High Court,No,,,,,,,No,,,,No,,Service,Yes,Yes,NA,No,No,No,No,No,No,No,No,NA,NA,NA,NA,,, Gujarat and Bombay,No,No,No
Nikhilchandra Gulabshankar Nandi,Male,Hindu,,21-Mar-1942,Gujarat,Baroda,12-Oct-1994,20-Mar-2004,No,No,Gujarat High Court,Yes,Delhi High Court,1-Nov-1994,Gujarat High Court,4-Jun-2001,,,No,,,,No,,Service,Yes,Yes,NA,Yes,No,No,No,No,No,No,No,NA,NA,NA,"M. S. University, Baroda",1966,1967,Gujarat,No,No,No
Sharad Sakharam Sudhalkar,Male,Hindu,,22-Nov-1939,NA,NA,12-Oct-1994,22-Nov-2001,No,No,Gujarat High Court,Yes,Punjab and Haryana High Court,1-Nov-1994,,,,,No,,,,No,,Service,Yes,Yes,NA,Yes,No,No,No,No,No,No,No,NA,NA,NA,NA,,1962,Gujarat,No,No,No
Susantha Chatterjee,Male,Hindu,General,2-Apr-1937,NA,NA,17-Jan-1986,1-Apr-1999,No,No,Calcutta High Court,Yes,Gujarat High Court,28-Apr-1994,Orissa High Court,22-Dec-1994,,,No,,,,No,,Bar,No,Yes,No,NA,No,No,No,No,No,No,No,NA,NA,NA,NA,,1961,West Bengal,No,No,No
Sugnya Kamalashanker Bhatt,Female,Hindu,General,25-Apr-1941,NA,NA,12-Oct-1994,2-Jan-1995,No,No,Gujarat High Court,Yes,Kerala High Court,4-Nov-1994,,,,,No,,,,No,,Service,Yes,Yes,NA,No,No,No,No,No,No,No,No,NA,NA,NA,NA,,1968,Gujarat,No,No,No
Chinuprasad Vaikunthram Jani,Male,Hindu,,4-Jan-1933,NA,NA,21-Jun-1990,4-Jan-1995,No,No,Gujarat High Court,No,,,,,,,No,,,,No,,Bar,No,Yes,No,NA,No,No,No,No,No,No,No,NA,NA,NA,NA,,,Gujarat,No,No,No
Amratlal Paramananddas Ravani,Male,Hindu,,26-Sep-1934,NA,NA,26-May-1982,11-Sep-1996,No,No,Gujarat High Court,Yes,Rajasthan High Court ,25-Feb-1995,,,,,Yes,Rajasthan High Court,,,No,,Bar,No,Yes,No,NA,Yes,No,No,No,No,No,No,NA,NA,NA,NA,,,Gujarat,No,No,No
Dawwodi Hashimbhai Nasir,Male,Muslim,,2-Jan-1936,NA,NA,23-Jan-1995,2-Jan-1998,No,No,Gujarat High Court,Yes,Andhra Pradesh High Court,23-Mar-1995,,,,,No,,,,No,,Service,Yes,Yes,NA,No,Yes,No,No,No,No,No,No,NA,NA,NA,NA,,,Gujarat,No,No,No
Manharlal Bhikhalal Shah,Male,Hindu,,25-Sep-1938,NA,NA,28-Jan-1983,24-Sep-2003,No,No,Gujarat High Court,No,,,,,,,Yes,Bombay High Court,,,Yes,9-Dec-1998,Bar,No,Yes,No,NA,Yes,No,No,No,No,No,No,NA,NA,NA,NA,,,Gujarat,No,No,No
Bhupinder Nath Kirpal,Male,Hindu,,8-Nov-1937,NA,NA,20-Nov-1979,8-Nov-2002,No,No,Delhi High Court,No,,,,,,,Yes,Gujarat High Court,,,Yes,11-Sep-1995,Bar,No,Yes,No,NA,Yes,No,No,No,No,No,No,"The Modern School, New Delhi","St Stephens College, Delhi University",BA,NA,,,Delhi,No,No,No
Gurudas Datta Kamat,Male,Hindu,,5-Jan-1935,NA,NA,29-Nov-1983,5-Jan-1997,No,No,Bombay High Court,No,,,,,,,Yes,Gujarat High Court,,,No,,Bar,No,Yes,No,NA,Yes,No,No,No,No,No,No,NA,NA,BA,NA,1960,1962,Maharashtra,No,No,No
Kailashchandra Jamiatary Vaidya,Male,Hindu,,29-Jul-1935,NA,NA,14-Mar-1989,3-Mar-1997,No,Yes,Gujarat High Court,No,,,,,,,No,,,,No,,Bar,No,Yes,No,NA,No,No,No,No,No,No,No,NA,NA,NA,NA,,1962,Gujarat,No,No,No
Ramanlal Rajmal Jain,Male,Jain,,26-Jan-1948,NA,NA,18-Sep-1995,17-Nov-1997,No,No,Gujarat High Court,Yes,Madras High Court,11-Jul-1996,,,,,No,,,,No,,Service,Yes,Yes,NA,Yes,No,No,No,No,No,No,No,NA,NA,NA,NA,,1973,Gujarat,No,No,No
Niranjan Janmashankar Pandya,Male,Hindu,,6-Aug-1938,NA,NA,21-Jun-1990,6-Jun-2000,No,No,Gujarat High Court,Yes,Bombay High Court,23-Oct-1997,,,,,No,,,,No,,Service,Yes,Yes,NA,No,No,No,No,No,No,No,No,NA,NA,NA,NA,,1962,Gujarat,No,No,No
Sharad Damodar Shah,Male,Hindu,,10-Dec-1943,NA,NA,22-Nov-1990,26-Nov-1997,Yes,No,Gujarat High Court,No,,,,,,,No,,,,No,,Bar,No,Yes,No,NA,Yes,No,No,No,No,No,No,NA,NA,NA,NA,,1968,Gujarat,No,No,No
Dhiren Govindji Karia,Male,Hindu,,28-Nov-1945,NA,NA,22-Nov-1990,28-Nov-1997,No,No,Gujarat High Court,No,,,,,,,No,,,,No,,Bar,Yes,Yes,No,No,No,No,No,No,No,No,No,NA,NA,NA,NA,,1964,Gujarat,No,No,No
Ramesh Amritlal Mehta,Male,Hindu,,4-May-1936,NA,NA,5-Nov-1983,4-May-1998,No,No,Gujarat High Court,No,,,,,,,No,,,,No,,Bar,No,Yes,No,No,Yes,No,No,No,No,No,No,NA,NA,NA,NA,,1962,Gujarat,No,No,No
Kumaran Sreedharan,Male,Hindu,,4-Jun-1936,NA,NA,10-Sep-1985,4-Jun-1998,No,No,Kerala High Court,Yes,Gujarat High Court,20-Oct-1997,,,,,Yes,Punjab and Haryana High Court,,,No,,Service,Yes,Yes,NA,No,No,No,No,No,No,No,No,NA,NA,NA,NA,,1959,Kerala,No,No,No
Konakuppakattil Gopinathan Balakrishnan,Male,Hindu,Dalit,12-May-1945,Kerala,Thalayolaparambu,26-Sep-1985,12-May-2010,No,No,Kerala High Court,Yes,Gujarat High Court,24-Nov-1997,,,,,Yes,Gujarat High Court,Madras High Court,,Yes,8-Jun-2000,Service,Yes,Yes,NA,Yes,No,No,No,No,No,No,No,NA,Maharaja's College,BSc,Maharaja's Law College,,1968,Kerala,No,No,Yes
Suman Dattaram Pandit,Male,Hindu,,6-Oct-1936,NA,NA,6-Oct-1994,2-Sep-1998,No,Yes,Bombay High Court,Yes,Delhi High Court,1-Nov-1994,Gujarat High Court,20-Apr-1996,,,No,,,,No,,Service,Yes,Yes,NA,No,No,No,No,No,No,No,No,NA,NA,NA,NA,,1962,Maharashtra,No,No,No
Suresh Manibhai Soni,Male,Hindu,,9-Dec-1936,NA,NA,18-Jul-1990,25-Nov-1998,No,No,Gujarat High Court,No,,,,,,,No,,,,No,,Service,Yes,Yes,NA,No,No,No,No,No,No,No,No,NA,NA,NA,NA,,1962,Gujarat,No,No,No
Akbar Nanjibhai Divecha,Male,Hindu,,20-May-1935,NA,NA,22-Nov-1990,20-May-1997,No,No,Gujarat High Court,No,,,,,,,No,,,,No,,Service,Yes,Yes,NA,No,No,No,No,No,No,No,No,NA,NA,NA,NA,,1970,Gujarat,No,No,No
Hemant Laxman Gokhale,Male,Hindu,,10-Mar-1949,Gujarat,NA,20-Jan-1994,20-Mar-2011,No,No,Bombay High Court,Yes,Gujarat High Court,4-Feb-1994,Bombay High Court,24-Feb-1999,,,Yes,Allahabad High Court,Madras High Court,,Yes,30-Apr-2010,Bar,No,Yes,No,NA,Yes,No,No,No,No,No,No,NA,University of Bombay,BA,"Government Law College, Bombay",,1973,Maharashtra,No,Yes,Yes
Narendra Narain Mathur,Male,Hindu,,20-Feb-1945,NA,NA,31-Jan-1994,20-Feb-2007,No,No,Rajasthan High Court,Yes,Gujarat High Court,15-Feb-1994,Rajasthan High Court,24-Feb-1999,,,No,,,,No,,Bar,No,Yes,Yes,NA,No,No,No,No,No,No,No,NA,NA,NA,NA,,1970,Rajasthan,No,No,No
Suhrud Deoprasad Dave,Male,Hindu,,1-Oct-1937,NA,NA,21-Jul-1990,1-Oct-1999,No,No,Gujarat High Court,No,,,,,,,No,,,,No,,Service,Yes,Yes,NA,No,No,No,No,No,No,No,No,NA,NA,NA,NA,,1962,Gujarat,No,No,No
Rajesh Balia,Male,Hindu,,3-Mar-1946,NA,NA,21-Oct-1991,3-Mar-2008,No,No,Rajasthan High Court,Yes,Gujarat High Court,24-Jun-1994,Rajasthan High Court,14-Dec-1999,,,Yes,Patna High Court,,,No,,Bar,No,Yes,No,NA,Yes,No,No,No,No,No,No,NA,NA,BCom,NA,,1967,Rajasthan,No,No,No
Chunilal Karsandas Thakker,Male,Hindu,,10-Nov-1943,NA,NA,21-Jul-1990,10-Nov-2008,No,No,Gujarat High Court,No,,,,,,,Yes,Himachal Pradesh High Court,Bombay High Court,,Yes,7-Jun-2004,Bar,No,Yes,No,NA,Yes,No,No,No,No,No,No,NA,NA,BA,"M.P. Shah Law College, Jamnagar",1967,1968,Gujarat,No,No,Yes
Mahendra Sankalchand Parikh,Male,Hindu,,10-Jan-1939,NA,NA,22-Nov-1990,29-Sep-2000,No,Yes,Gujarat High Court,No,,,,,,,No,,,,No,,Service,Yes,Yes,NA,No,No,No,No,No,No,No,No,NA,NA,NA,NA,,1962,Gujarat,No,No,No
Harivadan Ratanlal Shelat,Male,Hindu,,2-Mar-1939,NA,NA,18-Sep-1995,2-Mar-2001,No,No,Gujarat High Court,No,,,,,,,No,,,,No,,Service,Yes,Yes,NA,No,No,No,No,No,No,No,No,NA,NA,NA,NA,,1962,Gujarat,No,No,No
D. M. Dharmadhikari,Male,Hindu,,14-Aug-1940,NA,NA,24-Mar-1989,13-Aug-2005,No,No,Madhya Pradesh High Court,No,,,,,,,Yes,Gujarat High Court,,,Yes,5-Mar-2002,Bar,No,Yes,Yes,NA,No,No,No,No,No,No,No,NA,NA,NA,NA,,,Gujarat,No,No,Yes
Shiv Kishor Keshote,Male,Hindu,,1-Jan-1944,NA,NA,31-Jan-1994,31-Dec-2006,No,No,Rajasthan High Court,Yes,Gujarat High Court,13-Dec-1994,Rajasthan High Court,27-May-2001,,,No,,,,No,,Bar,No,Yes,No,NA,No,No,No,No,No,No,No,NA,NA,NA,NA,,1968,Rajasthan,No,No,No
Dinesh Chandra Srivastava,Male,Hindu,,26-Aug-1939,NA,NA,15-Mar-1995,26-Aug-2001,No,No,Allahabad High Court,Yes,Gujarat High Court,26-Dec-1997,,,,,No,,,,No,,Service,Yes,No,NA,Yes,NA,NA,NA,NA,NA,NA,NA,NA,NA,NA,NA,,,NA,No,No,No
Arunkumar Kantilal Trivedi,Male,Hindu,,4-Sep-1939,NA,NA,11-Dec-1997,4-Sep-2001,No,No,Gujarat High Court,No,,,,,,,No,,,,No,,Service,Yes,Yes,NA,No,No,No,No,No,No,No,No,NA,NA,NA,NA,,1965,Gujarat,No,No,No
Magraj Khalla,Male,Hindu,,12-Mar-1941,NA,NA,20-Jul-1990,12-Mar-2003,No,No,Rajasthan High Court,Yes,Gujarat High Court,27-Apr-1994,Rajasthan High Court,10-Sep-2001,,,No,,,,No,,Bar,No,Yes,No,No,No,No,No,No,No,No,No,NA,NA,NA,NA,,1968,Rajasthan,No,No,No
Pradip Kumar Sarkar,Male,Hindu,,16-Jul-1940,NA,NA,26-Feb-1996,15-Jul-2003,No,No,Gauhati High Court,Yes,Gujarat High Court,20-Dec-1999,Gauhati High Court,11-Sep-2001,,,No,,,,No,,Service,Yes,Yes,NA,Yes,No,No,No,No,No,No,No,NA,NA,NA,NA,,1966,Tripura and Manipur,No,No,No
Babulal Chandulal Patel,Male,Hindu,,7-Aug-1943,Gujarat,Ahmedabad,21-Jul-1990,6-Aug-2005,No,No,Gujarat High Court,No,,,,,,,Yes,Jammu & Kashmir High Court,Delhi High Court,,No,,Bar,No,Yes,No,NA,No,No,No,No,No,No,Yes,NA,NA,BA,Gujarat University,1967,1968,Gujarat,No,Yes,No
Yogin Balvant Bhatt,Male,Hindu,General,29-Dec-1940,NA,NA,22-Nov-1990,29-Dec-2002,No,No,Gujarat High Court,No,,,,,,,No,,,,No,,Bar,No,Yes,No,NA,Yes,No,No,No,No,No,No,NA,Poona University,BSc,NA,1963,1964,Gujarat,No,No,No
Daya Saran Sinha,Male,Hindu,,18-Mar-1941,NA,NA,17-Mar-2002,18-Mar-2003,No,No,Allahabad High Court,No,,,,,,,Yes,Gujarat High Court,,,No,,Bar,No,Yes,Yes,NA,Yes,No,No,No,No,No,No,NA,University of Allahabad,BA,University of Allahabad,1959,1962,Uttar Pradesh,No,No,No
Harivada Hiralal Mehta,Male,Hindu,,13-Oct-1941,NA,NA,27-Dec-1999,13-Oct-2003,No,No,Gujarat High Court,No,,,,,,,No,,,,No,,Service,Yes,Yes,NA,Yes,NA,NA,NA,NA,NA,NA,No,NA,NA,BSc,City Law College,1964,1965,Gujarat,No,No,No
Kundan Singh,Male,Hindu,,15-Dec-1941,NA,NA,27-Nov-1991,15-Dec-2003,No,No,Allahabad High Court,Yes,Gujarat High Court,15-Dec-1997,,,,,No,,,,No,,Bar,No,Yes,No,NA,Yes,No,No,No,No,No,No,NA,NA,NA,NA,,1964,Uttar Pradesh,No,No,No
Mustak Hafizuddin Kadri,Male,Muslim,,10-Jun-1942,NA,NA,18-Sep-1995,10-Jun-2004,No,No,Gujarat High Court,No,,,,,,,No,,,,No,,Service,Yes,No,NA,No,NA,NA,NA,NA,NA,NA,No,NA,Gujarat University,BA,Gujarat University,1968,,Gujarat,No,No,No
Dineshchandra Pravinrai Buch,Male,Hindu,,22-Aug-1942,NA,NA,17-Sep-1999,22-Aug-2004,No,No,Gujarat High Court,No,,,,,,,No,,,,No,,Service,Yes,Yes,NA,Yes,No,No,No,No,No,No,No,NA,"Bahauddin College, Junagadh",BSc,"A.M.P. Law College, Rajkot",1965,1966,Gujarat,No,No,No
Ramesh Kundanlal Abichandani,Male,Hindu,,10-Dec-1942,NA,NA,18-Jul-1990,10-Dec-2004,No,No,Gujarat High Court,No,,,,,,,No,,,,No,,Service,Yes,Yes,NA,Yes,Yes,No,No,No,No,No,No,NA,Gujarat University,BA,Gujarat University,1961,1963,Gujarat,No,No,Yes
J. N. Bhatt,Male,Hindu,General,16-Oct-1945,Gujarat,Jamnagar,21-Jul-1990,16-Oct-2007,No,No,Gujarat High Court,No,,,,,,,Yes,Patna High Court,,,No,,Service,Yes,Yes,NA,Yes,Yes,No,No,No,No,No,No,NA,NA,NA,NA,,1968,Gujarat,No,Yes,Yes
G. S. Singhvi,Male,Hindu,,12-Dec-1948,Rajasthan,Jodhpur,21-Jul-1990,12-Dec-2013,No,No,Rajasthan High Court,Yes,Punjab & Haryana High Court,28-Apr-1994,Gujarat High Court,28-Feb-2005,,,Yes,Andhra Pradesh High Court,,,Yes,12-Nov-2007,Bar,No,Yes,No,NA,No,No,No,No,No,No,Yes,NA,Jodhpur University,BSc,Rajasthan University,1971,1971,Rajasthan,No,No,No
Kshitij Rameshbhai Vyas,Male,Hindu,,19-Jul-1944,Gujarat,Bhalod,22-Nov-1990,2-Oct-2006,No,No,Gujarat High Court,No,,,,,,,Yes,Bombay High Court,,,No,,Bar,No,Yes,No,NA,Yes,No,No,No,No,No,No,NA,NA,NA,"M. S. University, Baroda",1968,1968,Gujarat,No,No,No
Bhawani Singh,Male,Hindu,,28-Mar-1944,NA,NA,16-Dec-1988,28-Mar-2006,No,No,Himachal Pradesh High Court,Yes,Jammu & Kashmir High Court,22-Mar-1996,,,,,Yes,Jammu & Kashmir High Court,Madhya Pradesh High Court,,No,,Bar,No,Yes,Yes,NA,Yes,Yes,No,No,Yes,No,No,NA,"S.D. College, Lahore",NA,"Punjab University, Department of Laws, Chandigarh",,1968,Himachal Pradesh,No,No,No
Manharlal Chimanlal Patel,Male,Hindu,,20-Aug-1944,NA,NA,11-Dec-1997,20-Aug-2006,No,No,Gujarat High Court,No,,,,,,,No,,,,No,,Service,Yes,Yes,NA,No,Yes,No,No,No,No,No,No,NA,NA,NA,NA,,1971,Gujarat,No,No,No
Jagdish Madhurlal Panchal,Male,Hindu,,6-Oct-1946,NA,NA,22-Nov-1990,5-Oct-2011,No,No,Gujarat High Court,Yes,Rajasthan High Court,16-Jul-2007,,,,,Yes,Rajasthan High Court ,,,Yes,12-Nov-2007,Bar,No,Yes,No,NA,Yes,No,No,No,No,No,No,NA,"H. L. College of Commerce, Ahmedabad",BCom,NA,1972,1972,Gujarat,No,No,No
Ramesh Surajmal Garg,Male,Hindu,,18-Jun-1948,NA,NA,15-Apr-1994,18-Jun-2010,No,No,Madhya Pradesh High Court,Yes,Chhatisgarh High Court,1-Nov-2000, Patna High Court,1-Nov-2001,Gujarat High Court,28-Feb-2005,No,,,,No,,Bar,No,Yes,No,NA,Yes,No,No,No,No,No,No,NA,Indore Christian College,NA,NA,1971,1971, Madhya Pradesh High Court,No,Yes,No
Kamal Manmatbhai Mehta,Male,Hindu,,28-Sep-1945,NA,NA,17-Sep-1999,29-Sep-2007,No,No,Gujarat High Court,No,,,,,,,No,,,,No,,Bar,No,Yes,No,NA,Yes,No,No,No,No,No,Yes,NA,NA,BSc,"Sarvajanik Law College, Surat",,1968,Gujarat,No,No,Yes
Akshay Harshadray Mehta,Male,Hindu,,15-Dec-1945,NA,NA,18-Jun-2001,14-Dec-2007,No,No,Gujarat High Court,No,,,,,,,No,,,,No,,Bar,No,Yes,Yes,NA,Yes,No,No,No,No,No,Yes,Rosary High School,NA,NA,M. S. University at Vadodara,,1971,Gujarat,No,No,No
Anil Ramesh Dave,Male,Hindu,,19-Nov-1951,NA,NA,18-Sep-1995,19-Nov-2016,No,No,Gujarat High Court,No ,,,,,,,Yes,Andhra Pradesh High Court,Bombay High Court,,Yes,30-Apr-2010,Bar,No,Yes,No,NA,Yes,No,No,No,No,No,No,NA,NA,BCom,NA,,1976,Gujarat,No,No,Yes
Y. R. Meena,Male,Hindu,,1-Jul-1946,NA,NA,20-Jul-1990,30-Jun-2008,No,No,Rajasthan High Court,Yes,Calcutta High Court,1-Dec-1997,Rajasthan High Court,1-Oct-2001,,,Yes,Gujarat High Court,,,No,,Bar,Yes,Yes,No,Yes,Yes,No,No,No,No,No,No,NA,NA,NA,NA,,1968,Gujarat,No,No,No
Dhirubhai Naranbhai Patel,Male,Hindu,,13-Mar-1960,NA,NA,7-Mar-2004,12-Mar-2022,No,No,Gujarat High Court,Yes,Jharkhand High Court,3-Feb-2009,,,,,Yes,Jharkhand High Court,Delhi High Court,,No,,Bar,No,Yes,Yes,NA,Yes,No,No,No,Yes,No,No,NA,"M.G..Science College, Ahmedabad",BSc,"Sir L.A. Shah Law College, Ahmedabad",1984,1984,Gujarat,No,Yes,Yes
Chaitanya Kastubprasad Buch,Male,Hindu,,17-May-1947,NA,NA,11-Dec-1997,17-May-2009,No,No,Gujarat High Court,No,,,,,,,No,,,,No,,Service,Yes,Yes,NA,No,No,No,No,No,No,No,No,NA,NA,NA,NA,,1972,Gujarat,No,No,No
Ramesh Prabhudas Dholakia,Male,Hindu,,28-Jun-1947,NA,NA,11-Dec-1997,2-Jun-2009,No,Yes,Gujarat High Court,No,,,,,,,No,,,,No,,Service,Yes,Yes,NA,No,No,No,No,No,No,No,No,NA,Saurashtra University,NA,"Sir L.A. Shah Law College, Ahmedabad",1973,1988,Gujarat,No,No,No
K. S. Radhakrishnan,Male,Hindu,,15-May-1949,NA,NA,17-May-1995,14-May-2014,No,No,Kerala High Court,No,,,,,,,Yes,Jammu & Kashmir High Court,Gujarat High Court,,Yes,17-Sep-2009,Service,Yes,Yes,NA,Yes,No,No,No,No,No,No,No,NA,NA,NA,NA,,1973,Kerala,No,No,Yes
Mohit Shantilal Shah,Male,Hindu,,28-Jun-1947,Gujarat,Vijapur,18-Sep-1995,9-Sep-2015,No,No,Gujarat High Court,No,,,,,,,Yes,Calcutta High Court,Bombay High Court,,No,,Bar,No,Yes,No,NA,No,No,No,No,No,No,No,NA,Maharaja Sayajirao University,BA,NA,1976,1976,Gujarat,No,No,Yes
Jaypraksh Ramakant Vora,Male,Hindu,,9-Jan-1948,NA,NA,11-Dec-1997,9-Jan-2010,No,No,Gujarat High Court,No,,,,,,,No,,,,No,,Service,Yes,Yes,NA,No,No,No,No,No,No,No,No,NA,NA,NA,NA,,1973,Gujarat,No,No,No
Sharadkumar Devprasad Dave,Male,Hindu,,15-Jan-1948,NA,NA,30-Mar-2001,15-Jan-2010,No,No,Gujarat High Court,No,,,,,,,No,,,,No,,Service,Yes,Yes,NA,No,No,No,No,No,No,No,No,NA,"M. S. University, Vadodara",BA,"Sir L. A. Shah Law College, Ahmedabad",,1973,Gujarat,No,No,Yes
Rekha Manharlal Doshit,Female,Hindu,,13-Dec-1952,Gujarat,Rajkot,18-Sep-1995,12-Dec-2014,No,No,Gujarat High Court,No,,,,,,,Yes,Patna High Court,,,No,,Bar,No,Yes,No,NA,Yes,No,No,No,Yes,No,No,NA,Bombay University,BSc,"Sir L. A. Shah Law College, Ahmedabad",1976,1977,Gujarat,No,No,No
Bhagwati Prasad,Male,Hindu,,13-Jul-1949,Rajasthan,Bahadra,6-Apr-1996,12-May-2011,No,No,Rajasthan High Court,Yes,Gujarat High Court,7-Feb-2008,,,,,Yes,Jharkhand High Court,,,No,,Bar,No,Yes,Yes,NA,No,No,No,No,No,No,No,NA,"Government College, Hisar, Haryana (Punjab University, Chandigarh)",BSc,"Doongar College, Bikaner, Rajasthan (Rajasthan University, Jaipur)",1972,1972,Rajasthan,No,No,Yes
Dhiren Arvind Mehta,Male,Hindu,,2-Dec-1948,Gujarat,Bhavnagar,18-Sep-2000,2-Dec-2010,No,No,Gujarat High Court,No,,,,,,,No,,,,No,,Bar,No,Yes,No,NA,Yes,No,No,No,No,No,Yes,NA,"Bhavan's College, Bombay",BA,"M. S. University, Vadodara",1974,1974,Gujarat,No,No,Yes
Arvind Mohanlal Kapadia,Male,Hindu,,4-Mar-1949,NA,NA,11-Dec-1997,4-Mar-2011,No,No,Gujarat High Court,No,,,,,,,No,,,,No,,Service,Yes,Yes,NA,No,No,No,No,No,No,No,No,NA,NA,BA,NA,1971,1972,Gujarat,No,No,No
Kantilal Ambalal Puj,Male,Hindu,,2-May-1949,NA,NA,3-Dec-2001,1-May-2011,No,No,Gujarat High Court,No,,,,,,,No,,,,No,,Bar,No,Yes,No,NA,No,No,No,No,No,No,Yes,NA,NA,BA ,"Sir L. A. Shah Law College, Ahmedabad",,1976,Gujarat,No,Yes,No
P.P. Bhatt,Male,Hindu,,6-Sep-1956,NA,NA,17-Nov-2011,5-Sep-2018,No,No,Gujarat High Court,Yes,Jharkhand High Court,27-Jun-2011,Gujarat High Court,11-Feb-2016,,,No,,,,No,,Service,Yes,Yes,NA,Yes,No,No,No,No,No,No,No,NA,"H.K.Arts College, Ahmedabad",BA,"Sir L.A.Shah Law College, Ahmedabad",,1984,Gujarat,No,No,No
Harshvadan B Antani,Male,Hindu,,30-Jun-1949,NA,NA,14-Jun-2005,29-Jun-2011,No,No,Gujarat High Court,No,,,,,,,No,,,,No,,Service,Yes,Yes,NA,No,Yes,No,No,No,No,No,No,NA,Gujarat University,BA,Gujarat University,,,Gujarat,No,No,No
S. J. Mukhopadhaya,Male,Hindu,,15-Mar-1950,NA,NA,8-Nov-1994,14-Mar-2015,No,No,Patna High Court,Yes,Jharkhand High Court,15-Nov-2000,Madras High Court,31-Aug-2006,,,Yes,Gujarat High Court,,,Yes,,Bar,No,Yes,Yes,NA,No,No,No,No,No,No,No,NA,Magadh University,BSc,Patna University,1979,1979,Bihar,No,No,No
Bankim Nikhilbhai Mehta,Male,Hindu,,18-Oct-1950,Gujarat,Baroda,14-Jun-2005,17-Aug-2012,No,No,Gujarat High Court,No,,,,,,,No,,,,No,,Service,Yes,Yes,NA,No,No,No,No,No,No,No,No,NA,Gujarat College in Ahmedabad,BSc,Sir L.A. Shah Law College,1974,,Gujarat,No,No,Yes
Pradipkumar Bhadrayulal Majmudar,Male,Hindu,,19-Nov-1950,NA,NA,17-Sep-1999,8-Sep-2012,No,No,Gujarat High Court,Yes,Rajasthan High Court,10-Apr-2007,,,,,No,,,,No,,Bar,No,Yes,Yes,NA,Yes,No,No,No,No,No,No,NA,"M. S. University, Baroda",BCom,"M. S. University, Baroda",,1974,Gujarat,No,No,No
Harjivan Kantilal Rathod,Male,Hindu,,15-Sep-1949,Gujarat,Moti Dhari,17-Sep-1999,15-Sep-2012,No,No,Gujarat High Court,No,,,,,,,No,,,,No,,Bar,No,Yes,No,NA,No,No,No,No,No,No,No,NA,Gujarat University,BA,NA,,1975,Gujarat,No,No,Yes
Janakaroy Chandubhai Upadhyaya,Male,Hindu,,26-Nov-1950,Maharashtra,Bombay,21-Nov-2007,25-Nov-2012,No,No,Gujarat High Court,No,,,,,,,No,,,,No,,Service,Yes,Yes,NA,Yes,No,No,No,No,No,No,No,NA,Saurashtra University,BA,Saurashtra University,1974,1974,Gujarat,No,No,Yes
Ashokkumar Laxminarayan Dave,Male,Hindu,,5-Dec-1950,NA,NA,11-Oct-1997,4-Dec-2012,No,No,Gujarat High Court,No,,,,,,,No,,,,No,,Service,Yes,Yes,NA,No,Yes,No,No,Yes,No,No,No,NA,NA,BCom,NA,,1976,Gujarat,No,No,No
Dhirendra Hiralal Waghela,Male,Hindu,,11-Aug-1954,Gujarat,Rajkot,17-Sep-1999,10-Aug-2016,No,No,Gujarat High Court,No,,,,,,,Yes,Karnataka High Court,Odisha High Court,Bombay High Court,No,,Bar,No,Yes,No,NA,No,No,No,No,No,No,No,NA,"Shri Swaminarayan Gurukul, Rajkot",BCom,"Shri A. M. P. Law College, Rajkot",1974,1975,Gujarat,No,No,Yes
Mukesh D. Shah,Male,Hindu,,15-Oct-1952,Gujarat,Mahesana,17-Jan-2005,26-Jun-2014,No,Yes,Gujarat High Court,No,,,,,,,No,,,,No,,Service,Yes,Yes,NA,No,No,No,No,No,No,No,No,NA,"Sardar Patel Arts and Commerce College, Mahesana",BA,"Vivekanand Law College, Mahesana",,1980,Gujarat,No,No,No
Bhaskar Bhattacharya,Male,Hindu,,29-Sep-1952,NA,NA,17-Jul-1997,28-Sep-2014,No,No,Calcutta High Court,Yes,Gujarat High Court,8-Sep-2011,,,,,Yes,Gujarat High Court,,,No,,Bar,No,Yes,Yes,NA,No,No,No,No,No,No,No,NA,NA,BSc,Jogesh Chandra Chaudhuri Law College,,1975,West Bengal,No,No,No
Ravikumar Rameshwardayal Tripathi,Male,Hindu,,6-May-1953,NA,NA,17-Sep-1999,6-May-2015,No,No,Gujarat High Court,No,,,,,,,No,,,,No,,Bar,No,Yes,No,NA,Yes,No,No,No,No,No,No,NA,NA,BCom,NA,,1978,Gujarat,No,Yes,Yes
V. M. Sahai,Male,Hindu,,13-Aug-1953,NA,NA,5-Feb-1999,12-Aug-2015,No,No,Allahabad High Court,Yes,Gujarat High Court,28-Oct-2010,,,,,No,,,,No,,Bar,No,Yes,No,NA,No,No,No,No,No,No,Yes,NA,NA,NA,University of Allahabad,1975,1976,Uttar Pradesh,No,No,No
Jayant Maganlal Patel,Male,Hindu,,4-Aug-1956,Gujarat,Veraval,3-Dec-2001,25-Sep-2017,No,Yes,Gujarat High Court,Yes,Karnataka High Court,13-Feb-2016,,,,,No,,,,No,,Bar,No,Yes,No,NA,Yes,No,Yes,No,No,No,No,NA,"M. S. University, Baroda",BCom,"M. S. University, Baroda",,1979,Gujarat,No,No,No
K. J. Thaker,Male,Hindu,,4-Sep-1961,Maharashtra,Bombay,4-May-2013,3-Sep-2023,No,No,Gujarat High Court,Yes,Allahabad High Court,11-Apr-2016,,,,,No,,,,No,,Service,Yes,Yes,NA,No,No,No,No,No,No,No,Yes,"St. Xavier's School, Ahmedabad","M.G. Science College, Ahmedabad",BSc,"Sir L.A. Shah Law College, Ahmedabad",,1987,Gujarat,No,No,Yes
R. D. Kothari,Male,Hindu,,15-Jun-1954,Gujarat,Rajkot,12-Nov-2012,14-Jun-2016,No,No,Gujarat High Court,No,,,,,,,No,,,,No,,Service,Yes,Yes,NA,No,No,No,No,No,No,No,No,A.S.Chaudhary High School,Malaviya Commerce College,BCom,NA,1976,1977,Gujarat,No,Yes,No
K. S. Jhaveri,Male,Hindu,,5-Jan-1958,NA,NA,7-May-2004,4-Jan-2020,No,No,Gujarat High Court,Yes,Rajasthan High Court,24-Aug-2016,,,,,Yes,Orissa High Court,,,No,,Bar,No,Yes,No,NA,Yes,No,Yes,No,Yes,No,No,NA,Gujarat University,BSc,Gujarat University.,1983,1983,Gujarat,No,No,No
G. B. Shah,Male,Hindu,,14-Oct-1954,Gujarat,Vadodara,17-Feb-2011,13-Oct-2016,No,No,Gujarat High Court,No,,,,,,,No,,,,No,,Service,Yes,Yes,NA,Yes,No,No,No,No,No,No,No,NA,Saurashtra University,NA,Sir L.A. Shah Law College,,1979,Gujarat,No,No,No
Abhilasha Kumari,Female,Hindu,,23-Feb-1956,NA,NA,2-Dec-2005,22-Feb-2018,No,No,Himachal Pradesh High Court,Yes,Gujarat High Court,9-Jan-2006,,,,,Yes,Manipur High Court,,,No,,Bar,No,Yes,No,NA,Yes,No,No,No,No,No,No,"Loreto Convent Tara Hall, Shimla, Himachal Pradesh",Indraprastha College,BA,Himachal Pradesh University,,1984,Himachal Pradesh,No,No,No
Saiyed Zahiruddin Khairuddin,Male,Muslim,,13-Apr-1956,NA,NA,21-Nov-2007,12-Apr-2018,No,No,Gujarat High Court,No,,,,,,,No,,,,No,,Service,Yes,Yes,NA,No,Yes,No,No,No,No,No,No,NA,NA,BA,NA,,,Gujarat,No,No,No
Mukesh R. Shah,Male,Hindu,,16-May-1958,NA,NA,7-Mar-2004,15-May-2023,No,No,Gujarat High Court,No,,,,,,,Yes,Patna High Court,,,Yes,2-Nov-2018,Bar,No,Yes,No,No,Yes,No,No,No,No,No,No,NA,NA,BSc,Gujarat University ,1982,1982,Gujarat,No,No,No
R.Subhash Reddy,Male,Hindu,,5-Jan-1957,Telangana,Kamaram,2-Dec-2002,4-Jan-2022,No,No,Andhra Pradesh High Court,No,,,,,,,Yes,Gujarat High Court,,,Yes,2-Nov-2018,Bar,No,Yes,No,No,No,No,No,No,No,No,Yes,"Zilla Parishad High School, Sankarampet, Medak District","Andhra Vidyalaya College (AV College), Hyderabad",NA,"University College of Law, Osmania University, Hyderabad.",,1980,Andhra Pradesh,No,No,No
Akil Abdul Hamid Kureshi,Male,Muslim,,17-Mar-1960,NA,NA,7-Mar-2004,16-Mar-2022,No,No,Gujarat High Court,Yes,Bombay High Court,14-Nov-2018,,,,,Yes,Tripura High Court,,,No,,Bar,No,Yes,No,NA,Yes,No,No,No,No,No,No,NA,NA,BSc,NA,1983,1983,Gujarat,No,No,No
Rajesh H Shukla,Male,Hindu,,27-Dec-1956,NA,NA,21-Nov-2007,26-Dec-2018,No,No,Gujarat High Court,No,,,,,,,No,,,,No,,Service,Yes,Yes,NA,No,Yes,No,Yes,No,No,No,No,NA,NA,BCom,NA,,1981,Gujarat,No,No,No
Mohinder Pal,Male,Hindu,,30-Dec-1956,Punjab,Hoshiarpur,8-Oct-2007,29-Dec-2018,No,No,Punjab and Haryana High Court,Yes,Gujarat High Court,30-Dec-2011,,,,,No,,,,No,,Service,Yes,Yes,NA,No,No,No,No,No,No,No,No,NA,Govt. College Hoshiarpur,BA,"Punjab University,Chandigarh",1981,1982,Punjab and Haryana,No,No,No
S. G. Shah,Male,Hindu,,2-Feb-1957,Gujarat,Mehsana,12-Nov-2012,1-Feb-2019,No,No,Gujarat High Court,No,,,,,,,No,,,,No,,Service,Yes,Yes,NA,Yes,No,No,No,No,No,No,No,NA,NA,BSc,NA,1981,1981,Gujarat,No,No,Yes
C. L. Soni,Male,Hindu,,17-Mar-1957,Gujarat,Kalyanpura,21-Nov-2011,16-Mar-2019,No,No,Gujarat High Court,No,,,,,,,No,,,,No,,Bar,No,Yes,No,NA,No,No,No,No,No,No,No,NA,Gujarat University,BCom,Gujarat University ,1983,1984,Gujarat,No,No,No
K. M. Thaker,Male,Hindu,,17-Sep-1957,NA,NA,21-Nov-2007,16-Sep-2019,No,No,Gujarat High Court,No,,,,,,,No,,,,No,,Bar,No,Yes,No,NA,No,No,No,No,No,No,No,NA,Gujarat University,BCom,Gujarat University ,1981,1982,Gujarat,No,Yes,No
Anant Surendraray Dave,Male,Hindu,,5-Dec-1957,Gujarat,Panchmahal,8-Oct-2004,4-Dec-2019,No,No,Gujarat High Court,No,,,,,,,No,,,,No,,Bar,No,Yes,No,NA,Yes,No,No,No,No,No,No,NA,NA,LL.B.,NA,,1984,Gujarat,No,No,No
Shailesh Ramanlal Brahmbhatt,Male,Hindu,,21-Feb-1958,Gujarat,Amreli,8-Oct-2004,20-Feb-2020,No,No,Gujarat High Court,No,,,,,,,No,,,,No,,Bar,No,Yes,No,NA,No,No,No,No,No,No,No,St. Xaviers' High School,"Government Art and Commerce College, Gandhingar",NA,Sir L.A. Shah Law College & M.N. Law College.,,1984,Gujarat,No,No,No
Harsha Devani,Female,Hindu,,27-Mar-1958,Gujarat,Kunkavav,8-Oct-2004,26-Mar-2020,No,No,Gujarat High Court,No,,,,,,,No,,,,No,,Bar,No,Yes,No,NA,Yes,No,No,No,No,No,No,"Prakash Higher Secondary School, Ahmedabad; Convent Little Flower School, Dibrugarh (Assam);  Loreto Convent, Ranchi (Bihar)","M.G. Science Institute, Ahmedabad",BSc,"Sir L.A. Shah Law College, Ahmedabad",,1992,Gujarat,No,Yes,No
Vireshkumar B. Mayani,Male,Hindu,,1-Jun-1958,Gujarat,Dhari,22-Oct-2018,31-May-2020,No,No,Gujarat High Court,No,,,,,,,No,,,,No,,Service,Yes,Yes,NA,Yes,No,No,No,No,No,No,Yes,NA,"H. A. College of Commerce, Ahmedabad",BCom,"Sir L.A. Shah Law College, Ahmedabad",,1984,Gujarat,No,No,No
V. P. Patel,Male,Hindu,,1-Jun-1958,Gujarat,Asjol,16-Jan-2019,31-May-2020,No,No,Gujarat High Court,No,,,,,,,No,,,,No,,Service,Yes,Yes,NA,Yes,Yes,No,No,No,No,No,No,NA,NA,BSc,NA,,1987,Gujarat,No,Yes,Yes
G.R.Udhwani,Male,Hindu,,25-Nov-1961,Gujarat,Ahmedabad,12-Nov-2012,5-Dec-2020,Yes,No,Gujarat High Court,No,,,,,,,No,,,,No,,Service,Yes,Yes,NA,Yes,No,No,No,No,No,No,No,NA,"Navgujarat Mahavidhyalaya, Ahmedabad",BCom,"Sir L.A. Shah Law College, Ahmedabad",1986,1987,Gujarat,No,No,No