Name of the Judge,Gender,Religion,Caste,Date of Birth,State of Birth,Place of Birth,Date of Appointment,Date of Retirement,If Died in Office,If resigned from office,Parent High Court,If transferred to any other High Court,"If yes, which High Court 1",Date of such transfer - 1,"If yes, which High Court 2",Date of such transfer – 2,"If yes, which High Court 3",Date of such transfer - 3,If appointed Chief Justice in another High Court,"If yes, which High Court – 1","If yes, which High Court – 2","If yes, which High Court – 3",If appointed to the Supreme Court,Date of appointment to the Supreme Court,Cadre,Experience in Subordinate Judiciary,Litigation Experience,If a Senior Advocate,Experience in High Court Administrative Post,If served as Government Counsel,If served as Advocate General,If empanelled by PSUs,If empanelled by Banks,If empanelled by any Statutory Body,If empanelled by Private Companies,Chamber Details,Schooling Information,Graduation Institution,Graduation Specialization,Law Degree Institution,Law Degree Year,Bar Enrolment Year,State Bar Association where enrolled,Foreign Degree in Law,Post-Graduate in another subject,Post-Graduate in Law
D.H. Waghela,Male,,,11-Aug-1954,Gujarat,Rajkot,17-Sep-1999,10-Aug-2016,,,Gujarat High Court,,,,,,,,Yes,Bombay High Court,Odisha High Court,Karnataka High Court,,,Bar,,Yes,,,,,,,,,,,Saurashtra University ,B. Com. ,Saurashtra University,1975,1975,Gujarat,No,No,Yes
K.L. Manjunath,Male,Hindu,,21-Apr-1953,,,11-Dec-2000,20-Apr-2015,,,Karnataka High Court,No,,,,,,,No,,,,,,Bar,,Yes,,,,,,,,,,,,B Sc. LLB,,,1974,Karnataka,No,No,No
Nagaraja Rao Kumar,Male,Hindu,,28-Jun-1954,,,11-Dec-2000,27-Jun-2016,No,No,Karnataka High Court,No,,,,,,,No,,,,,,Bar,,Yes,,,,,,,,,,,,M.A. LLB,,,1976,Karnataka,No,Yes,No
Patil Naganath Kanteppa,Male,,,2-May-1954,Karnataka,Bidar,11-Dec-2000,1-May-2016,,,Karnataka High Court,No,,,,,,,No,,,,,,Bar,,Yes,,Yes,,No,,,,,,"Government Primary 
School, Bhalki & the 
Karnataka High School, 
Bidar","B.V. College, Bidar",B.A. LLB,"Renuka Charya Law 
College, Bangalore",,1982,Karnataka,No,No,No
"Dilip Babasaheb 
Bhosale",Male,Hindu,,24-Oct-1956,Maharashtra,Satara,22-Jan-2001,23-Oct-2018,No,No,Bombay High Court,Yes,Karnataka High Court,6-Jan-2012,Telangana High Court,1-Dec-2014,Allahabad High Court,30-Jul-2016,Yes,Allahabad High Court,,,,,Bar,No,Yes,Yes,,Yes,No,,,,,,,"Government Law College, 
Mumbai",B.A. LLB,"GLC, Mumbai",,1980,Maharashtra,No,No,No
K. Bhakthavatsala,Male,Hindu,,10-Dec-1952,Karnataka,Bangalore,18-Apr-2002,9-Dec-2014,,,Karnataka High Court,No,,,,,,,No,,,,No,,Service,Yes,Yes,No,,,,,,,,,,,B. Com.  ,"SJR College, Bangalore",,1980,Karnataka,No,No,Yes
S.M. Mallikarjunagouda,Male,Hindu,,5-May-1958,Karnataka,,12-May-2003,4-May-2020,No,No,Karnataka High Court,No,,,,,,,No,,,,Yes,17-Feb-2017,Bar,No,Yes,,,Yes,No,,,,,,,,BSc. LLB (Spl.),,,1980,Karnataka,No,No,No
H.G. Ramesh,Male,Hindu,,16-Jan-1957,Karnataka,,12-May-2003,15-Jan-2019,No,No,Karnataka High Court,,,,,,,,No,,,,No,,Bar,,Yes,,,Yes,No,,,,,,,,B.A .LLB,,,1982,Karnataka,No,No,No
S. Abdul Nazeer,Male,Muslim,,5-Jan-1958,Karnataka,Beluvai,12-May-2003,4-Jan-2020,No,No,Karnataka High Court,No,,,,,,,No,,,,Yes,17-Feb-2017,Bar,No,Yes,,,Yes,No,,,,,,,"Mahaveera College, Moodbidri",B. Com. LLB,"SDM Law College, Kodialbail, Mangalore",,1983,Karnataka,No,No,No
Ram Mohan Reddy,Male,Hindu,,6-Jun-1954,,,8-Sep-2003,5-Jun-2016,,,,,,,,,,,,,,,,,Bar,,Yes,,,,,,,,,,,,B. Sc. LLB.,,,1977,Karnataka,,No,No
Hanumappa Bilappa,Male,,,8-Oct-1954,,,8-Sep-2003,7-Oct-2016,,,,,,,,,,,,,,,,,Bar,,Yes,,,,,,,,,,,,B. Sc. LLB.,,,1978,Karnataka,,No,No
Huluvadi G. Ramesh,Male,,,20-May-1957,,,8-Sep-2003,19-May-2019,,,,Yes,Allahabad High Court,16-Feb-2015,Madras High Court,11-Apr-2016,Madhya Pradesh High Court,15-Nov-2018,,,,,,,Service,Yes,Yes,,,,,,,,,,,,B. Sc. ,,,1981,Karnataka,,No,Yes
P.B. Sanganagouda,Male,,,1-Jun-1956,,,21-Oct-2004,31-May-2018,,,Karnataka High Court,,,,,,,,,,,,,,Bar,,Yes,,,,No,,,,,,,,B.A. LLB,,,1980,Karnataka,,No,No
Anand Byrareddy,Male,,,1-May-1955,,,7-Mar-2005,30-Apr-2017,,,Karnataka High Court,,,,,,,,,,,,,,Bar,,Yes,,,,,,,,,,,,B.A. LLB,,,1983,Karnataka,,No,No
Ashok B. Hinchigeri,Male,,,24-Aug-1955,,,7-Mar-2005,23-Aug-2017,No,No,Karnataka High Court,,,,,,,,,,,,,,Bar,,Yes,,,,,,,,,,,,M.A. LLB,,,1987,Karnataka,,Yes,No
C.R. Kumaraswamy,Male,,,25-Aug-1953,,,7-Mar-2005,24-Aug-2015,,,Karnataka High Court,,,,,,,,,,,,,,Service,Yes,Yes,,,,No,,,,,,,,B. Sc. LLB.,,,1983,Karnataka,,No,No
A.S. Bopanna,Male,,,20-May-1959,,,6-Jan-2006,19-May-2021,,,,,,,,,,,Yes,Gauhati High Court,,,,,Bar,,Yes,,,Yes,,,,,,,,,"B. Sc. LLB., DPM & IR",,,1984,Karnataka,,No,No
Narayanappa Ananda,Male,,,8-May-1953,,,6-Jan-2006,7-May-2015,,,Karnataka High Court,,,,,,,,,,,,,,Service,Yes,Yes,,Yes,,No,,,,,,,,B. Sc. LLB.,,,1977,Karnataka,,No,No
A.N. Venugopala Gowda,Male,,,16-Jun-1955,,,4-Jul-2007,15-Jun-2017,,,,,,,,,,,,,,,,,Bar,,Yes,,,Yes,,,,,,,,,B. Sc. LLB.,,,1979,Karnataka,,No,No
Lingappa Narayana Swamy,Male,,,1-Jul-1959,,,4-Jul-2007,30-Jun-2021,No,No,Karnataka High Court,,,,,,,,Yes,Himachal Pradesh High Court,,,,,Bar,,Yes,,,Yes,,,,,,,,,B.A. ,,,1987,Karnataka,,No,Yes
Arvind Shiwagouda Pachhapure,Male,,,17-Jun-1953,,,4-Jul-2007,16-Jun-2015,,,Karnataka High Court,,,,,,,,,,,,,,Service,Yes,Yes,,Yes,,No,,,,,,,,B. Sc. LLB. (Spl.),,,1975,Karnataka,,No,No
Ravi Vijaykumar Malimath,Male,,,25-May-1962,,,18-Feb-2008,24-May-2024,,,Karnataka High Court,Yes,Uttarakhand High Court,5-Mar-2020,Himachal Pradesh High Court,7-Jan-2021,,,,,,,,,Bar,,Yes,,,,No,,,,,,,,B. Com. LLB. ,,,1987,Karnataka,,No,No
B. Venkataramiah Nagarathna,Female,,,30-Oct-1962,,,18-Feb-2008,29-Oct-2024,,,Karnataka High Court,,,,,,,,,,,,,,Bar,,Yes,,,,No,,,,,,,,B.A. LLB. ,,,1987,Karnataka,,No,No
Boregowda Sreenivase Gowda,Male,,,16-Jun-1956,,,2-Jun-2008,15-Jun-2018,No,No,Karnataka High Court,,,,,,,,,,,,,,Bar,,Yes,,,,No,,,,,,,,B.B.M. LLB. ,,,1982,Karnataka,,No,No
S.N. Satyanarayana,Male,,,15-Jan-1959,,,9-Jun-2008,14-Jan-2021,No,No,Karnataka High Court,Yes,Punjab & Haryana High Court,27-Mar-2020,,,,,,,,,,,Bar,,Yes,,,,No,,,,,,,,B. Com. LLB. ,,,1983,Karnataka,,No,No
Aravind Kumar,Male,,,14-Jul-1962,,,26-Jun-2009,13-Jul-2024,,,Karnataka High Court,,,,,,,,,,,,,,Bar,,Yes,,,Yes,No,,,,,,,,B.A. LLB. ,,,1987,Karnataka,,No,No
Bijoor Manohar,Male,,,20-Jul-1955,,,12-Mar-2010,19-Jul-2017,No,No,Karnataka High Court,,,,,,,,,,,,,,Bar,,Yes,,,,,,,,,,,,B.A. LLB. ,,,1983,Karnataka,,No,No
Abhay Sreeniwas Oka,Male,,,25-May-1960,,,10-May-2019,,,,Bombay High Court,,,,,,,,,,,,,,Bar,,Yes,,,,,,,,,Yes,,University of Bombay,B. Sc. ,,,1983,Maharashtra,,No,Yes
Satish Chandra Sharma,Male,,,30-Nov-1961,Madhya Pradesh,Bhopal,4-Jan-2021,,,,Madhya Pradesh High Court,,,,,,,,No,,,,,,Bar,,Yes,Yes,,Yes,No,,,,,,"Central School, Jabalpur","Dr. Hari Singh Gour 
University, Sagar",B. Sc. ,"Dr. Hari Singh Gour University, Sagar",1984,1984,Madhya Pradesh,No,,
Alok Aradhe,Male,,,13-Apr-1964,Chhattisgarh,Raipur,17-Nov-2018,,,,Madhya Pradesh High Court,Yes,"Jammu and Kashmir High 
Court",16-Sep-2016,Karnataka High Court,17-Nov-2018,,,No,,,,,,Bar,,Yes,Yes,,No,No,,,,,,,,B Sc. ,,,1988,Madhya Pradesh ,,No,No
S. Sujatha ,Female,,,20-May-1960,,,2-Jan-2015,,,,Karnataka High Court,,,,,,,,,,,,,,,,Yes,,,Yes,,,,,,,,,,"Sree Jagadguru Renukacharya College 
of Law, Bangalore",,,,,,
B. Veerappa,Male,,,1-Jun-1961,,,2-Jan-2015,,,,Karnataka High Court,,,,,,,,,,,,,,,,,,,Yes,,,,,,,"Primary Education - 
Government Primary School, 
Nagadenahalli, Srinivasapura 
Secondary Education - 
Government Higher Primary 
School 
High School and Pre-University 
Education - Government High 
School, Composite Junior 
College, Srinivasapura, Kolar","Government College, 
Kolar",,"Renukacharya Law College, Bengaluru",,1988,Karnataka ,,,
G. Narendar,Male,,,10-Jan-1964,,,2-Jan-2015,,,,Madras High Court,Yes,Karnataka High Court,,,,,,,,,,,,,,Yes,,,,,,,,,,,,B.A. ,,,1989,Tamil Nadu,,,
P.S Dinesh Kumar,Male,,,25-Feb-1962,,,2-Jan-2015,,,,Karnataka High Court,,,,,,,,,,,,,,,,Yes,,,Yes,No,,,,,,"National High School, National 
College and BMS College, 
Bengaluru.",,,,,1990,Karnataka ,,,
Pavankumar Bhimappa Bajantri,Male,,,23-Oct-1963,,,2-Jan-2015,,,,,Yes,Punjab & Haryana High Court,16-Mar-2015,,,,,,,,,,,,,Yes,,,Yes,No,,,,,,"Vidhyavardhaka Sangha, K.L.E.
 Society and S.J.R.C. Law 
College, Bangalore",,,,,1990,Karnataka ,,,
K. Somashekar,Male,,,15-Sep-1963,,,14-Nov-2016,,,,Karnataka High Court,,,,,,,,,,,,,,,Yes,,,,,,,,,,,,,,,,1990,Karnataka ,,,
K.S. Mudagal,Female,,,22-Dec-1963,,,14-Nov-2016,,,,Karnataka High Court,,,,,,,,,,,,,,,Yes,,,,,,,,,,,,"Karnataka University, Dharwad",B. Com LLB. ,,,1988,Karnataka ,,,
Sreenivas Harish Kumar,Male,,,16-Jun-1963,,,14-Nov-2016,,,,Karnataka High Court,,,,,,,,,,,,,,Service,Yes,Yes,,,,,,,,,,,,,,,1987,Karnataka ,,,
N.K. Sudhindrarao,Male,,,4-Dec-1959,,,21-Feb-2017,,,,,,,,,,,,,,,,,,,,,,,,,,,,,,,,,,,,,,,
H.B. Prabhakara Sastry,Male,,,4-Apr-1962,Karnataka,Davangare,21-Feb-2017,,,,Karnataka High Court,,,,,,,,,,,,,,Service,Yes,Yes,,,,,,,,,,,,,"R.L. Law College, Davangare",,1991,Karnataka,No,Yes,Yes
Dixit Krishna Shripad,Male,,,20-Jul-1964,,,14-Feb-2018,,,,Karnataka High Court,,,,,,,,,,,,,,,,,,,,,,,,,,,,,,,,,,,
Shankar Ganapathi Pandit,Male,,,16-Nov-1965,,,14-Feb-2018,,,,Karnataka High Court,,,,,,,,,,,,,,,,,,,,,,,,,,,,,,,,,,,
R. Devdas,Male,,,15-May-1969,,,14-Feb-2018,,,,Karnataka High Court,,,,,,,,,,,,,,,,,,,,,,,,,,,,,,,,,,,
B.M. Shyam Prasad,Male,,,8-Jan-1971,,,14-Feb-2018,,,,Karnataka High Court,,,,,,,,,,,,,,,,,,,,,,,,,,,,,,,,,,,
Siddappa Sunil Dutt Yadav,Male,,,3-Aug-1972,,,14-Feb-2018,,,,Karnataka High Court,,,,,,,,,,,,,,,,,,,,,,,,,,,,,,,,,,,
Mohammad Nawaz,Male,,,22-May-1965,,,2-Jun-2018,,,,Karnataka High Court,,,,,,,,,,,,,,,,,,,,,,,,,,,,,,,,,,,
Harekoppa Thimanna Gowda Narendra Prasad,Male,,,1-Jun-1966,,,2-Jun-2018,,,,Karnataka High Court,,,,,,,,,,,,,,,,,,,,,,,,,,,,,,,,,,,
Ashok Golappa Nijagannavar,Male,,,9-Jul-1959,,,3-Nov-2018,,,,Karnataka High Court,,,,,,,,,,,,,,,,,,,,,,,,,,,,,,,,,,,
Hethur Puttaswamygowda Sandesh,Male,,,2-Dec-1964,,,3-Nov-2018,,,,Karnataka High Court,,,,,,,,,,,,,,,,,,,,,,,,,,,,,,,,,,,
Krishnan Natarajan,Male,,,5-Nov-1964,,,3-Nov-2018,,,,Karnataka High Court,,,,,,,,,,,,,,,,,,,,,,,,,,,,,,,,,,,
S.R. Krishna Kumar,Male,,,7-May-1970,,,23-Sep-2019,,,,Karnataka High Court,,,,,,,,,,,,,,Bar,,Yes,,,,,,,,,,,,,"University Law College, Bangalore",,1992,Karnataka,,,
Ashok S. Kinagi,Male,,,1-Jan-1970,,,23-Sep-2019,,,,Karnataka High Court,,,,,,,,,,,,,,Bar,,Yes,,,,,,,,,,,,,,,1995,Karnataka,,,
Suraj Govindaraj,Male,,,14-May-1973,,,23-Sep-2019,,,,Karnataka High Court,,,,,,,,,,,,,,Bar,,Yes,,,,,,,,,,,,,"National Law School of India University, 
Bangalore",,1995,Karnataka,,,
Sachin Shankar Magadum,Male,,,5-May-1972,,,23-Sep-2019,,,,Karnataka High Court,,,,,,,,,,,,,,Bar,,Yes,,,Yes,,,,,,,,,,"R.L. Law College, Belagavi",,1998,Karnataka,,,
Neranahalli Srinivasan Sanjay Gowda,Male,,,15-Feb-1967,,,11-Nov-2019,,,,Karnataka High Court,,,,,,,,,,,,,,,,,,,,,,,,,,,,,,,1989,,,,
Jyoti Mulimani,Female,,,15-Aug-1968,,,11-Nov-2019,,,,Karnataka High Court,,,,,,,,,,,,,,,,Yes,,,,,,,,,,,,,,,1992,,,,
Nataraj Rangaswamy,Male,,,14-Mar-1970,,,11-Nov-2019,,,,Karnataka High Court,,,,,,,,,,,,,,,,,,,,,,,,,,,,,,,1992,,,,
Hemant Chandangoudar,Male,,,28-Sep-1969,,,11-Nov-2019,,,,Karnataka High Court,,,,,,,,,,,,,,,,,,,,,,,,,,,,,,,1994,,,,
Pradeep Singh Yerur,Male,,,21-Jun-1970,,,11-Nov-2019,,,,Karnataka High Court,,,,,,,,,,,,,,,,Yes,,,,,,,,,,,,,,,1997,,,,
Maheshan Nagaprasanna,Male,,,23-Mar-1971,,,26-Nov-2019,,,,Karnataka High Court,,,,,,,,,,,,,,,,,,,,,,,,,,,,,,,,,,,
Maralur Indrakumar Arun,Male,,,24-Apr-1970,,,7-Jan-2020,,,,Karnataka High Court,,,,,,,,,,,,,,,,,,,,,,,,,,,,,,,,,,,
Engalaguppe Seetharamiah Indiresh,Male,,,16-Apr-1972,,,7-Jan-2020,,,,Karnataka High Court,,,,,,,,,,,,,,,,,,,,,,,,,,,,,,,,,,,
Ravi Venkappa Hosmani,Male,,,29-Jul-1971,,,7-Jan-2020,,,,Karnataka High Court,,,,,,,,,,,,,,Bar,,Yes,,,,,,,,,,,,,,,1995,Karnataka,,,
Savanur Vishwajith Shetty,Male,,,19-May-1967,,,28-Apr-2020,,,,Karnataka High Court,,,,,,,,,,,,,,,,,,,,,,,,,,,,,,,,,,,
Shivashankar Amarannavar,Male,,,20-Jul-1970,,,4-May-2020,,,,Karnataka High Court,,,,,,,,,,,,,,Service,Yes,Yes,,Yes,,,,,,,Yes,,,B. Com. ,,,1994,Karnataka,,,Yes
Makkimane Ganeshaiah Uma,Female,,,10-Mar-1964,,,4-May-2020,,,,Karnataka High Court,,,,,,,,,,,,,,,,,,,,,,,,,,,,,,,,,,,
Vedavyasachar Srishananda,Male,,,29-Mar-1966,,,4-May-2020,,,,Karnataka High Court,,,,,,,,,,,,,,,,,,,,,,,,,,,,,,,,,,,
Hanchate Sanjeevkumar,Male,,,13-May-1971,,,4-May-2020,,,,Karnataka High Court,,,,,,,,,,,,,,,,,,,,,,,,,,,,,,,,,,,
Padmaraj Nemachandra Desai,Male,,,21-May-1961,,,4-May-2020,,,,Karnataka High Court,,,,,,,,,,,,,,,,,,,,,,,,,,,,,,,,,,,
P. Krishna Bhat,Male,,,8-Aug-1960,,,21-May-2020,,,,Karnataka High Court,,,,,,,,,,,,,,,,,,,,,,,,,,,,,,,,,,,
M.G. Shukure Kamal,Male,,,30-Jun-1971,Karnataka,"Kodlipet, Kodagu District",17-Mar-2021,,,,Karnataka High Court,,,,,,,,,,,,,,Bar,,Yes,,,,,,,,,,"Govt. Senior College, Madikare","Vidyavardhaka Law College, Mysuru",B.A. LLB. ,,,1994,Karnataka,,,
Rajendra Badamikar,Male,,,1-Jun-1962,,,25-Mar-2021,,,,Karnataka High Court,,,,,,,,,,,,,,,,,,,,,,,,,,,,,,,,,,,
Khazi Jaibunnisa Mohiuddin,Female,Muslim,,8-Oct-1963,,,25-Mar-2021,,,,Karnataka High Court,,,,,,,,,,,,,,,,,,,,,,,,,,,,,,,,,,,
J. Eswara Prasad,Male,,,4-Aug-1934,Tamil Nadu,Madras,28-Apr-1994,1-Aug-1996,No,No,Andhra Pradesh High Court,Yes,Karnataka High Court,28-Apr-1994,,,,,No,,,,,,,,,,,,No,,,,,,,Madras University,,Osmania University,,1959,,,,
S. Venkataraman,Male,,,10-May-1935,,,22-Feb-1993,,,,,,,,,,,,,,,,,,,Yes,,,Yes,,No,,,,,,,Central College,,"Government Law College, Bangalore",,1955,,,,
R.G. Vaidhyanatha,Male,,,9-Jul-1935,,,25-Feb-1994,9-Jul-1997,No,No,,Yes,Bombay High Court,17-Mar-1994,,,,,,,,,,,Service,Yes,,,Yes,,,,,,,,,,B. Sc.,,,,,,,
P. Krishnamurthy,Male,,,28-Jun-1935,,,,,No,No,Kerala High Court,Yes,Karnataka High Court,28-Apr-1994,,,,,,,,,,,,,Yes,Yes,,Yes,,,,,,,,,,,,1960,Kerala,,,
K.S. Bhaktavatsalam,Male,,,22-Oct-1935,,,,,,,Madras High Court,Yes,Karnataka High Court,11-May-1994,,,,,,,,,,,,,,,Yes,Yes,,,,,,,,,,,,,,,,
B.K. Somashekhar,Male,,,27-Jan-1936,,,25-Feb-1994,,,,Karnataka High Court,Yes,Andhra Pradesh High Court,21-Mar-1994,,,,,,,,,,,Service,Yes,,,,,,,,,,,,,,,,1959,,,,
M.B. Vishwanath,Male,,,31-Oct-1936,,,30-Nov-1994,,No,No,Karnataka High Court,,,,,,,,,,,,,,Service,Yes,,,Yes,,,,,,,,,,,,,1961,Karnataka,,,
C.N. Ashwathnarayana Rao,Male,,,26-Nov-1936,,,30-Nov-1994,,,,,,,,,,,,,,,,,,,Yes,,,,,,,,,,,,"Maharaja's College, 
Mysore",,"Government Law College, Bangalore",,1957,,,,
T.J. Chouta,Male,,,7-Aug-1937,,,25-Feb-1994,,No,No,Karnataka High Court,Yes,Madras High Court,18-Mar-1994,,,,,,,,,,,Bar,,Yes,,,,No,,,,,,,,,"Government Law College, Bangalore",,1964,Karnataka,,,
B.S. Raikote,Male,,,7-Oct-1937,,,25-Feb-1994,,,,Karnataka High Court,Yes,Andhra Pradesh High Court,21-Mar-1994,,,,,,,,,,,Bar,,Yes,,,,No,,,,,,,,,Osmania University,,1965,Karnataka,No,No,Yes
S.R. Venkatesha Murthy,Male,,,27-Sep-1938,,,1-Jan-1997,,,,Karnataka High Court,,,,,,,,,,,,,,Service,Yes,No,No,Yes,No,No,,,,,No,,"St. Joseph's College, 
Bangalore",,"Sharada Vilas Law Colege, Mysore",,,,,No,Yes
B.S. Srinivasa Rao,Male,,,10-Feb-1939,,,1-Jan-1997,,No,No,Karnataka High Court,,,,,,,,,,,,,,,Yes,,,,,,,,,,,,,,"Government Law College, Bangalore",,1958,Karnataka,,,
Harinath Tilhari,Male,,,11-May-1939,,,11-May-1994,,,,Allahabad High Court,,,,,,,,,,,,,,Bar,,Yes,,,Yes,No,,,,,,,,,,,1961,Uttar Pradesh,,,
T.N. Vallinayagam,Male,,,17-May-1939,,,20-Feb-1997,,,,Madras High Court,,,,,,,,,,,,,,Bar,,Yes,Yes,,Yes,No,,,,,,,,,Madras Law College,,1961,Tamil Nadu,,,
K.R. Prasad Rao,Male,,,31-Oct-1939,,,2-Jun-1998,,No,No,Karnataka High Court,,,,,,,,,,,,,,Service,Yes,,,,,No,,,,,,,"Andhra Christian College, 
Guntur",,"Andhra University Law College, Waltair",,1962,Andhra Pradesh,,,
B.N. Mallikarjuna,Male,,,13-Dec-1939,,,18-Dec-1995,,,,Karnataka High Court,,,,,,,,,,,,,,,Yes,,,,,,,,,,,,,,,,1962,,,,
G. Patri Basavana Goud,Male,,,29-Apr-1940,,,1-Jan-1997,,,,Karnataka High Court,,,,,,,,,,,,,,Service,Yes,,,Yes,,No,,,,,,,,,"Government Law College, Bangalore",,1962,,,,
V.P Mohan Kumar,Male,,,7-Jun-1940,,,17-Jan-1994,,No,No,Kerala High Court,Yes,Kerala High Court,1-Jun-2001,,,,,Yes,Kerala High Court,,,,,Bar,,Yes,,,,No,,,,,,,,,,,1962,Kerala,,,
Mohamad Anwar,Male,Muslim,,8-Jul-1940,,,18-Dec-1995,,,,,,,,,,,,,,,,,,,Yes,,,,,,,,,,,,,,,,1968,,,,
B.K. Sangalad,Male,,,14-Sep-1940,,,18-Dec-1995,13-Sep-2002,No,No,Karnataka High Court,,,,,,,,,,,,,,,Yes,Yes,,,Yes,No,,,,,,,,,,,1974,Karnataka,,,
H.N. Narayan,Male,,,18-Mar-1941,,,30-Nov-1994,,,,Karnataka High Court,,,,,,,,,,,,,,,Yes,Yes,,,,,,,,,,,,,,,1969,Karnataka,,,
M.P. Chinnappa,Male,,,1-Jun-1941,,,18-Dec-1995,,,,Karnataka High Court,,,,,,,,,,,,,,,Yes,Yes,,Yes,,,,,,,,,,,,,1968,Karnataka,,,
G.C. Bharuka,Male,,,15-Jun-1941,,,13-Jun-1994,,,,Patna High Court,,,,,,,,,,,,,,Bar,,Yes,Yes,,,No,,,,,,,,,Ranchi University,,1968,Bihar,No,,Yes
M.F. Saldanha,Male,,,13-Feb-1942,,,1-Jul-1994,,,,Bombay High Court,,,,,,,,,,,,,,Bar,,Yes,,,,No,,,,,,,,,,,1964,Maharashtra,,,
H. Rangavittalachar,Male,,,12-Mar-1942,,,11-Jun-1997,,,,Karnataka High Court,,,,,,,,,,,,,,Bar,,Yes,,,Yes,No,,,,,,,Vijaya College,,"Government Law College, Bangalore",,1966,Karnataka,,,
R.J. Babu,Male,,,5-Apr-1942,,,25-Feb-1994,,,,Karnataka High Court,Yes,Madras High Court,18-Mar-1994,,,,,,,,,,,Bar,,Yes,,,,No,,,,,,,,,,,1968,Karnataka,,,
Chandrashekharaiah,Male,,,20-May-1942,,,18-Dec-1995,,,,Karnataka High Court,,,,,,,,,,,,,,Bar,,Yes,,,Yes,No,,,,,Yes,,,,,,1969,Karnataka,,,
A.V. Srinivasa Reddy,Male,,,24-May-1942,,,16-Jun-1999,,No,No,Karnataka High Court,,,,,,,,,,,,,,Bar,,Yes,,,,No,,,,,Yes,,St. Joseph's College,,"Government Law College, Bangalore",,1968,Karnataka,,,
S.B. Majage,Male,,,20-Mar-1943,,,18-Apr-2002,,,,Karnataka High Court,,,,,,,,,,,,,,,Yes,Yes,,Yes,,No,,,,,,,,,Osmania University,,1966,,,,
A.M. Farooq,Male,,,17-Aug-1943,,,18-Dec-1995,,,,Karnataka High Court,,,,,,,,,,,,,,,,Yes,,,Yes,,,,,,Yes,,,,"Renukacharya Law College, Bangalore",,1968,,,,
P. Vishwanatha Shetty,Male,,,2-May-1944,,,18-Dec-1995,,,,Karnataka High Court,,,,,,,,,,,,,,Bar,,Yes,Yes,,,No,,,,,,,,,,,1966,Karnataka,,,
B. Padmaraj,Male,,,6-Oct-1944,,,30-Nov-1994,,,,Karnataka High Court,,,,,,,,,,,,,,Service,Yes,Yes,,,,No,,,,,,,,,,,1969,Karnataka,,,
R. Gururajan,Male,,,8-May-1945,,,16-Jun-1999,,,,Karnataka High Court,,,,,,,,,,,,,,Bar,,Yes,,,,No,,,,,,,,,,,1968,Karnataka,,,
N.S. Veerabhadraiah,Male,,,29-May-1945,,,2-Jun-1998,,,,Karnataka High Court,,,,,,,,,,,,,,Service,Yes,Yes,,,,No,,,,,,,,,,,1969,Karnataka,,,
A.C. Kabbin,Male,,,20-Dec-1945,,,8-Sep-2004,,,,Karnataka High Court,,,,,,,,,,,,,,Service,Yes,Yes,,,,,,,,,,,,,,,1968,Karnataka,,,
K. Rammanna,Male,,,4-Jul-1948,,,18-Apr-2002,,,,Karnataka High Court,,,,,,,,,,,,,,Service,Yes,Yes,,,,No,,,,,,,,,,,1977,Karnataka,,,
Arali Nagaraj Amarappa,Male,,,1-Nov-1951,,,4-Jul-2007,,,,Karnataka High Court,,,,,,,,,,,,,,,Yes,Yes,,,,No,,,,,,,,,,,1983,Karnataka,,,
V.G. Sabhahit,Male,,,26-Nov-1955,,,21-Feb-2000,,,,Karnataka High Court,,,,,,,,,,,,,,Service,Yes,Yes,,,,No,,,,,,,,,,,1979,Karnataka,,,
K. Govindarajulu,Male,,,2-Apr-1953,,,12-Mar-2010,,,,Karnataka High Court,,,,,,,,,,,,,,,Yes,Yes,,,,No,,,,,,,,,,,1980,Karnataka,,,
Ajit J. Gunjal,Male,,,15-Oct-1950,,,12-May-2003,,,,Karnataka High Court,,,,,,,,,,,,,,Bar,,Yes,,,,No,,,,,,,,,,,1976,Karnataka,,,
Vasudevan Jagannathan,Male,,,9-Sep-1950,,,7-Mar-2005,,,,Karnataka High Court,,,,,,,,,,,,,,,Yes,Yes,,,,No,,,,,,,,,,,1982,Karnataka,,,
Adi Subhash Bashetti,Male,,,10-Aug-1951,,,6-Jan-2006,,,,Karnataka High Court,,,,,,,,,,,,,,,,Yes,,,,No,,,,,,,,,,,1978,Karnataka,,,
D.V. Shylendra Kumar,Male,,,5-Sep-1951,,,11-Dec-2000,,,,Karnataka High Court,,,,,,,,,,,,,,Bar,,Yes,,,,No,,,,,,,,,,,1976,,,,
K. Sreedhar Rao,Male,,,21-Oct-1953,,,21-Feb-2000,,,,Karnataka High Court,,,,,,,,,,,,,,Service,Yes,Yes,,,,No,,,,,,,,,,,1976,Karnataka,,,
V. Suri Appa Rao,Male,,,1-Jul-1952,,,20-Apr-2011,,,,Andhra Pradesh High Court,Yes,Andhra Pradesh High Court,9-Nov-2013,,,,,,,,,,,Service,Yes,No,No,,No,No,,,,,,,,,,,,,,,
H.N. Nagamohan Das,Male,,,12-Feb-1952,,,21-Oct-2004,,,,,,,,,,,,,,,,,,Bar,,Yes,,,,No,,,,,,,,,,,1977,,,,
H.S. Kempanna,Male,,,4-Apr-1952,,,12-Mar-2010,,,,Karnataka High Court,,,,,,,,,,,,,,,Yes,Yes,,,,No,,,,,,,,,,,1976,Karnataka,,,
K.N. Keshavnarayana,Male,,,10-Apr-1952,,,2-Jun-2008,,,,Karnataka High Court,,,,,,,,,,,,,,,Yes,Yes,,,,No,,,,,,,,,,,1977,Karnataka,,,
B.S. Indrakala,Female,,,8-Apr-1952,,,24-Feb-2012,,,,Karnataka High Court,,,,,,,,,,,,,,Service,Yes,Yes,,,,No,,,,,,,,B. Sc. ,,,1977,Karnataka,,,
Jawad Rahim,Male,Muslim,,2-Sep-1952,,,6-Jan-2006,,,,Karnataka High Court,,,,,,,,,,,,,,Service,Yes,Yes,,,,No,,,,,,,,,,,1975,Karnataka,,,
P.D. Waigankar,Male,,,10-Apr-1954,,,24-Oct-2013,,,,Karnataka High Court,,,,,,,,,,,,,,Service,Yes,Yes,,Yes,,,,,,,,,,,,,1981,Karnataka,,,
 A.V. Chandrashekara,Male,,,30-May-1954,,,24-Oct-2013,,,,Karnataka High Court,,,,,,,,,,,,,,Service,Yes,Yes,,,,,,,,,,,,,,,1984,Karnataka,,,
Jayant M. Patel,Male,,,4-Aug-1956,Gujarat,Veraval,13-Feb-2016,25-Sep-2017,,,Gujarat High Court,,,,,,,,,,,,,,Bar,,Yes,,,Yes,No,,,,,,,"M.S. University, Baroda",B. Com. ,"Saurashtra University, Rajkot",,1979,Gujarat,,,
Rathnakala,Female,,,27-Jan-1956,,,24-Oct-2013,26-Jan-2018,No,No,Karnataka High Court,,,,,,,,,,,,,,Service,Yes,Yes,,,,No,,,,,,,,,,,1982,Karnataka,,,
Budihal R.B. ,Male,,,1-Oct-1956,,,24-Oct-2013,30-Sep-2018,No,No,Karnataka High Court,,,,,,,,,,,,,,Service,Yes,Yes,,Yes,,No,,,,,,,,,,,1983,Karnataka,,,
Raghvendra S. Chauhan,Male,,,24-Dec-1959,,,10-Mar-2015,,,,Rajasthan High Court,Yes,Telangana High Court,23-Nov-2018,,,,,Yes,Uttarakhand High Court,Telangana High Court,,,,Bar,,Yes,,,,No,,,,,,,"Arcadia University, 
Glenside, PA (USA)",B.A. ,"Delhi University, Delhi",1983,1983,Rajasthan,Yes,,
Vineet Kothari ,Male,,,2-Sep-1959,,,18-Apr-2016,,,,Rajasthan High Court,Yes,Madras High Court,23-Nov-2018,Gujarat High Court,4-Jan-2021,,,,,,,,,Bar,,Yes,,,,No,,,,,,,Jodhpur University,B. Com. (Hons.),,,1984,Rajasthan,,No,Yes
Appasaheb Shantappa Bellunke,Male,,,3-Aug-1957,,,3-Nov-2018,2-Aug-2019,No,No,Karnataka High Court,,,,,,,,,,,,,,,,,,,,,,,,,,,,,,,,,,,
Pralhadrao Govindrao Mutalik Patil,Male,,,22-Feb-1958,,,3-Nov-2018,,,,Karnataka High Court,,,,,,,,,,,,,,,,,,,,,,,,,,,,,,,,,,,
K.N. Phaneendra,Male,,,20-May-1958,,,24-Oct-2013,,,,Karnataka High Court,,,,,,,,,,,,,,Service,Yes,Yes,,,,,,,,,,,,,,,1985,Karnataka,,,
Basavaraj Andanagouda Patil,Male,,,20-Jan-1959,,,14-Nov-2016,,,,Karnataka High Court,,,,,,,,,,,,,,Service,Yes,Yes,,,,,,,,,,,,,"University Law College, Dharwad",1983,1983,Karnataka,,,Yes
John Michael Cunha,Male,Christian,,7-Apr-1959,,,14-Nov-2016,,,,Karnataka High Court,,,,,,,,,,,,,,,,,,,,,,,,,,,,,,,,,,,
H.L. Dattu,Male,,,3-Dec-1950,,,18-Dec-1995,2-Dec-2015,No,No,Karnataka High Court,Yes,Kerala High Court,18-May-2007,,,,,Yes,Chattisgarh High Court,,,Yes,17-Dec-2008,Bar,,Yes,,,Yes,,,,,,,,,,,,1975,Karnataka,,,
T.S. Thakur,Male,,,4-Jan-1952,Jammu & Kashmir,Ramban,1-Mar-1994,4-Jan-2017,No,No,Jammu & Kashmir High Court,Yes,Delhi High Court,1-Jul-2004,,,,,Yes,Punjab & Haryana High Court,,,Yes,17-Nov-2009,Bar,,Yes,Yes,,,,,,,,Yes,,"Govt. Gandhi Memorial 
Science College",B. Sc. ,"Jammu University, Department of Law",,1972,Jammu & Kashmir,,,
J.S. Khehar,Male,Sikh,,28-Aug-1952,,,8-Aug-2010,27-Aug-2017,No,No,Punjab and Haryana High Court,,,,,,,,Yes,Uttarakhand High Court,,,Yes,13-Sep-2011,Bar,,Yes,Yes,,Yes,,,,,,,,"Govt. College, Chandigarh",B. Sc. ,"Panjab University, Chandigarh",1977,1979,Punjab & Haryana,,,Yes
Dinesh Maheshwari,Male,,,15-May-1958,,,12-Feb-2018,,,,Rajasthan High Court,Yes,Allahabad High Court,19-Jul-2014,,,,,Yes,Meghalaya High Court,,,Yes,18-Jan-2019,Bar,,Yes,,,,No,,,,,,,,,Jodhpur University,1980,1981,Rajasthan,,,
Mohan M. Shantanagoudar,Male,,,5-May-1958,,,12-May-2003,,,,Karnataka High Court,,,,,,,,Yes,Kerala High Court,,,Yes,17-Feb-2017,Bar,,Yes,,,,,,,,,Yes,,,,,,1980,Karnataka,,,
K.H.N. Kuranga,Male,,,11-May-1942,,,22-Feb-1993,,,,Karnataka High Court,,,,,,,,Yes,Chattisgarh High Court,,,,,Bar,,Yes,,,,,,,,,,,,,,,1968,Karnataka,,,
Kumar Rajarathnam,Male,,,13-Mar-1942,,,24-Jan-1994,,,,Madras High Court,,,,,,,,Yes,Madhya Pradesh High Court,,,,,Bar,,Yes,,,,,,,,,Yes,,"Loyola College, Madras",,,,1971,Tamil Nadu,,,
S.R. Nayak,Male,,,1-Jan-1945,,,25-Feb-1994,,,,Karnataka High Court,Yes,Andhra Pradesh High Court,21-Mar-1994,Karnataka High Court,1-Jan-2003,,,Yes,Chattisgarh High Court,,,,,,,Yes,,,Yes,,,,,,,,,,Bangalore University,,1974,Karnataka,,,Yes
Deepak Verma,Male,,,28-Aug-1947,Madhya Pradesh,Jabalpur,2-Jan-2008,28-Aug-2012,No,No,Madhya Pradesh High Court,,,,,,,,Yes,Rajasthan High Court,,,Yes,11-May-2009,Bar,,Yes,,,,,,,,,Yes,"Naveen Vidya Bhavan, Jabalpur","St. Aloysius College, Jabalpur",B.A. ,Jabalpur University,,1972,Madhya Pradesh,,,
S.R. Bannurmath,Male,,,23-Jan-1948,,,11-Jun-1997,,,,Karnataka High Court,,,,,,,,,,,,,,Bar,,Yes,,,,,,,,,,,,,,,1973,Karnataka,,,
V. Gopala Gowda,Male,,,6-Oct-1951,Karnataka,Peddur,11-Jun-1997,,,,Karnataka High Court,,,,,,,,Yes,Orissa High Court,,,Yes,24-Dec-2012,Bar,,Yes,,,Yes,,,,,,Yes,,"First Grade College, Chintamani",B. Sc. ,"SJRLC, Bangalore",1975,1975,Karnataka,,,
Manjula Chellur,Female,,,5-Dec-1955,,,21-Feb-2000,,,,Karnataka High Court,,,,,,,,,,,,,,Service,Yes,Yes,,,,,,,,,,,,,,,1978,Karnataka,,,
Vineet Saran,Male,,,11-May-1957,,,16-Feb-2015,,,,Allahabad High Court,,,,,,,,Yes,Orissa High Court,,,,,,,Yes,,,Yes,Yes,,,,,,,Allahabad University,,,,1980,Uttar Pradesh,,,
R.V. Raveendran,Male,,,15-Oct-1946,,,22-Feb-1993,15-Oct-2011,No,No,Karnataka High Court,,,,,,,,Yes,Madhya Pradesh High Court,,,Yes,9-Sep-2005,Bar,,Yes,,,,,,,,,,,,B. Sc. ,,,1968,Karnataka,,,
Ashok Bhan,Male,,,2-Oct-1943,,,7-Oct-1997,2-Oct-2008,No,No,Punjab and Haryana High Court,,,,,,,,,,,,Yes,17-Jun-2001,Bar,,,Yes,,Yes,Yes,,,,,,,,,,,1965,,,,