Name of the Judge,Gender,Religion,Caste,Date of Birth,State of Birth,Place of Birth,Date of Appointment,Date of Retirement,If Died in Office,If resigned from office,Parent High Court,If transferred to any other High Court,"If yes, which High Court 1",Date of such transfer - 1,"If yes, which High Court 2",Date of such transfer – 2,"If yes, which High Court 3",Date of such transfer - 3,If appointed Chief Justice in another High Court,"If yes, which High Court – 1","If yes, which High Court – 2","If yes, which High Court – 3",If appointed to the Supreme Court,Date of appointment to the Supreme Court,Cadre,Experience in Subordinate Judiciary,Litigation Experience,If a Senior Advocate,Experience in High Court Administrative Post,If served as Government Counsel,If served as Advocate General,If empanelled by PSUs,If empanelled by Banks,If empanelled by any Statutory Body,If empanelled by Private Companies,Chamber Details,Schooling Information,Graduation Institution,Graduation Specialization,Law Degree Institution,Law Degree Year,Bar Enrolment Year,State Bar Association where enrolled,Foreign Degree in Law,Post-Graduate in another subject,Post-Graduate in Law
PRITINKER DIWAKER,Male,Hindu,,22-Nov-1961,,,31-Mar-2009,21-Nov-2023,No,, Chhattisgarh High Court,Yes,allahabad high court,3-Oct-2013,,,,,,,,,,,Bar,No,Yes,Yes,,Yes,,Yes,Yes,Yes,Yes,Yes,,,,Durgawati University,,1984,Madhya Pradesh,,,
MANINDRA MOHAN SHRIVASTAVA,Male,Hindu,,6-Mar-1964,Chhatisgarh,Bilaspur,10-Dec-2009,5-Mar-2026,No,No,Chhattisgarh High Court,,,,,,,,,,,,,,Bar,No,Yes,Yes,,,,Yes,,Yes,,,,CMD college,B.sc,K R Law College,,1987,Madhya Pradesh,,,
GOUTAM BHADURI,Male,Hindu,,10-Nov-1962,,,16-Sep-2013,9-Nov-2024,No,No,Chhattisgarh High Court,,,,,,,,,,,,,,Bar,No,Yes,,,Yes,Yes,Yes,Yes,Yes,Yes,Yes,St. Paul Secondary School,Ravi Shankar University,B.com,Ravi Shankar University,,1985,Madhya Pradesh ,,,
SANJAY KUMAR AGRAWAL,Male,Hindu,,15-Jul-1965,Chhatisgarh,Ratanpur,16-Sep-2013,14-Jul-2027,No,No,Chhattisgarh High Court,,,,,,,,,,,,,,Bar,No,Yes,,,Yes,Yes,Yes,Yes,Yes,,Yes,,Guru Ghasidas University,B.sc,Guru Ghasidas University,,1989,Madhya Pradesh,,,Yes
PUTHICHIRA SAM KOSHY,Male,Christian,,30-Apr-1967,,,16-Sep-2013,29-Apr-2029,No,No,Chhattisgarh High Court,,,,,,,,,,,,,,Bar,No,Yes,,,Yes,Yes,Yes,Yes,Yes,Yes,Yes,,G. S. College,B.com,Rani Durgawati Vishwavidyala,1991,1991,Madhya Pradesh,,,
SANJAY AGRAWAL,Male,Hindu,,21-Aug-1964,Chhattisgarh,Bilaspur,29-Sep-2016,20-Aug-2026,No,No,Chhattisgarh High Court,,,,,,,,,,,,,,Bar,No,Yes,,,Yes,,,,,,Yes,,,B.sc(mathematics),Kaushalendra Rao Law College,,1989,Madhya Pradesh,,,
RAJENDRA CHANDRA SINGH SAMANT,Male,Hindu,,,,,29-Sep-2016,30-Jun-2022,No,No,Chhattisgarh High Court,,,,,,,,,,,,,,Service,Yes,,,,,,,,,,,,,,,,,,,,
SHARAD KUMAR GUPTA,Male,Hindu,,14-Apr-1959,Chhatisgarh,Rajnandgaon,27-Jun-2017,31-Mar-2021,No,Yes,Chhattisgarh High Court,,,,,,,,,,,,,,Service,Yes,,,,,,,,,,,,Awadhesh Pratap University,B.sc,Jivaji University,,,,,,
RAM PRASANNA SHARMA,Male,Hindu,,20-May-1958,,,27-Jun-2017,19-May-2020,No,No,Chhattisgarh High Court,,,,,,,,,,,,,,Service,Yes,,,,,,,,,,,,,,,,,,,,
ARVIND SINGH CHANDEL,Male,Hindu,,1-Sep-1963,Chhattisgarh,Bilaspur,27-Jun-2017,31-Aug-2025,No,No,Madhya pradesh and Chhattisgarh,,,,,,,,,,,,,,Service,Yes,,,Yes,,,,,,,,,Pt. Ravi Shankar Shukla University,B.A,Guru Ghasidas University,,1987,Madhya Pradesh,,,
PARTH PRATEEM SAHU,Male,Hindu,,19-Apr-1971,Madhya Pradesh,Dhamtari,18-Jun-2018,18-Apr-2033,No,No,Madhya pradesh and Chhattisgarh,,,,,,,,,,,,,,Bar,Yes,Yes,,,,,,,,,Yes,,Rani Durgawati University,B.com,Rani Durgawati University,,1996,Madhya Pradesh,,,
GAUTAM CHOURDIYA,Male,Hindu,,4-Jul-1960,Chhattisgarh,Rajnandgaon,18-Jun-2018,3-Jul-2022,No,No,Madhya pradesh and Chhattisgarh,,,,,,,,,,,,,,Service,Yes,Yes,,Yes,,,,,,,Yes,,Digvijay College,B.com,Pt. Ravi Shankar University,,1984,Madhya Pradesh,,,
VIMLA SINGH KAPOOR,Female,Hindu,,16-Nov-1959,,,18-Jun-2018,17-Jun-2021,No,No,Chhattisgarh High Court,,,,,,,,,,,,,,Service,Yes,,,,,,,,,,,,,,,,,,,,
RAJANI DUBEY,Female,Hindu,,30-Jun-1964,Madhya Pradesh,Jabalpur,18-Jun-2018,29-Jun-2026,No,No,Madhya Pradesh and Chhattisgarh,,,,,,,,,,,,,,Service,Yes,Yes,,Yes,,,,,,,Yes,,"Government Degree College,Mandla",,Rani Durgawati University,,1987,Madhya Pradesh,,,
CHANDRA BHUSHAN BAJPAI,Male,Hindu,,14-Oct-1955,Madhya Pradesh,,27-Jan-2014,13-Oct-2017,No,No,Chhattisgarh High Court,,,,,,,,,,,,,,Service,Yes,,,,,,,,,,,,,,,,,,,Yes,
ANIL KUMAR SHUKLA,Male,Hindu,,,,,29-Sep-2016,30-Jun-2017,No,No,Chhattisgarh High Court,,,,,,,,,,,,,,Service,Yes,,,,,,,,,,,,,B.sc,,,,,,Yes,
INDER SINGH UBOWEJA,Male,Sikh,,1-Jun-1954,,,27-Jan-2014,31-May-2016,No,No,Chhattisgarh High Court,,,,,,,,,,,,,,Service,Yes,Yes,,,,,,,,,Yes,,,B.A,,,1978,Madhya  Pradesh,,Yes,
TANKESHWAR PRASAD SHARMA,Male,Hindu,,19-Jun-1953,,,11-Jan-2008,18-Jun-2015,No,No,Chhattisgarh High Court,,,,,,,,,,,,,,Service,Yes,Yes,,,,,,,,,Yes,,,B.sc,,,,Madhya  Pradesh,,,
R.N. CHANDRAKAR,Male,Hindu,,5-Aug-1952,,,31-Mar-2009,4-Aug-2014,No,No,Chhattisgarh High Court,,,,,,,,,,,,,,Bar,No,Yes,,Yes,,,,,,,,,,,,,1975,,,,
NAWAL KISHORE AGARWAL,Male,Hindu,,24-Jul-1952,,,31-Mar-2009,24-Jul-2014,No,No,Chhattisgarh High Court,,,,,,,,,,,,,,Bar,No,Yes,,,,,,,,,Yes,,,B.sc,,,1979,Madhya Pradesh,,Yes,
SUNIL KUMAR SINHA,Male,Hindu,,7-Jul-1954,,,1-Dec-2004,6-Jul-2016,No,No,Chhattisgarh High Court,Yes,Sikkim high court,14-Jul-2014,,,,,,,,,,,Bar,No,Yes,,,,,,,,,Yes,,,B.sc,,,1980,Madhya Pradesh,,Yes,
RADHE SHYAM SHARMA,Male,Hindu,,25-Nov-1951,,,10-May-2011,8-Oct-2013,No,Yes,Chhattisgarh High Court,,,,,,,,,,,,,,Service,Yes,,,Yes,,,,,,,,,,B.sc,,,,,,,
SATISH KUMAR AGNIHOTRI,Male,Hindu,,1-Jul-1956,,,5-May-2005,20-Jun-2018,No,No,Chhattisgarh High Court,Yes,Madras High Court,26-Sep-2013,,,,,Yes,Sikkim High Court,,,Yes,,Bar,No,Yes,,,Yes,,,,,,Yes,,,B.A,,,1982,Delhi,,Yes,
GHULAM MINHUJUDDIN,Male,Muslim,,12-Jul-1951,,,10-May-2011,11-Jul-2013,No,No,Chhattisgarh High Court,,,,,,,,,,,,,,Service,Yes,,,,,,,,,,,,,B.sc,,,,,,,
ABHAY MANOHAR SAPRE,Male,Hindu,,28-Aug-1954,,,25-Oct-1999,27-Aug-2019,No,No,Madhya Pradesh and Chhattisgarh,Yes,Rajasthan High Court,11-Feb-2010,Chhattisgarh High Court,23-Apr-2012,manipur high court,23-Feb-2013,Yes,Manipur High Court,Gauhati High Court,,Yes,13-Aug-2014,Bar,No,Yes,,,,,,,,,Yes,,,B.A,,,1978,Madhya Pradesh,,,
ISHRAT MASROOR QUDDUSI,Male,Muslim,,18-Jun-1950,,,18-Apr-1995,18-Jun-2012,No,No,Allahabad High Court,Yes,Orrisa High Court,6-Dec-2004,Chhattisgarh High Court,26-Mar-2010,,,Yes,Orrisa High Court,,,,,Bar,No,Yes,,,Yes,,,,,,,,,B.A,,,1976,Allahabad ,,,
RAJESHWAR LAL JHANWAR,Male,Hindu,,6-Jul-1949,,,31-Mar-2009,6-Jul-2011,No,No,Chhattisgarh High Court,,,,,,,,,,,,,,Service,Yes,Yes,,,,,,,,,,,,,,,,,,,
DILIP RAOSAHEB DESHMUKH,Male,Hindu,,6-Sep-1947,,,5-May-2005,5-Sep-2009,No,No,Chhattisgarh High Court,,,,,,,,,,,,,,Service,Yes,Yes,,,,,,,,,Yes,,,B.A,,,1973,Bombay ,,,Yes
DHIRENDRA MISHRA,Male,Hindu,,12-Apr-1949,,,1-Dec-2004,23-Apr-2011,No,No,Chhattisgarh High Court,,,,,,,,,,,,,,Bar,No,Yes,,,,,,,,,,,,,,,,,,,
VIJAY KUMAR SHRIVASTAVA,Male,Hindu,,,,,,,,,,,,,,,,,,,,,,,,,,,,,,,,,,,,,,,,,,,,
L.C. BHADOO,Male,Hindu,,,,,,,,,,,,,,,,,,,,,,,,,,,,,,,,,,,,,,,,,,,,
PRAKASH CHANDRA NAIK,Male,Hindu,,,,,,,,,,,,,,,,,,,,,,,,,,,,,,,,,,,,,,,,,,,,
FAKHRUDDIN,Male,Muslim,,,,,,,,,,,,,,,,,,,,,,,,,,,,,,,,,,,,,,,,,,,,
ROHIT ARYA,Male,Hindu,,28-Apr-1962,,,,,,,Madhya Pradesh,,,,,,,,,,,,Yes,,Bar,,Yes,,,,,,,,,,,,,,,1984,Madhya Pradesh,,,
RAJEEV GUPTA,Male,Hindu,,10-Oct-1950,,,,,,,Madhya Pradesh,,,,,,,,Yes,Kerela High Court,Uttranchal High Court,Chhattisgarh High Court,,,Bar,,Yes,,,,,,,,,Yes,,,B.A,,,1973,Madhya Pradesh,,,
YATINDRA SINGH,Male,Hindu,,9-Oct-1952,,,,,,,Allahabad High Court,,,,,,,,Yes,Chhattisgarh High Court,,,,,Bar,,Yes,,,,,,,,,Yes,,,B.sc,,,1973,,,,
PRASHANT KUMAR MISHRA,Male,Hindu,,29-Aug-1964,Chhatisgarh,Raigarh,,,,,Chhattisgarh High Court,,,,,,,,,,,,,,Bar,,Yes,Yes,,,Yes,,,Yes,,,,Guru Ghasidas University,B.sc,Guru Ghasidas University,,1984,Madhya Pradesh,No,Yes,
AJAY KUMAR TRIPATHI,Male,Hindu,,5-Jul-1961,Uttar Pradesh,Pratapgarh,,,,,Patna High Court,,,,,,,,Yes,Chhatisgarh High court,,,,,Bar,,Yes,,,,,,,Yes,,,,,,,,,,,Yes,
NAVIN SINHA,Male,Hindu,,19-Aug-1956,,,,,,,Patna High Court,,,,,,,,Yes,Chhattisgarh High Court,Rajasthan High Court,,Yes,17-Feb-2017,,,Yes,,,,,Yes,,,,Yes,,,B.A(hons.),,,1979,Patna ,,,
JAGDISH BHALLA ,Male,Hindu,,1-Nov-1948,,,5-Apr-1995,1-Nov-2010,,No,Allahabad High Court,,,,,,,,,,,,,,Bar,,Yes,,,Yes,,,,,,Yes,,,,,,,,,,
NARENDRA KUMAR VYAS,Male,Hindu,,5-Oct-1970,Chhattisgarh,Raipur,22-Mar-2021,,,No,Chhattisgarh High Court,,,,,,,,,,,,,,Bar,,Yes,,,,,Yes,Yes,Yes,Yes,Yes,,"Government degree college,Mandla",B.A,Rani Durgawati,,1987,Madhya Pradesh,,,
NARESH KUMAR CHANDRAVANSHI,Male,Hindu,,6-Nov-1965,Chhattisgarh,udpala,22-Mar-2021,,,No,Chhattisgarh High Court,,,,,,,,,,,,,,Service,,,,,,,,,,,,,,,Hari Singh Gaur University,,,,,,
R.S. GARG,Male,Hindu,,18-Jun-1948,,,15-Dec-1994,18-Jun-2010,,No,Madhya Pradesh,,,,,,,,,,,,,,Bar,,Yes,,,,,,,,,Yes,,Hari Singh Gaur university,,,,1971,Madhya Pradesh,,Yes,