Name of the Judge,Gender,Date of Birth,State of Birth,Place of Birth,Date of Appointment,Date of Retirement,If Died in Office,If resigned from office,Parent High Court,If transferred to any other High Court,"If yes, which High Court 1",Date of such transfer - 1,"If yes, which High Court 2",Date of such transfer – 2,"If yes, which High Court 3",Date of such transfer - 3,If appointed Chief Justice in another High Court,"If yes, which High Court – 1","If yes, which High Court – 2","If yes, which High Court – 3",If appointed to the Supreme Court,Date of appointment to the Supreme Court,Cadre,Experience in Subordinate Judiciary,Litigation Experience,If a Senior Advocate,Experience in High Court Administrative Post,If served as Counsel for Government/PSU/Statutory Body,If served as Advocate General,If empanelled by Banks,If empanelled by Private Companies,Chamber Details,Schooling Information,Graduation Institution,Graduation Specialization,Law Degree Institution,Law Degree Year,Bar Enrolment Year,State Bar Association where enrolled,Foreign Degree in Law,Post-Graduate in another subject,Post-Graduate in Law
A.Ramalingeshwar Rao,Male,1956-05-21T00:00:00Z,Andhra Pradesh,West Godavari District,2013-09-21T00:00:00Z,2018-05-21T00:00:00Z,No,No,Andhra Pradesh,No,Not Applicable,Not Applicable,Not Applicable,Not Applicable,Not Applicable,Not Applicable,No,Not Applicable,Not Applicable,Not Applicable,No,Not Applicable,Bar,Yes,Yes,No,No,Yes,No,No,Yes,No,Not Available,Andhra University,Commerce,Osmania University,Not Available,1982,Andhra Pradesh,No,Yes,Yes
A.S.Bhate,Male,1937-11-25T00:00:00Z,Maharashtra,Vidarbha,1994-11-05T00:00:00Z,1999-11-25T00:00:00Z,No,No,Bombay,Yes,Andhra Pradesh,1994-11-05T00:00:00Z,Not Applicable,Not Applicable,Not Applicable,Not Applicable,No,Not Applicable,Not Applicable,Not Applicable,No,Not Applicable,Bar,No,Yes,No,Not Applicable,No,Not Available,Not Available,Not Available,No,Not Available,Not Available,Not Available,Not Available,Not Available,Not Available,Not Available,Not Available,Not Available,Not Available
A.Shankar Narayana,Male,1956-07-01T00:00:00Z,Andhra Pradesh,Dhone in Kurnool District,2013-10-23T00:00:00Z,2018-06-30T00:00:00Z,No,No,Andhra Pradesh,No,Not Applicable,Not Applicable,Not Applicable,Not Applicable,Not Applicable,Not Applicable,No,Not Applicable,Not Applicable,Not Applicable,No,Not Applicable,Service,Yes,Yes,No,Yes,Yes,No,No,No,No,Not Available,Nanakram Bhagwan Das Science College,Science,Osmania University,Not Available,1979,Telangana,No,No,Yes
Abhinand Kumar Shavili,Male,1963-10-08T00:00:00Z,Not Available,Not Available,2017-09-21T00:00:00Z,2025-10-07T00:00:00Z,No,No,Andhra Pradesh,No,Not Applicable,Not Applicable,Not Applicable,Not Applicable,Not Applicable,Not Applicable,No,Not Applicable,Not Applicable,Not Applicable,No,Not Applicable,Bar,No,Yes,No,Not Applicable,Yes,No,Not Available,Not Available,No,"St. Johns Grammar School, Secunderabad and 
Intermediate from Nrupatunga Junior College, Hyderabad","Nizam College (Osmania University, Hyderabad)",Science,Osmania University Campus Law College,Not Available,1989,Andhra Pradesh,No,No,No
Adavalli Rajasheker Reddy,Male,1960-05-04T00:00:00Z,Telangana,Nalgonda District,2013-04-12T00:00:00Z,2022-05-03T00:00:00Z,No,No,Andhra Pradesh,No,Not Applicable,Not Applicable,Not Applicable,Not Applicable,Not Applicable,Not Applicable,No,Not Applicable,Not Applicable,Not Applicable,No,Not Applicable,Bar,No,Yes,No,Not Applicable,Yes,No,No,Yes,No,"New Science College, Hyderabad","A.V. College, Hyderabad",Not Available,Kakatiya University,Not Available,1985,Andhra Pradesh,No,No,No
Akula Venkata Sesha Sai,Male,1962-06-03T00:00:00Z,Andhra pradesh,Bhimavaram,2014-09-08T00:00:00Z,2024-07-02T00:00:00Z,No,No,Andhra Pradesh,No,Not Applicable,Not Applicable,Not Applicable,Not Applicable,Not Applicable,Not Applicable,No,Not Applicable,Not Applicable,Not Applicable,No,Not Applicable,Bar,No,Yes,No,Not Applicable,Yes,No,No,No,No,"K.G.R.L. College, Bhimavaram","D.N.R. College, Bhimavaram",Not Available,"Sir C.R. Reddy College, Eluru",Not Available,1987,Andhra Pradesh,No,No,No
Anil Ramesh Dave,Male,1951-11-19T00:00:00Z,Sikkim,Gangtok,2008-01-07T00:00:00Z,2016-11-18T00:00:00Z,No,No,Gujarat,Yes,Andhra Pradesh,2008-01-07T00:00:00Z,Not Applicable,Not Applicable,Not Applicable,Not Applicable,Yes,Andhra Pradesh,Bombay,Not Applicable,Yes,2010-04-30T00:00:00Z,Bar,No,Yes,No,Not Applicable,Yes,No,No,No,No,Not Available,Not Available,Commerce,Not Applicable,Not Available,1976,Gujarat,No,No,Yes
Anis,Female,1955-10-21T00:00:00Z,Andhra Pradesh,"Ongole, Prakasam Dist.",2013-10-23T00:00:00Z,2017-10-20T00:00:00Z,No,No,Andhra Pradesh,No,Not Applicable,Not Applicable,Not Applicable,Not Applicable,Not Applicable,Not Applicable,No,Not Applicable,Not Applicable,Not Applicable,No,Not Applicable,Service,Yes,Yes,No,No,No,No,No,No,No,Not Available,"P.R. College, Kakinada",Not Available,Andhra University,Not Applicable,1979,Andhra Pradesh,No,Yes,No
Arup Kumar Goswami,Male,1961-03-11T00:00:00Z,Assam,Jorhat,2011-01-24T00:00:00Z,2023-03-10T00:00:00Z,No,No,Sikkim,Yes,Andhra Pradesh,2021-01-06T00:00:00Z,Not Applicable,Not Applicable,Not Applicable,Not Applicable,Yes,Andhra Pradesh,Chhattisgarh,Not Applicable,No,Not Applicable,Bar,No,Yes,Yes,Not Applicable,Yes,No,No,No,No,Not Applicable,Cotton College under Gauhati University in 1981,Economics,"Government Law College, Guwahati",1985,1985,"Assam, Nagaland, Meghalaya, Manipur, Tripura, Mizoram and Arunachal Pradesh",No,No,No
Ashutosh Mohunta,Male,1953-02-25T00:00:00Z,Rajasthan,Ajmer,2001-07-02T00:00:00Z,2015-02-24T00:00:00Z,No,No,Punjab and Haryana,Yes,Andhra Pradesh,2010-10-28T00:00:00Z,Punjab and Haryana,2014-06-26T00:00:00Z,Not Applicable,Not Applicable,Yes,Punjab and Haryana,Not Applicable,Not Applicable,No,Not Applicable,Service,Yes,Yes,No,No,Yes,No,No,No,No,"Mayo College, Ajmer","Kirori Mal College, New delhi",History,"Law Faculty, Delhi University",1976,1977,Not Available,No,No,No
B. Krishna Mohan,Male,1965-02-05T00:00:00Z,Andhra Pradesh,Guntur,2020-05-02T00:00:00Z,2027-02-04T00:00:00Z,No,No,Andhra Pradesh,No,Not Applicable,Not Applicable,Not Applicable,Not Applicable,Not Applicable,Not Applicable,No,Not Applicable,Not Applicable,Not Applicable,No,Not Applicable,Bar,No,Yes,No,Not Applicable,Yes,No,Yes,Yes,Yes,"Majeti Guruvaiah High School, Guntur","Hindu College, Guntur",Science,"Andhra Christian Law College, Guntur affiliated to Acharya Nagarjuna University",1989,1989,Andhra Pradesh,No,No,No
B.K.Somasekhara,Male,1936-01-27T00:00:00Z,Karnataka,Doddaballapur,1994-02-25T00:00:00Z,1998-01-27T00:00:00Z,No,No,Karnataka,Yes,Andhra Pradesh,1994-03-21T00:00:00Z,Not Applicable,Not Applicable,Not Applicable,Not Applicable,No,Not Applicable,Not Applicable,Not Applicable,No,Not Applicable,Service,Yes,Yes,No,No,No,No,No,No,No,Not Available,Not Available,Not Available,Not Available,1959,1960,Karnataka,Not Available,Not Available,Not Available
B.N.Rao Nalla,Male,1951-06-12T00:00:00Z,Telangana,Karimnagar,2009-10-14T00:00:00Z,2013-06-11T00:00:00Z,No,No,Andhra Pradesh,No,Not Applicable,Not Applicable,Not Applicable,Not Applicable,Not Applicable,Not Applicable,No,Not Applicable,Not Applicable,Not Applicable,No,Not Applicable,Service,Yes,Yes,No,Yes,No,No,No,No,No,"M.P.H.S.S.(Multi Purpose Higher Secondary School), Jagtiyal","City College, Hyderabad",Not Available,University of Bombay,Not Available,1978,Bombay Later shifted to Andhra Pradesh,No,No,Yes
B.S.Raikote,Male,1937-10-07T00:00:00Z,Karnataka,Gulbarga District,1994-03-21T00:00:00Z,1999-10-07T00:00:00Z,No,No,Karnataka,Yes,Andhra Pradesh,1994-03-21T00:00:00Z,Not Applicable,Not Applicable,Not Applicable,Not Applicable,No,Not Applicable,Not Applicable,Not Applicable,No,Not Applicable,Bar,No,Yes,No,Not Applicable,No,No,Not Available,Not Available,Not Available,Not Available,Not Available,Not Available,Not Available,Not Available,Not Available,Not Available,Not Available,Not Available,Not Available
B.V.Ranga Raju,Male,1936-07-12T00:00:00Z,Andhra Pradesh,Visakhapatnam,1996-07-17T00:00:00Z,1998-07-11T00:00:00Z,No,No,Andhra Pradesh,No,Not Applicable,Not Applicable,Not Applicable,Not Applicable,Not Applicable,Not Applicable,No,Not Applicable,Not Applicable,Not Applicable,No,Not Applicable,Service,Yes,Yes,No,Yes,No,No,No,No,Yes,Not Available,Not Available,Not Available,Andhra University,1955,Not Available,Not Available,Not Available,Not Available,Not Available
Battu Devanand,Male,1966-04-14T00:00:00Z,Andhra Pradesh,Krishna,2020-01-13T00:00:00Z,2028-04-13T00:00:00Z,No,No,Andhra Pradesh,No,Not Applicable,Not Applicable,Not Applicable,Not Applicable,Not Applicable,Not Applicable,No,Not Applicable,Not Applicable,Not Applicable,No,Not Applicable,Bar,No,Yes,No,Not Applicable,Yes,No,No,No,Yes,"A.N.R. College, Gudivada","A.N.R. College, Gudivada",Arts,"College of Law, Andhra University, Visakhapatnam",Not Available,1989,Andhra Pradesh,No,No,No
Bejaram Chandra Kumar,Male,1953-01-07T00:00:00Z,Not Available,Adilabad,2010-11-26T00:00:00Z,2015-01-06T00:00:00Z,No,No,Andhra Pradesh,No,Not Applicable,Not Applicable,Not Applicable,Not Applicable,Not Applicable,Not Applicable,No,Not Applicable,Not Applicable,Not Applicable,No,Not Applicable,Service,Yes,Yes,No,No,No,No,No,No,Yes,Not Available,Not Available,Not Available,Osmania University,1978,Not Available,Andhra Pradesh,No,No,No
C. Praveen Kumar,Male,1961-02-26T00:00:00Z,Not Available,Hyderabad,2012-06-29T00:00:00Z,2023-02-25T00:00:00Z,No,No,Andhra Pradesh,No,Not Applicable,Not Applicable,Not Applicable,Not Applicable,Not Applicable,Not Applicable,No,Not Applicable,Not Applicable,Not Applicable,No,Not Applicable,Bar,No,Yes,No,Not Applicable,No,No,No,No,No,"Little Flower High School, Hyderabad","Nizam College, Hyderabad",Science,"University College of law, Osmania University, Hyderabad",Not Available,1986,Andhra Pradesh,No,No,No
C.V.N.Sastri,Male,1938-07-02T00:00:00Z,Andhra Pradesh,Eluru,1995-05-02T00:00:00Z,2000-07-02T00:00:00Z,No,Not Available,Andhra Pradesh,No,Not Applicable,Not Applicable,Not Applicable,Not Applicable,Not Applicable,Not Applicable,No,Not Applicable,Not Applicable,Not Applicable,No,Not Applicable,Bar,No,Yes,No,Not Applicable,No,No,Not Available,Not Available,No,Not Available,Not Available,Not Available,Not Available,Not Available,1967,Andhra Pradesh,Not Available,Not Available,Not Available
C.V.Nagarjuna Reddy,Male,1956-12-05T00:00:00Z,Andhra Pradesh,Kadapa,2008-04-10T00:00:00Z,2008-12-04T00:00:00Z,No,No,Andhra Pradesh,No,Not Applicable,Not Applicable,Not Applicable,Not Applicable,Not Applicable,Not Applicable,No,Not Applicable,Not Applicable,Not Applicable,No,Not Applicable,Bar,No,Yes,Yes,Not Applicable,Yes,Yes,Yes,Yes,Yes,Not Applicable,Not Applicable,Not Available,Not Applicable,Not Available,Not Available,Andhra Pradesh,No,No,No
Chagari Praveen Kumar,Male,1961-02-26T00:00:00Z,Telangana,Hyderabad,2013-12-04T00:00:00Z,2023-02-23T00:00:00Z,No,No,Andhra Pradesh,No,Not Applicable,Not Applicable,Not Applicable,Not Applicable,Not Applicable,Not Applicable,No,Not Applicable,Not Applicable,Not Applicable,No,Not Applicable,Bar,No,Yes,No,Not Applicable,No,No,No,No,Yes,Little Flower College,"Nizam College, Hyderabad",Science,"University College of law, Osmania University, Hyderabad",Not Available,1986,Andhra Pradesh,No,No,No
Cheekati Manavendranath Roy,Male,1964-05-21T00:00:00Z,Andhra Pradesh,Vizianagaram,2019-06-20T00:00:00Z,2026-05-26T00:00:00Z,No,No,Andhra Pradesh,No,Not Applicable,Not Applicable,Not Applicable,Not Applicable,Not Applicable,Not Applicable,No,Not Applicable,Not Applicable,Not Applicable,No,Not Applicable,Service,Yes,Yes,No,Yes,No,No,No,No,Yes,"Government Junior College, Parvathipuram","S.V. Degree College, Parvathipuram",Not Available,"M.V.P. Law College, Vizag",Not Available,1988,Andhra Pradesh,No,No,No
D.H.Nasir,Male,1936-01-02T00:00:00Z,Gujarat,Surat,1995-01-23T00:00:00Z,1998-01-02T00:00:00Z,No,No,Gujarat,Yes,Andhra Pradesh,1995-03-23T00:00:00Z,Not Applicable,Not Applicable,Not Applicable,Not Applicable,No,Not Applicable,Not Applicable,Not Applicable,No,Not Applicable,Service,Yes,Yes,No,No,No,No,No,No,No,Not Available,Not Available,Not Available,Not Available,Not Available,1974,Gujarat,Not Available,Not Available,Not Available
D.Seshadri Naidu,Male,1962-06-19T00:00:00Z,Andhra Pradesh,Chitoor,2013-09-21T00:00:00Z,2021-08-18T00:00:00Z,No,Yes,Andhra Pradesh,Yes,Kerala,2014-06-30T00:00:00Z,Bombay,2019-03-01T00:00:00Z,Not Applicable,Not Applicable,No,Not Applicable,Not Applicable,Not Applicable,No,Not Applicable,Bar,Yes,Yes,Not Applicable,No,Yes,No,Yes,Yes,Yes,Not Available,Andhra University,Not Available,"Sri Venkateswara University, Tirupathi",Not Applicable,1997,Andhra Pradesh,No,No,No
D.V.S.S. Somayajulu,Male,1961-09-26T00:00:00Z,Andhra Pradesh,Not Available,2017-09-21T00:00:00Z,2023-09-25T00:00:00Z,No,No,Andhra Pradesh,No,Not Applicable,Not Applicable,Not Applicable,Not Applicable,Not Applicable,Not Applicable,No,Not Applicable,Not Applicable,Not Applicable,No,Not Applicable,Bar,No,Yes,No,Not Applicable,Yes,No,Yes,Yes,Yes,Not Available,"Dr.L.B. College, Visakhapatnam",Commerce,"Andhra University, Visakhapatnam",Not Available,Not Available,Andhra Pradesh,No,No,No
Dilip Babasaheb Bhosale,Male,1956-10-24T00:00:00Z,Maharashtra,Satara Dist.,2001-01-22T00:00:00Z,2018-10-23T00:00:00Z,No,No,Bombay,Yes,Karnataka,2012-01-06T00:00:00Z,Andhra Pradesh,2015-05-07T00:00:00Z,Allahabad,2016-07-30T00:00:00Z,Yes,Allahabad,Not Applicable,Not Applicable,No,Not Applicable,Bar,No,Yes,No,Not Applicable,Yes,No,Yes,Yes,Yes,NA,"Government Law College, Mumbai",Not Available,"Government Law College, Mumbai",Not Available,1980,Maharashtra,No,No,No
Donadi Ramesh,Male,1965-06-27T00:00:00Z,Andhra Pradesh,Chitoor,2020-01-13T00:00:00Z,2027-06-26T00:00:00Z,No,No,Andhra Pradesh,No,Not Applicable,Not Applicable,Not Applicable,Not Applicable,Not Applicable,Not Applicable,No,Not Applicable,Not Applicable,Not Applicable,No,Not Applicable,Bar,No,Yes,No,Not Applicable,Yes,No,No,No,No,Not Available,Sri Venkateswara Arts College,Arts,"V.R.Law College, Nellore",1990,1990,Andhra Pradesh,No,No,No
G. Shyam Prasad,Male,1958-09-27T00:00:00Z,Andhra Pradesh,Guntur,2016-05-20T00:00:00Z,2020-09-26T00:00:00Z,No,No,Andhra Pradesh,No,Not Applicable,Not Applicable,Not Applicable,Not Applicable,Not Applicable,Not Applicable,No,Not Applicable,Not Applicable,Not Applicable,No,Not Applicable,Service,Yes,Yes,No,No,No,No,No,No,No,"Sri Pulipaka Kamala Hanumantaraya High School, Guntur","Hindu College, Guntur",Commerce,"V.R. Law College, Nellore",Not Available,Not Available,Andhra Pradesh,No,No,No
G.Krishna Mohan Reddy,Male,1951-02-11T00:00:00Z,Andhra Pradesh,Nellore,2011-01-20T00:00:00Z,2013-02-10T00:00:00Z,No,No,Andhra Pradesh,No,Not Applicable,Not Applicable,Not Applicable,Not Applicable,Not Applicable,Not Applicable,No,Not Applicable,Not Applicable,Not Applicable,No,Not Applicable,Service,Yes,Yes,No,No,No,No,No,No,Yes,Not Available,"Arts College, Ananthapur",Science,S.V.University Law College at Ananthapur.,Not Available,1976,Andhra Pradesh,No,No,No
Gunda Chandraiah,Male,1954-05-10T00:00:00Z,Andhra Pradesh,Adilabad District,2005-05-26T00:00:00Z,2016-05-09T00:00:00Z,No,No,Andhra Pradesh,No,Not Applicable,Not Applicable,Not Applicable,Not Applicable,Not Applicable,Not Applicable,No,Not Applicable,Not Applicable,Not Applicable,No,Not Applicable,Bar,No,Yes,No,Not Applicable,Yes,No,Not Available,Not Available,Yes,"Z.P.H.S., Tapalapur","Government Arts and Science College, Adilabad",Not Available,"Osmania University, Hyderabad",Not Available,Not Available,Andhra Pradesh,No,Yes,Yes
I. Venkatanarayana,Male,1940-04-02T00:00:00Z,Andhra Pradesh,Chittoor,1999-05-17T00:00:00Z,2002-04-02T00:00:00Z,No,No,Andhra Pradesh,No,Not Applicable,Not Applicable,Not Applicable,Not Applicable,Not Applicable,Not Applicable,No,Not Applicable,Not Applicable,Not Applicable,No,Not Applicable,Bar,No,Yes,No,Not Applicable,No,No,Yes,Yes,Yes,District Board High School,"Pachiyappa’s College, Madras University",Not Available,Delhi University,Not Available,Not Available,Andhra Pradesh,No,No,Yes
J. Uma Devi,Female,1959-09-26T00:00:00Z,Andhra Pradesh,Ananthapur,2017-09-17T00:00:00Z,2021-09-25T00:00:00Z,No,No,Andhra Pradesh,No,Not Applicable,Not Applicable,Not Applicable,Not Applicable,Not Applicable,Not Applicable,No,Not Applicable,Not Applicable,Not Applicable,No,Not Applicable,Service,Yes,Yes,No,No,No,No,No,No,Yes,Not Available,Not Available,Commerce,"Sri Krishna Devaraya University, Ananthapur",1986,1986,Andhra Pradesh,No,No,Yes
Jitendra Kumar Maheshwari,Male,1961-06-29T00:00:00Z,Madhya Pradesh,"Jaura, District Morena",2005-11-25T00:00:00Z,2023-06-28T00:00:00Z,No,No,Madhya Pradesh,No,Not Applicable,Not Applicable,Not Applicable,Not Applicable,Not Applicable,Not Applicable,Yes,Andhra Pradesh,Sikkim,Not Applicable,Yes,2021-08-31T00:00:00Z,Bar,No,Yes,No,Not Applicable,Yes,No,Yes,Yes,Yes,Not Available,Not Available,Not Available,Jiwaji University,1985,1985,Madhya Pradesh,No,No,Yes
Joymalya Bagchi,Male,1966-10-03T00:00:00Z,West Bengal,Not Available,2011-06-27T00:00:00Z,2028-10-02T00:00:00Z,No,No,Calcutta,Yes,Andhra Pradesh,2021-01-04T00:00:00Z,Calcutta,2021-11-08T00:00:00Z,Not Applicable,Not Applicable,No,Not Applicable,Not Applicable,Not Applicable,No,Not Applicable,Bar,No,Yes,No,Not Applicable,Yes,No,Not Available,No,No,Calcutta Boys' School,Not Available,Not Available,Calcutta University,1991,1991,West Bengal,No,No,No
K. Vijaya Lakshmi,Female,1960-09-20T00:00:00Z,Not Available,Not Available,2017-09-21T00:00:00Z,2022-09-19T00:00:00Z,No,No,Andhra Pradesh,No,Not Applicable,Not Applicable,Not Applicable,Not Applicable,Not Applicable,Not Applicable,No,Not Applicable,Not Applicable,Not Applicable,No,Not Applicable,Bar,No,Yes,No,Not Applicable,Yes,No,No,No,Yes,Not Available,Not Available,Not Available,"Sir C. Ramalinga Reddy Law College, Eluru",Not Available,Not Available,Andhra Pradesh,No,No,Yes
K.B.Siddappa,Male,1938-07-01T00:00:00Z,Andhra Pradesh,Anantapur District,1995-07-14T00:00:00Z,2000-07-01T00:00:00Z,No,No,Andhra Pradesh,No,Not Applicable,Not Applicable,Not Applicable,Not Applicable,Not Applicable,Not Applicable,No,Not Applicable,Not Applicable,Not Applicable,No,Not Applicable,Bar,No,Yes,No,Not Applicable,No,No,Not Available,Not Available,Not Available,Not Available,Not Available,Not Available,Not Available,Not Available,Not Available,Not Available,No,No,No
K.Chandra Bhanu,Male,1953-07-15T00:00:00Z,Andhra Pradesh,Not Available,2002-12-02T00:00:00Z,2015-07-14T00:00:00Z,No,No,Andhra Pradesh,No,Not Applicable,Not Applicable,Not Applicable,Not Applicable,Not Applicable,Not Applicable,No,Not Applicable,Not Applicable,Not Applicable,No,Not Applicable,Service,Yes,Yes,No,Yes,No,No,No,No,No,"Municipal Town High School, Rajahmundry","Government College, Rajahmundry",Arts,"Andhra University, Visakhapatnam",Not Available,1977,Andhra Pradesh,No,No,No
K.G.Shankar,Male,1952-11-26T00:00:00Z,Andhra Pradesh,Not Available,2010-11-15T00:00:00Z,2014-11-25T00:00:00Z,No,No,Andhra Pradesh,No,Not Applicable,Not Applicable,Not Applicable,Not Applicable,Not Applicable,Not Applicable,No,Not Applicable,Not Applicable,Not Applicable,No,Not Applicable,Service,Yes,Yes,No,No,No,No,No,No,Yes,"PVR High School, Ongole","Government Arts College, Srikakulam (Andhra University)",Commerce,"Andhra University Law College, Visakhapatnam",1976,1976,Andhra Pradesh,No,No,Yes
K.S.Appa Rao,Male,1951-03-05T00:00:00Z,Andhra Pradesh,Rajahmundry,2011-01-20T00:00:00Z,2013-03-04T00:00:00Z,No,No,Andhra Pradesh,No,Not Applicable,Not Applicable,Not Applicable,Not Applicable,Not Applicable,Not Applicable,No,Not Applicable,Not Applicable,Not Applicable,No,Not Applicable,Service,Yes,Yes,No,No,No,No,No,No,No,Not Available,D.R. Goenka Government College,Commerce,Andhra University,Not Available,1975,Andhra Pradesh,No,No,Yes
K.S.Shrivastav,Male,1938-03-03T00:00:00Z,Not Available,Not Available,1994-09-27T00:00:00Z,2000-03-03T00:00:00Z,No,No,Madhya Pradesh,Yes,Andhra Pradesh,1994-10-06T00:00:00Z,Not Applicable,Not Applicable,Not Applicable,Not Applicable,No,Not Applicable,Not Applicable,Not Applicable,No,Not Applicable,Service,Yes,No,Not Applicable,No,Not Applicable,Not Applicable,Not Applicable,Not Applicable,Not Applicable,Not Available,Not Available,Not Available,Not Available,Not Available,Not Available,Not Available,Not Available,Not Available,Not Available
K.Suresh Reddy,Male,1964-12-07T00:00:00Z,Andhra Pradesh,Anantapuramu District,2020-05-02T00:00:00Z,2026-12-06T00:00:00Z,No,No,Andhra Pradesh,No,Not Applicable,Not Applicable,Not Applicable,Not Applicable,Not Applicable,Not Applicable,No,Not Applicable,Not Applicable,Not Applicable,No,Not Applicable,Bar,No,Yes,No,Not Applicable,No,No,No,No,Yes,Zilla Parishad High School,Government Arts College,Arts,"Gulbarga University, Karnataka",Not Available,1989,Andhra Pradesh,No,No,No
Kalyan Jyoti Sengupta,Male,1953-05-07T00:00:00Z,West Bengal,"Baidyapur, Tenya, Murshidabad",1997-07-17T00:00:00Z,2015-05-06T00:00:00Z,No,No,Calcutta,Yes,Uttarakhand,2012-10-18T00:00:00Z,Not Applicable,Not Applicable,Not Applicable,Not Applicable,Yes,Andhra Pradesh,Not Applicable,Not Applicable,No,Not Applicable,Bar,Yes,Yes,No,No,Yes,No,No,No,Yes,Not Available,Not Available,Not Available,Not Available,Not Available,Not Available,West Bengal,No,No,No
L.Narasimha Reddy,Male,1953-08-01T00:00:00Z,Telangana,"Gavicherla Village, Warangal District",2002-07-31T00:00:00Z,2015-07-31T00:00:00Z,No,No,Andhra Pradesh,No,Not Applicable,Not Applicable,Not Applicable,Not Applicable,Not Applicable,Not Applicable,Yes,Patna,Not Applicable,Not Applicable,No,Not Applicable,Bar,No,Yes,Yes,Not Applicable,Yes,No,Yes,No,Yes,"Zilla Parishad High School, Sanghem","C.K.M. College, Warangal",Science,"Osmania University, Hyderabad",Not Available,1979,Andhra Pradesh,No,No,Yes
Lalitha Kanneganti,Female,Not Available,Andhra Pradesh,Guntur,2020-05-02T00:00:00Z,2033-05-04T00:00:00Z,No,No,Andhra Pradesh,No,Not Applicable,Not Applicable,Not Applicable,Not Applicable,Not Applicable,Not Applicable,No,Not Applicable,Not Applicable,Not Applicable,No,Not Applicable,Bar,Yes,Yes,Not Applicable,No,No,No,No,No,No,St. Theresa’s – Erragadda,Sarojini Naidu Vanita Mahavidyalaya – Nampally,Arts,"Padala Rami Reddy Law College, Osmania University",Not Available,1994,Andhra Pradesh,No,No,No
M. Ganga Rao,Male,1961-04-08T00:00:00Z,Andhra Pradesh,Anantapuram,2017-09-21T00:00:00Z,2023-04-07T00:00:00Z,No,No,Andhra Pradesh,No,Not Applicable,Not Applicable,Not Applicable,Not Applicable,Not Applicable,Not Applicable,No,Not Applicable,Not Applicable,Not Applicable,No,Not Applicable,Bar,No,Yes,No,Not Applicable,Yes,No,No,No,Yes,"Zilla Parishad High School, Pendekal","Government Degree College, Anantapuramu",Commerce,Osmania University,1987,1988,Andhra Pradesh,No,Yes,No
M. Satyanarayana Murthy,Male,1960-06-14T00:00:00Z,Andhra Pradesh,Machilipatnam,2016-03-02T00:00:00Z,2021-10-23T00:00:00Z,No,No,Andhra Pradesh,No,Not Applicable,Not Applicable,Not Applicable,Not Applicable,Not Applicable,Not Applicable,No,Not Applicable,Not Applicable,Not Applicable,No,Not Applicable,Service,Yes,Yes,No,Yes,No,No,No,No,No,Not Available,"Andhra Jatiya Kalasala, Machilipatnam",Commerce,"Sir C.R.Reddy Law College, Eluru",Not Available,Not Available,Andhra Pradesh,No,No,No
M. Seetharama Murti,Male,Not Available,Not Available,Not Available,2013-10-23T00:00:00Z,Not Available,No,No,Andhra Pradesh,No,Not Applicable,Not Applicable,Not Applicable,Not Applicable,Not Applicable,Not Applicable,No,Not Applicable,Not Applicable,Not Applicable,No,Not Applicable,Service,Yes,Yes,No,Yes,No,No,No,No,No,Not Available,Andhra University,Science,Andhra University,Not Available,Not Available,Andhra Pradesh,No,No,No
M.H.S.Ansari,Male,1943-03-20T00:00:00Z,Not Available,Not Available,1995-05-02T00:00:00Z,2005-03-20T00:00:00Z,No,No,Andhra Pradesh,No,Not Applicable,Not Applicable,Not Applicable,Not Applicable,Not Applicable,Not Applicable,No,Not Applicable,Not Applicable,Not Applicable,No,Not Applicable,Bar,No,Yes,No,Not Applicable,No,No,No,No,No,Not Available,Nizam College,Science,Osmania University,1965,1966,Andhra Pradesh,No,No,No
M.S. Shri Ramachandra Rao,Male,1966-08-07T00:00:00Z,Telangana,Hyderabad,2013-12-04T00:00:00Z,2028-08-06T00:00:00Z,No,No,Andhra Pradesh,No,Not Applicable,Not Applicable,Not Applicable,Not Applicable,Not Applicable,Not Applicable,No,Not Applicable,Not Applicable,Not Applicable,No,Not Applicable,Bar,No,Yes,Yes,Not Applicable,Yes,Yes,Yes,Yes,Yes,Little Flower College,Bhavans New Science College,Science,Osmania University,1989,1989,Andhra Pradesh,Yes,No,Yes
M.S.K.Jaiswal,Male,1956-02-05T00:00:00Z,Telangana,Hyderabad,2013-10-23T00:00:00Z,2023-10-23T00:00:00Z,No,No,Andhra Pradesh,No,Not Applicable,Not Applicable,Not Applicable,Not Applicable,Not Applicable,Not Applicable,No,Not Applicable,Not Applicable,Not Applicable,No,Not Applicable,Service,Yes,Yes,No,Yes,No,No,No,No,No,Not Available,Anwar-ul-Uloom Evening College,Not Available,Osmania University,Not Available,Not Available,Telangana,No,No,Yes
Madan Lokur Bhimarao,Male,1953-12-31T00:00:00Z,Not Available,Not Available,1999-02-19T00:00:00Z,2018-12-30T00:00:00Z,No,No,Delhi,No,Not Applicable,Not Applicable,Not Applicable,Not Applicable,Not Applicable,Not Applicable,Yes,Gauhati,Andhra pradesh,Not Applicable,Yes,2012-06-04T00:00:00Z,Bar,No,Yes,Yes,Not Applicable,Yes,No,Yes,Yes,Yes,"Modern School, New Delhi and St. Joseph's Collegiate, Allahabad","St. Stephen's College, Delhi University",History,"Law Faculty, Delhi University",1977,1977,Delhi,No,No,No
Maithili Sharan,Male,1939-06-12T00:00:00Z,Not Available,Not Available,1994-09-27T00:00:00Z,2001-06-12T00:00:00Z,No,No,Madhya Pradesh,Yes,Andhra Pradesh,1994-10-06T00:00:00Z,Not Applicable,Not Applicable,Not Applicable,Not Applicable,No,Not Applicable,Not Applicable,Not Applicable,No,Not Applicable,Bar,No,Yes,No,Not Applicable,No,No,No,No,No,Not Available,Not Available,Not Available,Not Available,Not Available,Not Available,Not Available,Not Available,Not Available,Not Available
Mamta Venkatesh Ramana,Male,1960-02-12T00:00:00Z,Telangana,Hyderbad,2019-09-26T00:00:00Z,2022-02-11T00:00:00Z,No,No,Andhra Pradesh,No,Not Applicable,Not Applicable,Not Applicable,Not Applicable,Not Applicable,Not Applicable,No,Not Applicable,Not Applicable,Not Applicable,No,Not Applicable,Service,Yes,Yes,No,No,No,No,No,No,No,"Maltus Smith High School, Gooty","Government College, Ananthapuramu",Science,"Sri Jagadguru Renukacharya College of Law, Bangalore",Not Available,Not Available,Karnataka,No,No,Yes
N.Balayogi,Male,1957-01-15T00:00:00Z,Andhra Pradesh,Peyyalavari Peta,2017-01-17T00:00:00Z,2019-01-14T00:00:00Z,No,No,Andhra Pradesh,No,Not Applicable,Not Applicable,Not Applicable,Not Applicable,Not Applicable,Not Applicable,No,Not Applicable,Not Applicable,Not Applicable,No,Not Applicable,Service,Yes,Yes,No,No,Yes,No,Yes,No,Yes,Not Available,"S.K.B.R College, Amalapuram",Commerce,"A.U Law College, Visakhapatnam",Not Available,1980,Andhra Pradesh,No,No,No
N.R.L.Nageshwar Rao,Male,1951-07-25T00:00:00Z,Not Available,Not Available,2010-11-15T00:00:00Z,2013-07-25T00:00:00Z,No,No,Andhra Pradesh,No,Not Applicable,Not Applicable,Not Applicable,Not Applicable,Not Applicable,Not Applicable,No,Not Applicable,Not Applicable,Not Applicable,No,Not Applicable,Service,Yes,Yes,No,No,No,No,No,No,No,Not Available,Not Available,Not Available,Not Available,Not Available,1973,Andhra Pradesh,No,No,No
N.Ravi Shankar,Male,1951-08-16T00:00:00Z,Andhra Pradesh,Guntur,2010-11-15T00:00:00Z,2013-08-15T00:00:00Z,No,No,Andhra Pradesh,No,Not Applicable,Not Applicable,Not Applicable,Not Applicable,Not Applicable,Not Applicable,No,Not Applicable,Not Applicable,Not Applicable,No,Not Applicable,Service,Yes,Yes,No,No,No,No,No,No,No,Not Available,Not Available,Not Available,Osmania University,1975,1976,Andhra Pradesh,No,No,No
N.V. Ramana,Male,1957-08-27T00:00:00Z,Andhra Pradesh,"Ponnavaram Village, Krishna District",2000-06-27T00:00:00Z,2022-08-26T00:00:00Z,No,No,Andhra Pradesh,No,Not Applicable,Not Applicable,Not Applicable,Not Applicable,Not Applicable,Not Applicable,Yes,Delhi,Not Applicable,Not Applicable,Yes,2014-02-17T00:00:00Z,Bar,No,Yes,Yes,Not Applicable,Yes,No,Yes,No,Yes,Not Applicable,Acharya Nagarjuna University,Science,Acharya Nagarjuna University,Not Available,1983,Andhra Pradesh,No,No,No
Ninala Jayasurya,Male,1968-08-27T00:00:00Z,Andhra Pradesh,Guntur,2020-01-13T00:00:00Z,2030-08-26T00:00:00Z,No,No,Andhra Pradesh,No,Not Applicable,Not Applicable,Not Applicable,Not Applicable,Not Applicable,Not Applicable,No,Not Applicable,Not Applicable,Not Applicable,No,Not Applicable,Bar,No,Yes,No,Not Applicable,Yes,No,No,Yes,No,"Z.P.(Boys) High School, Tanuku","Government Arts College, Rajahmundry",Commerce,Nagarjuna University,Not Available,1992,Andhra Pradesh,No,No,No
Nisar Ahmed Kakru,Male,1949-10-26T00:00:00Z,Jammu and Kashmir,Baramulla,1997-11-01T00:00:00Z,2011-10-25T00:00:00Z,No,No,J & K and Ladakh,Yes,Andhra Pradesh,Not Applicable,Not Applicable,Not Applicable,Not Applicable,Not Applicable,Yes,Andhra pradesh,Not Applicable,Not Applicable,No,Not Applicable,Bar,No,Yes,No,Not Applicable,Yes,Yes,No,No,Yes,Not Available,Not Available,Not Available,Not Available,Not Available,Not Available,Not Available,No,No,No
Nooty Rama Mohana Rao,Male,1955-08-14T00:00:00Z,Andhra Pradesh,Tanuku,2008-04-10T00:00:00Z,2017-08-13T00:00:00Z,No,No,Andhra Pradesh,Yes,Madras,2016-04-18T00:00:00Z,Not Applicable,Not Applicable,Not Applicable,Not Applicable,No,Not Applicable,Not Applicable,Not Applicable,No,Not Applicable,Bar,No,Yes,No,Not Applicable,No,No,No,No,Yes,"KC College, Guntur",Andhra University College of Law,Science,Andhra University College of Law,1978,1978,Andhra Pradesh,No,No,No
Noushad Ali,Male,1952-03-08T00:00:00Z,Andhra Pradesh,Chitoor,2009-12-18T00:00:00Z,2014-03-07T00:00:00Z,No,No,Andhra Pradesh,No,Not Applicable,Not Applicable,Not Applicable,Not Applicable,Not Applicable,Not Applicable,No,Not Applicable,Not Applicable,Not Applicable,No,Not Applicable,Bar,No,Yes,No,Not Applicable,Yes,No,Not Applicable,No,Yes,Not Available,Not Available,Not Available,"S.V.Arts College, Tirupati",Not Available,1976,Andhra Pradesh,No,Yes,No
P.V.Sanjay Kumar,Male,1963-08-14T00:00:00Z,NA,Not Applicable,2008-08-08T00:00:00Z,2025-08-13T00:00:00Z,No,No,Andhra Pradesh,Yes,Punjab and Haryana,2009-10-14T00:00:00Z,Not Applicable,Not Applicable,Not Applicable,Not Applicable,Yes,Manipur,Not Applicable,Not Applicable,No,Not Applicable,Bar,No,Yes,No,Not Applicable,Yes,No,Not Applicable,Yes,Yes,Not Applicable,"Nizam College, Hyderabad",Commerce,Delhi University,1988,1988,Andhra Pradesh,No,No,No
Pinaki Chandra Ghosh,Male,1952-05-28T00:00:00Z,West Bengal,Calcutta,1997-07-17T00:00:00Z,2017-05-27T00:00:00Z,No,No,Calcutta,Yes,Andhra Pradesh,2012-06-26T00:00:00Z,Not Applicable,Not Applicable,Not Applicable,Not Applicable,Yes,Andhra Pradesh,Not Applicable,Not Applicable,Yes,2013-03-08T00:00:00Z,Bar,No,Yes,No,Not Applicable,Yes,No,No,No,No,Not Available,St. Xavier,Commerce,University of Calcutta,Not Available,1976,West Bengal,No,No,No
Ponnuru Durga Prasad,Male,1951-02-20T00:00:00Z,Andhra Pradesh,"Machilipatnam, Krishna District",2010-10-15T00:00:00Z,2013-02-19T00:00:00Z,No,No,Andhra Pradesh,No,Not Applicable,Not Applicable,Not Applicable,Not Applicable,Not Applicable,Not Applicable,No,Not Applicable,Not Applicable,Not Applicable,No,Not Applicable,Service,Yes,No,Not Applicable,Yes,Not Applicable,Not Applicable,Not Applicable,Not Applicable,Not Applicable,Not Available,Sir C.R.Reddy College,Scicence,"Andhra University Law College, Visakhapatnam",Not Available,1975,Andhra Pradesh,No,No,No
Ponugoti Naveen Rao,Male,1961-07-17T00:00:00Z,Telangana,Karimnagar district,2013-04-12T00:00:00Z,2023-07-14T00:00:00Z,No,No,Andhra Pradesh,No,Not Applicable,Not Applicable,Not Applicable,Not Applicable,Not Applicable,Not Applicable,No,Not Applicable,Not Applicable,Not Applicable,No,Not Applicable,Bar,No,Yes,No,Not Applicable,No,No,No,No,No,Not Available,Not Available,Not Available,Not Available,Not Available,Not Available,Not Available,No,No,No
Potilapalli Keshav Rao,Male,1961-03-29T00:00:00Z,Not Available,Not Available,2017-09-21T00:00:00Z,2021-08-09T00:00:00Z,Yes,No,Andhra Pradesh,No,Not Applicable,Not Applicable,Not Applicable,Not Applicable,Not Applicable,Not Applicable,No,Not Applicable,Not Applicable,Not Applicable,No,Not Applicable,Bar,Not Available,Yes,No,No,No,No,No,No,No,Not Available,Not Available,Not Available,Not Available,Not Available,Not Available,Not Available,No,No,No
R. Kantha Rao,Male,1954-05-10T00:00:00Z,Andhra Pradesh,Balada,2008-04-10T00:00:00Z,2015-05-09T00:00:00Z,No,No,Andhra Pradesh,No,Not Applicable,Not Applicable,Not Applicable,Not Applicable,Not Applicable,Not Applicable,No,Not Applicable,Not Applicable,Not Applicable,No,Not Applicable,Service,Yes,Yes,No,No,No,No,No,No,Yes,Not Available,Not Available,Not Available,"University Law College, Andhra University, Visakhapatnam",1979,1980,Andhra Pradesh,No,No,No
R.Bayapu Reddy,Male,Not Available,Not Available,Not Available,1996-07-01T00:00:00Z,1998-12-08T00:00:00Z,No,No,Andhra Pradesh,Not Available,Not Available,Not Available,Not Available,Not Available,Not Available,Not Available,No,Not Applicable,Not Applicable,Not Applicable,No,Not Applicable,Service,Yes,Yes,No,No,No,No,No,No,No,Not Available,Not Available,Not Available,Not Available,Not Available,Not Available,Not Available,Not Available,Not Available,Not Available
R.M.Bapat,Male,1941-04-30T00:00:00Z,Maharastra,Not Available,1994-01-20T00:00:00Z,2003-04-30T00:00:00Z,No,No,Bombay,Yes,Andhra Pradesh,1994-02-11T00:00:00Z,Not Applicable,Not Applicable,Not Applicable,Not Applicable,No,Not Applicable,Not Applicable,Not Applicable,No,Not Applicable,Service,Yes,Yes,No,Yes,Yes,No,Yes,Yes,Yes,Not Available,University of Pune,Science,Pune University,1965,Not Available,Not Available,Not Available,Not Available,Not Available
R.Ramanujum,Male,1941-01-06T00:00:00Z,Andhra Pradesh,Burugagudem,1999-05-17T00:00:00Z,2003-01-06T00:00:00Z,No,No,Andhra Pradesh,No,Not Applicable,Not Applicable,Not Applicable,Not Applicable,Not Applicable,Not Applicable,No,Not Applicable,Not Applicable,Not Applicable,No,Not Applicable,Bar,No,Yes,No,Not Applicable,Yes,No,Yes,Yes,Yes,Not Available,Not Available,Not Available,Not Available,Not Available,Not Available,Not Available,Not Available,Not Available,Not Available
R.Subhash Reddy,Male,1957-01-05T00:00:00Z,Telangana,Medak District,2002-12-02T00:00:00Z,2019-01-04T00:00:00Z,No,No,Andhra Pradesh,Yes,Andhra Pradesh,Not Applicable,Not Applicable,Not Applicable,Not Applicable,Not Applicable,Yes,Gujarat,Not Applicable,Not Applicable,No,Not Applicable,Bar,No,Yes,No,Not Applicable,Yes,No,Yes,No,Yes,"Zilla Parishad High School, Sankarampet","Andhra Vidyalaya College (AV College), Hyderabad",Not Available,"Osmania University, Hyderabad",Not Available,1980,Andhra Pradesh,No,No,No
Raja Elango,Male,1955-09-23T00:00:00Z,Andhra Pradesh,Tanjavuru Distirct,2011-03-30T00:00:00Z,2017-09-22T00:00:00Z,No,No,Madras,Yes,Andhra Pradesh,2010-03-25T00:00:00Z,Not Applicable,Not Applicable,Not Applicable,Not Applicable,No,Not Applicable,Not Applicable,Not Applicable,No,Not Applicable,Bar,No,Yes,No,Not Applicable,Yes,No,No,No,No,Not Available,"AVC College, Myladuthurai",Not Available,Madras Law College during,1978,Not Available,Andhra Pradesh,No,No,No
Ramesh Chandra Ranganathan,Male,1958-07-28T00:00:00Z,New Delhi,Delhi,2006-02-20T00:00:00Z,2020-07-27T00:00:00Z,No,No,Andhra Pradesh,No,Not Applicable,Not Applicable,Not Applicable,Not Applicable,Not Applicable,Not Applicable,No,Not Applicable,Not Applicable,Not Applicable,No,Not Applicable,Bar,No,Yes,No,Not Applicable,Yes,No,No,No,Yes,Not Available,Not Available,Not Available,Not Available,1985,1985,Andhra Pradesh,No,Yes,No
Rao Raghunandan Rao,Male,1964-06-30T00:00:00Z,Not Available,Not Available,2020-01-13T00:00:00Z,2026-06-29T00:00:00Z,No,No,Andhra Pradesh,No,Not Applicable,Not Applicable,Not Applicable,Not Applicable,Not Applicable,Not Applicable,No,Not Applicable,Not Applicable,Not Applicable,No,Not Applicable,Bar,No,Yes,No,Not Applicable,Yes,No,No,No,Yes,"Hyderabad Public School, Ramanthapur",Nagarjuna University,Commerce,Osmania University,1988,1988,Andhra Pradesh,No,No,No
Reddi Kanta Rao,Male,1954-05-10T00:00:00Z,Andhra Pradesh,Balada Village of Srikakulam District (A.P),2008-04-10T00:00:00Z,2016-05-09T00:00:00Z,No,No,Andhra Pradesh,No,Not Applicable,Not Applicable,Not Applicable,Not Applicable,Not Applicable,Not Applicable,No,Not Applicable,Not Applicable,Not Applicable,No,Not Applicable,Service,Yes,Yes,No,No,No,No,No,No,Yes,"Government College, Srikakulam","Government College, Srikakulam",Science,"University Law College, Andhra University, Visakhapatnam",1979,1980,Andhra Pradesh,No,No,No
S. Ashok Kumar,Male,1947-07-20T00:00:00Z,Tamil Nadu,"Tenkulam Pudur, Tirunelveli District",2003-04-03T00:00:00Z,2009-07-20T00:00:00Z,No,No,Madras,Yes,Andhra Pradesh,2008-03-24T00:00:00Z,Not Applicable,Not Applicable,Not Applicable,Not Applicable,No,Not Applicable,Not Applicable,Not Applicable,No,Not Applicable,Service,Yes,Yes,No,No,No,No,No,No,No,P.U.C. at St. Xavier’s High School,"St. John’s College, Palayamkottai",Science,"Law College, Madras",Not Available,1971,Madras,No,No,No
S.Ravi Kumar,Male,1954-09-10T00:00:00Z,Not Available,Not Available,2013-10-23T00:00:00Z,2016-09-09T00:00:00Z,No,No,Andhra Pradesh,No,Not Applicable,Not Applicable,Not Applicable,Not Applicable,Not Applicable,Not Applicable,No,Not Applicable,Not Applicable,Not Applicable,No,Not Applicable,Service,Yes,Yes,No,No,No,No,No,No,Yes,Not Available,Osmania University,Commerce,Andhra University,Not Available,1980,Andhra Pradesh,No,No,No
S.V. Bhatt,Male,Not Available,Andhra Pradesh,Chitoor,2013-04-12T00:00:00Z,2024-05-05T00:00:00Z,No,No,Andhra Pradesh,Yes,Kerela,2019-03-19T00:00:00Z,Not Applicable,Not Applicable,Not Applicable,Not Applicable,No,Not Applicable,Not Applicable,Not Applicable,No,Not Applicable,Bar,No,Yes,No,Not Applicable,No,No,No,No,Yes,"Giri Rao Theosophical High School, Madanapalle","Beasant Theosophical College, Madanapalle",Commerce,"Jagadguru Renukacharya College, Bangalore",Not Available,1987,Andhra Pradesh,No,No,No
Samudrala Govinda Rajulu,Male,1961-08-06T00:00:00Z,Not Available,Not Available,2009-10-14T00:00:00Z,2013-08-05T00:00:00Z,No,No,Andhra Pradesh,No,Not Applicable,Not Applicable,Not Applicable,Not Applicable,Not Applicable,Not Applicable,No,Not Applicable,Not Applicable,Not Applicable,No,Not Applicable,Service,Yes,Yes,No,No,No,No,No,No,Yes,"Municipal High School and Sri Venkateswara High School, Tirupathi.","Sri Venkateswara Arts College, Tirupathi.",Science,"Sri Venkateswara University, Tirupathi",1973,1973,Andhra Pradesh,No,No,No
Suresh Kumar Kait,Male,1963-05-24T00:00:00Z,Haryana,"Village Kakaut, Distt. Kaithal",2016-04-12T00:00:00Z,2025-05-23T00:00:00Z,No,No,Delhi,Yes,Andhra Pradesh,2016-04-12T00:00:00Z,Delhi,2018-10-12T00:00:00Z,Not Applicable,Not Applicable,No,Not Applicable,Not Applicable,Not Applicable,No,Not Applicable,Bar,Yes,Yes,No,No,Yes,No,No,No,Yes,Not Available,University College Kurukshetra,Arts,"Campus Law Centre, University of Delhi",Not Available,1989,Delhi,No,Yes,No
Syed Saadatulla Hussaini,Male,1936-11-24T00:00:00Z,Not Available,Not Available,1995-05-02T00:00:00Z,1998-11-24T00:00:00Z,No,No,Andhra Pradesh,No,Not Applicable,Not Applicable,Not Applicable,Not Applicable,Not Applicable,Not Applicable,No,Not Applicable,Not Applicable,Not Applicable,No,Not Applicable,Bar,No,Yes,No,Not Applicable,No,No,No,No,No,Not Available,Not Available,Not Available,Osmania University,1962,1963,Not Available,No,No,No
Syed Shah Mohammed Quadri,Male,1938-04-05T00:00:00Z,Not Available,Not Available,1997-11-03T00:00:00Z,2003-04-05T00:00:00Z,No,No,Andhra Pradesh,No,Not Applicable,Not Applicable,Not Applicable,Not Applicable,Not Applicable,Not Applicable,No,Not Applicable,Not Applicable,Not Applicable,Yes,1997-12-04T00:00:00Z,Bar,No,Yes,Yes,Not Applicable,Yes,No,No,No,Yes,Not Available,Osmania University,Arts,Osmania University,Not Available,1963,Andhra Pradesh,Yes,No,Yes
T. Rajani,Female,1958-11-06T00:00:00Z,Andhra Pradesh,Prakasam,2017-01-17T00:00:00Z,2020-11-05T00:00:00Z,No,No,Andhra Pradesh,No,Not Applicable,Not Applicable,Not Applicable,Not Applicable,Not Applicable,Not Applicable,No,Not Applicable,Not Applicable,Not Applicable,No,Not Applicable,Service,Yes,Yes,No,No,No,No,No,No,No,Not Available,Not Available,Not Available,Andhra University,1980,1981,Andhra Pradesh,No,No,No
T.H.B.Chalapathi,Male,1938-06-01T00:00:00Z,Andhra Pradesh,Razole,1994-11-04T00:00:00Z,2000-06-01T00:00:00Z,No,No,Andhra Pradesh,Yes,Punjab and Haryana,1994-11-18T00:00:00Z,Not Applicable,Not Applicable,Not Applicable,Not Applicable,No,Not Applicable,Not Applicable,Not Applicable,No,Not Applicable,Bar,No,Yes,No,Not Applicable,No,No,No,No,No,Not Available,Not Available,Not Available,Not Available,Not Available,Not Available,Not Available,No,No,No
T.N.C. Rangarajan,Male,1936-05-08T00:00:00Z,Not Available,Not Available,1994-01-10T00:00:00Z,1998-05-08T00:00:00Z,No,No,Andhra Pradesh,No,Not Applicable,Not Applicable,Not Applicable,Not Applicable,Not Applicable,Not Applicable,No,Not Applicable,Not Applicable,Not Applicable,No,Not Applicable,Bar,No,Yes,No,Not Applicable,No,No,No,No,No,Not Available,Not Available,Not Available,Not Available,Not Available,Not Available,Not Available,No,No,No
T.Ranga Rao,Male,1937-01-01T00:00:00Z,Not Available,Not Available,1996-07-07T00:00:00Z,1999-01-01T00:00:00Z,No,No,Andhra Pradesh,No,Not Applicable,Not Applicable,Not Applicable,Not Applicable,Not Applicable,Not Applicable,No,Not Applicable,Not Applicable,Not Applicable,No,Not Applicable,Service,Yes,Yes,No,No,No,No,No,No,No,Not Available,Not Available,Not Available,Not Available,Not Available,Not Available,Not Available,No,No,No
T.Sunil Chowdary,Male,1957-02-04T00:00:00Z,Andhra Pradesh,Prakasam,2013-10-23T00:00:00Z,2019-02-03T00:00:00Z,No,No,Andhra Pradesh,No,Not Applicable,Not Applicable,Not Applicable,Not Applicable,Not Applicable,Not Applicable,No,Not Applicable,Not Applicable,Not Applicable,No,Not Applicable,Service,Yes,Yes,No,Yes,No,No,No,No,Yes,"VRS & YRN College, Chirala","Andhra Layola College, Vijayawada",Commerce,Andhra University,Not Available,1984,Andhra Pradesh,No,No,No
Todopunuri Amarnath Goud,Male,1965-03-01T00:00:00Z,Not Available,Not Available,2017-09-21T00:00:00Z,2027-02-28T00:00:00Z,No,No,Andhra Pradesh,No,Not Applicable,Not Applicable,Not Applicable,Not Applicable,Not Applicable,Not Applicable,No,Not Applicable,Not Applicable,Not Applicable,No,Not Applicable,Bar,No,Yes,No,Not Applicable,No,No,No,No,No,St.Patricks High School,Osmania University,Science,Shivaji Law College,Not Available,1990,Andhra Pradesh,No,No,No
U. Durga Prasad Rao,Male,1962-08-12T00:00:00Z,Not Available,Not Available,2013-03-23T00:00:00Z,2024-08-11T00:00:00Z,No,No,Andhra Pradesh,No,Not Applicable,Not Applicable,Not Applicable,Not Applicable,Not Applicable,Not Applicable,No,Not Applicable,Not Applicable,Not Applicable,No,Not Applicable,Service,Yes,Yes,No,Yes,No,No,No,No,No,Not Available,Not Available,Not Available,Not Available,Not Available,Not Available,Andhra Pradesh,No,No,Yes
V.Bhaskara Rao,Male,1937-08-21T00:00:00Z,Andhra Pradesh,Mahabubnagar,1995-05-02T00:00:00Z,1999-08-21T00:00:00Z,No,No,Andhra Pradesh,No,Not Applicable,Not Applicable,Not Applicable,Not Applicable,Not Applicable,Not Applicable,No,Not Applicable,Not Applicable,Not Applicable,No,Not Applicable,Bar,No,Yes,No,Not Applicable,No,No,No,No,No,Not Available,Not Available,Not Available,Not Available,Not Available,Not Available,Not Available,No,No,No
V.Rajagopala Reddy,Male,1936-11-12T00:00:00Z,Andhra Pradesh,Muthukur,1995-05-02T00:00:00Z,1998-11-12T00:00:00Z,No,No,Andhra Pradesh,No,Not Applicable,Not Applicable,Not Applicable,Not Applicable,Not Applicable,Not Applicable,No,Not Applicable,Not Applicable,Not Applicable,No,Not Applicable,Bar,No,Yes,No,Not Applicable,No,No,No,No,Yes,Not Available,Not Available,Not Available,Not Available,Not Available,Not Available,Not Available,No,No,No
V.V.Afzulpurkar,Male,1954-03-02T00:00:00Z,Maharastra,Pune,2010-01-20T00:00:00Z,2016-03-01T00:00:00Z,No,No,Andhra Pradesh,No,Not Applicable,Not Applicable,Not Applicable,Not Applicable,Not Applicable,Not Applicable,No,Not Applicable,Not Applicable,Not Applicable,No,Not Applicable,Bar,No,Yes,Yes,Not Applicable,Yes,No,No,Yes,Yes,Not Available,Not Available,Not Available,"M.P. Law College, Aurangabad, Marathwada University",1976,1976,Andhra Pradesh,No,No,No
Vaman Rao,Male,1939-05-09T00:00:00Z,Andhra Pradesh,Adilabad,1998-04-24T00:00:00Z,2001-05-09T00:00:00Z,No,No,Andhra Pradesh,No,Not Applicable,Not Applicable,Not Applicable,Not Applicable,Not Applicable,Not Applicable,No,Not Applicable,Not Applicable,Not Applicable,No,Not Applicable,Service,Yes,Yes,No,Yes,No,No,No,No,No,Not Available,Not Available,Not Available,Not Available,Not Available,Not Available,Not Available,No,No,No
Vegi Suri Appa Rao,Male,1952-07-01T00:00:00Z,Andhra Pradesh,Nagulapalli village of Visakhapatnam district,2010-11-15T00:00:00Z,2014-06-30T00:00:00Z,No,No,Andhra Pradesh,No,Not Applicable,Not Applicable,Not Applicable,Not Applicable,Not Applicable,Not Applicable,No,Not Applicable,Not Applicable,Not Applicable,No,Not Applicable,Service,Yes,No,Not Applicable,No,Not Applicable,Not Applicable,Not Applicable,Not Applicable,Not Applicable,Not Available,Not Available,Not Available,"Andhra University, Visakhapatnam",1976,1976,Andhra Pradesh,No,No,No
Y.V.Narayana,Male,1937-12-15T00:00:00Z,Andhra Pradesh,Guntur,1995-05-02T00:00:00Z,1999-12-15T00:00:00Z,No,No,Andhra Pradesh,No,Not Applicable,Not Applicable,Not Applicable,Not Applicable,Not Applicable,Not Applicable,No,Not Applicable,Not Applicable,Not Applicable,No,Not Applicable,Bar,No,Yes,No,Not Applicable,No,No,No,No,No,Not Available,Not Available,Not Available,Not Available,Not Available,Not Available,Not Available,No,No,No
