Name of the Judge,Gender,Date of Birth,State of Birth,Place of Birth,Date of Appointment,Date of Retirement,If Died in Office,If resigned from office,Parent High Court,If transferred to any other High Court,"If yes, which High Court 1",Date of such transfer - 1,"If yes, which High Court 2",Date of such transfer – 2,"If yes, which High Court 3",Date of such transfer - 3,If appointed Chief Justice in another High Court,"If yes, which High Court – 1","If yes, which High Court – 2","If yes, which High Court – 3",If appointed to the Supreme Court,Date of appointment to the Supreme Court,Cadre,Experience in Subordinate Judiciary,Litigation Experience,If a Senior Advocate,Experience in High Court Administrative Post,If served as Counsel for Government/PSU/Statutory Body,If served as Advocate General,If empanelled by Banks,If empanelled by Private Companies,Chamber Details,Schooling Information,Graduation Institution,Graduation Specialization,Law Degree Institution,Law Degree Year,Bar Enrolment Year,State Bar Association where enrolled,Foreign Degree in Law,Post-Graduate in another subject,Post-Graduate in Law
Abhay Naik,Male,1949-09-08T00:00:00Z,Not Available,Not Available,2005-04-13T00:00:00Z,2011-09-07T00:00:00Z,No,No,Madhya Pradesh,No,Not Applicable,Not Applicable,Not Applicable,Not Applicable,Not Applicable,Not Applicable,No,Not Applicable,Not Applicable,Not Applicable,No,Not Applicable,Bar,No,Yes,No,Not Applicable,No,No,No,No,No,Not Available,Not Available,Science,Not Available,Not Available,1972,Madhya Pradesh,No,No,No
Abhay Sapre,Male,1954-08-28T00:00:00Z,Madhya Pradesh,Jabalpur,1999-10-25T00:00:00Z,2019-08-27T00:00:00Z,No,No,Madhya Pradesh,Yes,Rajasthan,2010-02-08T00:00:00Z,Chhattisgarh,2012-04-23T00:00:00Z,Not Applicable,Not Applicable,Yes,Manipur,Gauhati,Not Applicable,Yes,2014-08-13T00:00:00Z,Bar,No,Yes,No,Not Applicable,Yes,No,No,No,No,"Model High School, Jabalpur","Government Arts College, Jabalpur",Arts,Not Available,Not Available,1978,Madhya Pradesh,No,No,No
Ajay Kumar Mittal,Male,1958-09-30T00:00:00Z,Chandigarh,Chandigarh,2004-01-09T00:00:00Z,2020-09-29T00:00:00Z,No,No,Punjab and Haryana,No,Not Applicable,Not Applicable,Not Applicable,Not Applicable,Not Applicable,Not Applicable,Yes,Meghalaya,Madhya Pradesh,Not Applicable,No,Not Applicable,Bar,No,Yes,No,Not Applicable,Yes,No,No,No,No,Not Available,Sri Ram College of Commerce,Commerce,"Faculty of Law, Delhi University ",1980,1980,Punjab and Haryana,No,No,No
Ajay Khanwilkar,Male,1957-07-30T00:00:00Z,Maharashtra,Pune,2000-03-29T00:00:00Z,2022-07-29T00:00:00Z,No,No,Bombay,No,Not Applicable,Not Applicable,Not Applicable,Not Applicable,Not Applicable,Not Applicable,Yes,Himachal Pradesh,Madhya Pradesh,Not Applicable,Yes,2016-05-13T00:00:00Z,Bar,No,Yes,No,Not Applicable,Yes,No,No,No,No,Not Available,Not Available,Commerce,Not Available,Not Available,1982,Maharashtra,No,No,No
Ajit Singh,Male,1956-09-06T00:00:00Z,Not Available,Not Available,2002-04-01T00:00:00Z,2018-09-05T00:00:00Z,No,No,Madhya Pradesh,Yes,Rajasthan,2015-03-19T00:00:00Z,Not Applicable,Not Applicable,Not Applicable,Not Applicable,Yes,Gauhati,Not Applicable,Not Applicable,No,Not Applicable,Bar,No,Yes,No,Not Applicable,Yes,No,No,No,No,Not Available,Not Available,Science,Not Available,Not Available,1979,Madhya Pradesh,No,No,No
Akhil Kumar Shrivastava,Male,1952-01-31T00:00:00Z,Not Available,Not Available,2002-09-02T00:00:00Z,2014-01-31T00:00:00Z,No,No,Madhya Pradesh,No,Not Applicable,Not Applicable,Not Applicable,Not Applicable,Not Applicable,Not Applicable,No,Not Applicable,Not Applicable,Not Applicable,No,Not Applicable,Bar,No,Yes,Yes,Not Applicable,Yes,No,No,No,No,Not Available,Not Available,Science,Not Available,Not Available,1976,Madhya Pradesh,No,No,No
Akhil Kumar Srivastava,Male,1959-08-05T00:00:00Z,Not Available,Not Available,2018-06-19T00:00:00Z,2021-08-04T00:00:00Z,No,No,Madhya Pradesh,No,Not Applicable,Not Applicable,Not Applicable,Not Applicable,Not Applicable,Not Applicable,No,Not Applicable,Not Applicable,Not Applicable,No,Not Applicable,Service,Yes,No,Not Applicable,No,Not Applicable,Not Applicable,Not Applicable,Not Applicable,Not Applicable,Not Available,Not Available,Arts,Not Available,Not Available,Not Applicable,Not Applicable,No,No,No
Alok Aradhe,Male,1964-04-13T00:00:00Z,Chhattishgarh (then in MP),Raipur,2009-12-29T00:00:00Z,2026-04-12T00:00:00Z,No,No,Madhya Pradesh,Yes,J & K and Ladakh,2016-09-15T00:00:00Z,Karnataka,2018-11-15T00:00:00Z,Not Applicable,Not Applicable,No,Not Applicable,Not Applicable,Not Applicable,No,Not Applicable,Bar,No,Yes,Yes,Not Applicable,Yes,No,No,No,No,Not Available,Not Available,Science,Not Available,Not Available,1988,Madhya Pradesh,No,No,No
Alok Verma,Male,1955-11-28T00:00:00Z,Not Available,Not Available,2014-06-30T00:00:00Z,2017-11-27T00:00:00Z,No,No,Madhya Pradesh,No,Not Applicable,Not Applicable,Not Applicable,Not Applicable,Not Applicable,Not Applicable,No,Not Applicable,Not Applicable,Not Applicable,No,Not Applicable,Service,Yes,No,Not Applicable,No,Not Applicable,Not Applicable,Not Applicable,Not Applicable,Not Applicable,Not Available,Not Available,Science,Not Available,Not Available,Not Applicable,Not Applicable,No,Yes,Yes
Anand Pathak,Male,1968-07-18T00:00:00Z,Madhya Pradesh,Chhatarpur,2016-04-07T00:00:00Z,2030-07-17T00:00:00Z,No,No,Madhya Pradesh,No,Not Applicable,Not Applicable,Not Applicable,Not Applicable,Not Applicable,Not Applicable,No,Not Applicable,Not Applicable,Not Applicable,No,Not Applicable,Bar,No,Yes,No,Not Applicable,Yes,No,No,Yes,No,Not Available,Not Available,Arts,Not Available,Not Available,1996,Madhya Pradesh,No,Yes,No
Ananga Kumar Patnaik,Male,1949-06-03T00:00:00Z,Not Available,Not Available,1994-01-13T00:00:00Z,2014-06-02T00:00:00Z,No,No,Orissa,Yes,Gauhati,1994-02-06T00:00:00Z,Orissa,2002-04-15T00:00:00Z,Not Applicable,Not Applicable,Yes,Chhattisgarh,Madhya Pradesh,Not Applicable,Yes,2009-11-17T00:00:00Z,Bar,No,Yes,No,Not Applicable,Yes,No,No,No,No,"Rajkumar College, Raipur",University of Delhi,Arts,"Madhusudan Law College, Cuttack",Not Available,1974,Orissa,No,No,No
Anil Kumar Sharma,Male,1952-10-01T00:00:00Z,Not Available,Not Available,2010-05-03T00:00:00Z,2014-10-01T00:00:00Z,No,No,Madhya Pradesh,No,Not Applicable,Not Applicable,Not Applicable,Not Applicable,Not Applicable,Not Applicable,No,Not Applicable,Not Applicable,Not Applicable,No,Not Applicable,Service,Yes,No,Not Applicable,Yes,Not Applicable,Not Applicable,Not Applicable,Not Applicable,Not Applicable,Not Available,Not Available,Science,Not Available,Not Available,Not Applicable,Not Applicable,No,Yes,No
Anil Shrivastava,Male,1947-11-26T00:00:00Z,Not Available,Not Available,2005-11-25T00:00:00Z,2009-11-25T00:00:00Z,No,No,Madhya Pradesh,No,Not Applicable,Not Applicable,Not Applicable,Not Applicable,Not Applicable,Not Applicable,No,Not Applicable,Not Applicable,Not Applicable,No,Not Applicable,Service,Yes,Yes,No,No,No,No,No,No,No,Not Available,Not Available,Science,Not Available,Not Available,1970,Madhya Pradesh,No,No,No
Anjuli Palo,Female,1961-05-19T00:00:00Z,Not Available,Not Available,2016-10-13T00:00:00Z,2023-05-18T00:00:00Z,No,No,Madhya Pradesh,No,Not Applicable,Not Applicable,Not Applicable,Not Applicable,Not Applicable,Not Applicable,No,Not Applicable,Not Applicable,Not Applicable,No,Not Applicable,Service,Yes,No,Not Applicable,No,Not Applicable,Not Applicable,Not Applicable,Not Applicable,Not Applicable,Not Available,Not Available,Science,Not Available,Not Available,Not Applicable,Not Applicable,No,No,No
Anurag Shrivastava,Male,1956-04-11T00:00:00Z,Chhattishgarh (then in MP),Rajnandgaon,2016-04-07T00:00:00Z,2018-04-10T00:00:00Z,No,No,Madhya Pradesh,No,Not Applicable,Not Applicable,Not Applicable,Not Applicable,Not Applicable,Not Applicable,No,Not Applicable,Not Applicable,Not Applicable,No,Not Applicable,Service,Yes,Yes,No,Yes,No,No,No,No,No,Not Available,Not Available,Not Available,Not Available,Not Available,Not Available,Madhya Pradesh,No,No,No
Arun Mishra,Male,1955-09-03T00:00:00Z,Not Available,Not Available,1999-10-25T00:00:00Z,2020-09-02T00:00:00Z,No,No,Madhya Pradesh,Yes,Rajasthan,2010-09-09T00:00:00Z,Not Applicable,Not Applicable,Not Applicable,Not Applicable,Yes,Rajasthan,Calcutta,Not Applicable,Yes,2014-07-07T00:00:00Z,Bar,No,Yes,No,Not Applicable,Yes,No,No,No,No,Not Available,Not Available,Not Available,Not Available,Not Available,1978,Madhya Pradesh,No,Yes,No
Aryendra Kumar Saxena,Male,1947-06-30T00:00:00Z,Not Available,Not Available,2005-04-13T00:00:00Z,2009-06-29T00:00:00Z,No,No,Madhya Pradesh,No,Not Applicable,Not Applicable,Not Applicable,Not Applicable,Not Applicable,Not Applicable,No,Not Applicable,Not Applicable,Not Applicable,No,Not Applicable,Service,Yes,Yes,No,Yes,No,No,No,No,No,Not Available,Not Available,Arts,Not Available,Not Available,1968,Madhya Pradesh,No,Yes,No
Ashok Kumar Joshi,Male,1956-11-11T00:00:00Z,Not Available,Not Available,2016-04-07T00:00:00Z,2018-11-10T00:00:00Z,No,No,Madhya Pradesh,No,Not Applicable,Not Applicable,Not Applicable,Not Applicable,Not Applicable,Not Applicable,No,Not Applicable,Not Applicable,Not Applicable,No,Not Applicable,Service,Yes,Yes,No,No,No,No,No,No,No,Not Available,Not Available,Not Available,Not Available,Not Available,1981,Madhya Pradesh,No,No,No
Atul Sreedharan,Male,1966-05-24T00:00:00Z,Not Available,Not Available,2016-04-07T00:00:00Z,2028-05-23T00:00:00Z,No,No,Madhya Pradesh,No,Not Applicable,Not Applicable,Not Applicable,Not Applicable,Not Applicable,Not Applicable,No,Not Applicable,Not Applicable,Not Applicable,No,Not Applicable,Bar,No,Yes,No,Not Applicable,Yes,No,No,No,Yes,Not Available,Not Available,Arts,Not Available,Not Available,1992,Delhi,No,No,No
Bhagwan Das Rathi,Male,1953-09-16T00:00:00Z,Not Available,Not Available,2013-04-01T00:00:00Z,2015-09-15T00:00:00Z,No,No,Madhya Pradesh,No,Not Applicable,Not Applicable,Not Applicable,Not Applicable,Not Applicable,Not Applicable,No,Not Applicable,Not Applicable,Not Applicable,No,Not Applicable,Service,Yes,No,Not Applicable,Yes,Not Applicable,Not Applicable,Not Applicable,Not Applicable,Not Applicable,Not Available,Not Available,Science,Not Available,Not Available,Not Applicable,Not Applicable,No,No,No
Brij Kishore Dube,Male,1952-01-20T00:00:00Z,Not Available,Not Available,2010-05-03T00:00:00Z,2014-01-19T00:00:00Z,No,No,Madhya Pradesh,No,Not Applicable,Not Applicable,Not Applicable,Not Applicable,Not Applicable,Not Applicable,No,Not Applicable,Not Applicable,Not Applicable,No,Not Applicable,Service,Yes,No,Not Applicable,Yes,Not Applicable,Not Applicable,Not Applicable,Not Applicable,Not Applicable,Not Available,Not Available,Science,Not Available,Not Available,Not Applicable,Not Applicable,No,No,Yes
Brij Kishore Shrivastava,Male,1959-07-01T00:00:00Z,Not Available,Not Available,2018-06-19T00:00:00Z,2021-06-30T00:00:00Z,No,No,Madhya Pradesh,No,Not Applicable,Not Applicable,Not Applicable,Not Applicable,Not Applicable,Not Applicable,No,Not Applicable,Not Applicable,Not Applicable,No,Not Applicable,Service,Yes,No,Not Applicable,No,Not Applicable,Not Applicable,Not Applicable,Not Applicable,Not Applicable,Not Available,Not Available,Science,Not Available,Not Available,Not Applicable,Not Applicable,No,Yes,No
Brij Mohan Gupta,Male,1947-08-20T00:00:00Z,Not Available,Not Available,2005-11-25T00:00:00Z,2009-08-19T00:00:00Z,No,No,Madhya Pradesh,No,Not Applicable,Not Applicable,Not Applicable,Not Applicable,Not Applicable,Not Applicable,No,Not Applicable,Not Applicable,Not Applicable,No,Not Applicable,Service,Yes,No,Not Applicable,No,Not Applicable,Not Applicable,Not Applicable,Not Applicable,Not Applicable,Not Available,Not Available,Not Available,Not Available,Not Available,Not Applicable,Not Applicable,No,Yes,No
Chandrahas Sirpurkar,Male,1957-03-04T00:00:00Z,Madhya Pradesh,Chhindwara,2014-10-25T00:00:00Z,2019-03-03T00:00:00Z,No,No,Madhya Pradesh,No,Not Applicable,Not Applicable,Not Applicable,Not Applicable,Not Applicable,Not Applicable,No,Not Applicable,Not Applicable,Not Applicable,No,Not Applicable,Service,Yes,Yes,No,Yes,No,No,No,No,No,Not Available,Not Available,Science,Not Available,Not Available,1980,Madhya Pradesh,No,No,No
Chandramauli Kumar Prasad,Male,1949-07-15T00:00:00Z,Bihar,Patna,1994-11-08T00:00:00Z,2014-07-14T00:00:00Z,No,No,Patna,Yes,Madhya Pradesh,1994-11-21T00:00:00Z,Patna,2001-09-06T00:00:00Z,Not Applicable,Not Applicable,Yes,Allahabad,Not Applicable,Not Applicable,No,Not Applicable,Bar,No,Yes,Yes,Not Applicable,No,No,No,No,No,Not Available,Not Available,Not Available,Not Available,Not Available,1973,Bihar,No,No,No
Deepak Verma,Male,1947-08-28T00:00:00Z,Madhya Pradesh,Jabalpur,1994-12-15T00:00:00Z,2012-08-28T00:00:00Z,No,No,Madhya Pradesh,Yes,Karnataka,2008-01-01T00:00:00Z,Not Applicable,Not Applicable,Not Applicable,Not Applicable,Yes,Rajasthan,Not Applicable,Not Applicable,Yes,2009-05-11T00:00:00Z,Bar,No,Yes,No,Not Applicable,No,No,No,No,Yes,"Naveen Vidya Bhawan, Jabalpur","St. Aloysius College, Jabalpur",Arts,Jabalpur University,Not Available,1972,Madhya Pradesh,No,No,No
Dharamdhwaj Kumar Paliwal,Male,1955-03-16T00:00:00Z,Not Available,Not Available,2013-04-01T00:00:00Z,2017-03-15T00:00:00Z,No,No,Madhya Pradesh,No,Not Applicable,Not Applicable,Not Applicable,Not Applicable,Not Applicable,Not Applicable,No,Not Applicable,Not Applicable,Not Applicable,No,Not Applicable,Service,Yes,No,Not Applicable,No,Not Applicable,Not Applicable,Not Applicable,Not Applicable,Not Applicable,Not Available,Not Available,Not Available,Not Available,Not Available,Not Applicable,Not Applicable,No,No,Yes
Dipak Misra,Male,1953-10-03T00:00:00Z,Not Available,Not Available,1996-01-17T00:00:00Z,2018-10-02T00:00:00Z,No,No,Orissa,Yes,Madhya Pradesh,1997-03-03T00:00:00Z,Not Applicable,Not Applicable,Not Applicable,Not Applicable,Yes,Patna,Delhi,Not Applicable,Yes,2011-10-10T00:00:00Z,Bar,No,Yes,No,Not Applicable,No,No,No,No,No,Not Available,Not Available,Not Available,Not Available,Not Available,1977,Orissa,No,Yes,No
Fakhruddin,Male,Not Available,Not Available,Not Available,1994-12-15T00:00:00Z,2006-09-03T00:00:00Z,No,No,Madhya Pradesh,Yes,Chhattisgarh,2001-05-18T00:00:00Z,Not Applicable,Not Applicable,Not Applicable,Not Applicable,No,Not Applicable,Not Applicable,Not Applicable,No,Not Applicable,Not Available,Not Available,Yes,No,Not Available,No,No,No,No,No,Not Available,Not Available,Not Available,Not Available,Not Available,1968,Madhya Pradesh,No,No,No
Giriraj Das Saxena,Male,1952-04-02T00:00:00Z,Not Available,Not Available,2011-01-03T00:00:00Z,2014-04-02T00:00:00Z,No,No,Madhya Pradesh,No,Not Applicable,Not Applicable,Not Applicable,Not Applicable,Not Applicable,Not Applicable,No,Not Applicable,Not Applicable,Not Applicable,No,Not Applicable,Service,Yes,Yes,No,Yes,No,No,No,No,No,Not Available,Not Available,Arts,Not Available,Not Available,Not Available,Not Available,No,No,No
Gulab Sing Solanki,Male,1953-09-06T00:00:00Z,Not Available,Not Available,2010-05-03T00:00:00Z,2015-09-05T00:00:00Z,No,No,Madhya Pradesh,No,Not Applicable,Not Applicable,Not Applicable,Not Applicable,Not Applicable,Not Applicable,No,Not Applicable,Not Applicable,Not Applicable,No,Not Applicable,Service,Yes,No,Not Applicable,Yes,Not Applicable,Not Applicable,Not Applicable,Not Applicable,Not Applicable,Not Available,Not Available,Science,Not Available,Not Available,Not Applicable,Not Applicable,No,No,No
Gurpal Ahluwalia,Male,1966-02-20T00:00:00Z,Not Available,Not Available,2016-10-13T00:00:00Z,2028-02-19T00:00:00Z,No,No,Madhya Pradesh,No,Not Applicable,Not Applicable,Not Applicable,Not Applicable,Not Applicable,Not Applicable,No,Not Applicable,Not Applicable,Not Applicable,No,Not Applicable,Bar,No,Yes,No,Not Applicable,Yes,No,No,No,No,Not Available,Not Available,Arts,Not Available,Not Available,1988,Madhya Pradesh,No,No,Yes
Hemant Gupta,Male,1957-10-17T00:00:00Z,Not Available,Not Available,2002-07-02T00:00:00Z,2022-10-16T00:00:00Z,No,No,Punjab and Haryana,Yes,Patna,2016-02-08T00:00:00Z,Not Applicable,Not Applicable,Not Applicable,Not Applicable,Yes,Madhya Pradesh,Not Applicable,Not Applicable,No,Not Applicable,Bar,No,Yes,No,Not Applicable,Yes,No,No,No,No,Not Available,Not Available,Arts,Not Available,Not Available,1980,Punjab and Haryana,No,No,No
Housla Prasad Singh,Male,1956-07-01T00:00:00Z,Uttar Pradesh,Aschaura (Ballia),2016-04-07T00:00:00Z,2018-06-30T00:00:00Z,No,No,Madhya Pradesh,No,Not Applicable,Not Applicable,Not Applicable,Not Applicable,Not Applicable,Not Applicable,No,Not Applicable,Not Applicable,Not Applicable,No,Not Applicable,Service,Yes,No,Not Applicable,No,Not Applicable,Not Applicable,Not Applicable,Not Applicable,Not Applicable,Not Available,Not Available,Not Available,Not Available,Not Available,Not Applicable,Not Applicable,No,No,No
Huluvadi Gangadhdarappa Ramesh,Male,1957-05-20T00:00:00Z,Not Available,Not Available,2003-09-08T00:00:00Z,2019-05-19T00:00:00Z,No,No,Karnataka,Yes,Allahabad,2014-02-16T00:00:00Z,Madras,2016-04-10T00:00:00Z,Madhya Pradesh,2018-11-15T00:00:00Z,No,Not Applicable,Not Applicable,Not Applicable,No,Not Applicable,Service,Yes,Yes,No,Yes,No,No,No,No,No,Not Available,Not Available,Science,Mysore University,Not Available,1981,Karnataka,No,Yes,Yes
I. S. Shrivastava,Male,1949-12-16T00:00:00Z,Not Available,Not Available,2009-08-25T00:00:00Z,2011-12-16T00:00:00Z,No,No,Madhya Pradesh,No,Not Applicable,Not Applicable,Not Applicable,Not Applicable,Not Applicable,Not Applicable,No,Not Applicable,Not Applicable,Not Applicable,No,Not Applicable,Service,Yes,Yes,No,No,No,No,No,No,No,Not Available,Not Available,Science,Not Available,Not Available,1975,Madhya Pradesh,No,No,Yes
Indrani Datta,Female,1949-11-16T00:00:00Z,Not Available,Not Available,Not Available,Not Available,No,Not Available,Madhya Pradesh,Not Available,Not Available,Not Available,Not Available,Not Available,Not Available,Not Available,Not Available,Not Available,Not Available,Not Available,No,NA,Not Available,Not Available,Not Available,Not Available,Not Available,Not Available,Not Available,Not Available,Not Available,Not Available,Not Available,Not Available,Science,Not Available,Not Available,Not Available,Not Available,No,No,No
Jagdish Prasad Gupta,Male,1959-03-21T00:00:00Z,Madhya Pradesh,Morena,2016-04-07T00:00:00Z,2021-03-20T00:00:00Z,No,No,Madhya Pradesh,No,Not Applicable,Not Applicable,Not Applicable,Not Applicable,Not Applicable,Not Applicable,No,Not Applicable,Not Applicable,Not Applicable,No,Not Applicable,Service,Yes,Yes,No,No,No,No,No,No,No,Not Available,Not Available,Not Available,Not Available,Not Available,1981,Madhya Pradesh,No,No,No
Jarat Kumar Jain,Male,1955-01-23T00:00:00Z,Not Available,Not Available,2014-02-28T00:00:00Z,2017-01-22T00:00:00Z,No,No,Madhya Pradesh,No,Not Applicable,Not Applicable,Not Applicable,Not Applicable,Not Applicable,Not Applicable,No,Not Applicable,Not Applicable,Not Applicable,No,Not Applicable,Service,Yes,Yes,No,Yes,No,No,No,No,No,Not Available,Not Available,Not Available,Not Available,Not Available,1977,Madhya Pradesh,No,Yes,No
Jayant Govind Chitre,Male,1942-01-21T00:00:00Z,Not Available,Not Available,1994-01-20T00:00:00Z,2004-01-21T00:00:00Z,No,No,Bombay,Yes,Madhya Pradesh,1994-02-08T00:00:00Z,Bombay,2001-08-20T00:00:00Z,Not Applicable,Not Applicable,No,Not Applicable,Not Applicable,Not Applicable,No,Not Applicable,Service,Yes,Yes,No,No,No,No,No,No,No,Not Available,Not Available,Commerce,Not Available,Not Available,1964,Not Available,No,No,No
Jitendra Kumar Maheshwari,Male,1961-06-29T00:00:00Z,Madhya Pradesh,"Jaura, District Morena",2005-11-25T00:00:00Z,2023-06-28T00:00:00Z,No,No,Madhya Pradesh,No,Not Applicable,Not Applicable,Not Applicable,Not Applicable,Not Applicable,Not Applicable,Yes,Andhra Pradesh,Sikkim,Not Applicable,No,Not Applicable,Bar,No,Yes,No,Not Applicable,Yes,No,Yes,No,No,Not Available,Not Available,Arts,Not Available,1985,1985,Madhya Pradesh,No,No,Yes
Kedar Singh Chauhan,Male,1948-05-06T00:00:00Z,Not Available,Not Available,Not Available,Not Available,No,Not Available,Madhya Pradesh,Not Available,Not Available,Not Available,Not Available,Not Available,Not Available,Not Available,Not Available,Not Available,Not Available,Not Available,No,NA,Not Available,Not Available,Not Available,Not Available,Not Available,Not Available,Not Available,Not Available,Not Available,Not Available,Not Available,Not Available,Science,Not Available,Not Available,Not Available,Not Available,No,No,No
Keshav Kumar Trivedi,Male,1954-01-10T00:00:00Z,Not Available,Not Available,2011-05-27T00:00:00Z,2016-01-09T00:00:00Z,No,No,Madhya Pradesh,No,Not Applicable,Not Applicable,Not Applicable,Not Applicable,Not Applicable,Not Applicable,No,Not Applicable,Not Applicable,Not Applicable,No,Not Applicable,Bar,No,Yes,No,Not Applicable,Yes,No,No,No,No,Not Available,Not Available,Arts,Not Available,Not Available,1979,Madhya Pradesh,No,No,No
Krishn Lahoti,Male,1952-03-06T00:00:00Z,Not Available,Not Available,2001-10-22T00:00:00Z,2014-03-06T00:00:00Z,No,No,Madhya Pradesh,No,Not Applicable,Not Applicable,Not Applicable,Not Applicable,Not Applicable,Not Applicable,No,Not Applicable,Not Applicable,Not Applicable,No,Not Applicable,Bar,No,Yes,No,Not Applicable,No,No,No,No,No,Not Available,Not Available,Commerce,Not Available,Not Available,1974,Madhya Pradesh,No,No,No
Krishna Shrivastava,Male,1938-03-03T00:00:00Z,Not Available,Not Available,1994-09-27T00:00:00Z,2000-03-03T00:00:00Z,No,No,Madhya Pradesh,Yes,Andhra Pradesh,1994-09-28T00:00:00Z,Not Applicable,Not Applicable,Not Applicable,Not Applicable,No,Not Applicable,Not Applicable,Not Applicable,No,Not Applicable,Service,Yes,Yes,No,No,No,No,No,No,No,Not Available,Not Available,Arts,Not Available,Not Available,1964,Madhya Pradesh,No,No,No
Kumar Rajarathnam,Male,1942-03-13T00:00:00Z,Not Available,Not Available,1994-01-10T00:00:00Z,2004-03-12T00:00:00Z,No,No,Madras,Yes,Karnataka,1994-01-24T00:00:00Z,Not Applicable,Not Applicable,Not Applicable,Not Applicable,Yes,Madhya Pradesh,Not Applicable,Not Applicable,No,Not Applicable,Bar,No,Yes,No,Not Applicable,No,No,No,No,No,Not Available,"Loyola College, Madras",Not Available,Gray's Inn (London),Not Available,1971,Tamil Nadu and Puducherry,Yes,No,No
M. S. A. Siddiqui,Male,1939-05-29T00:00:00Z,Not Available,Not Available,1994-09-27T00:00:00Z,2001-05-29T00:00:00Z,No,No,Madhya Pradesh,Yes,Delhi,1994-09-28T00:00:00Z,Not Applicable,Not Applicable,Not Applicable,Not Applicable,No,Not Applicable,Not Applicable,Not Applicable,No,Not Applicable,Service,Yes,Yes,No,Yes,No,No,No,No,No,Not Available,Not Available,Not Available,Not Available,Not Available,Not Available,Not Available,No,No,No
Mahendra Kumar Mudgal,Male,1954-08-28T00:00:00Z,Not Available,Not Available,2013-04-01T00:00:00Z,2016-08-27T00:00:00Z,No,No,Madhya Pradesh,No,Not Applicable,Not Applicable,Not Applicable,Not Applicable,Not Applicable,Not Applicable,No,Not Applicable,Not Applicable,Not Applicable,No,Not Applicable,Service,Yes,No,Not Applicable,Yes,Not Applicable,Not Applicable,Not Applicable,Not Applicable,Not Applicable,Not Available,Not Available,Not Available,Not Available,Not Available,Not Applicable,Not Applicable,No,No,No
Maithili Sharan,Male,1939-06-12T00:00:00Z,Not Available,Not Available,1994-09-27T00:00:00Z,2001-06-11T00:00:00Z,No,No,Madhya Pradesh,Yes,Andhra Pradesh,1994-10-06T00:00:00Z,Allahabad,1996-04-02T00:00:00Z,Not Applicable,Not Applicable,No,Not Applicable,Not Applicable,Not Applicable,No,Not Applicable,Service,Yes,Yes,No,No,No,No,No,No,No,Not Available,Not Available,Science,Not Available,Not Available,Not Available,Madhya Pradesh,No,No,Yes
Manjusha Namjoshi,Female,1947-08-21T00:00:00Z,Not Available,Not Available,2005-10-18T00:00:00Z,2009-08-20T00:00:00Z,Yes,No,Madhya Pradesh,No,Not Applicable,Not Applicable,Not Applicable,Not Applicable,Not Applicable,Not Applicable,No,Not Applicable,Not Applicable,Not Applicable,No,Not Applicable,Service,Yes,No,Not Applicable,No,Not Applicable,Not Applicable,Not Applicable,Not Applicable,Not Applicable,Not Available,Not Available,Science,Not Available,Not Available,Not Applicable,Not Applicable,No,No,No
Mohammad Anwar Siddiqui,Male,1951-07-01T00:00:00Z,Not Available,Not Available,2010-09-13T00:00:00Z,2013-06-30T00:00:00Z,No,No,Madhya Pradesh,No,Not Applicable,Not Applicable,Not Applicable,Not Applicable,Not Applicable,Not Applicable,No,Not Applicable,Not Applicable,Not Applicable,No,Not Applicable,Service,Yes,No,Not Applicable,No,Not Applicable,Not Applicable,Not Applicable,Not Applicable,Not Applicable,Not Available,Not Available,Arts,Not Available,Not Available,Not Applicable,Not Applicable,No,No,Yes
Mohammad Rafiq,Male,1960-05-25T00:00:00Z,Rajasthan,"Charu, Sujangarh",2006-05-15T00:00:00Z,2022-05-24T00:00:00Z,No,No,Rajasthan,No,Not Applicable,Not Applicable,Not Applicable,Not Applicable,Not Applicable,Not Applicable,Yes,Meghalaya,Orissa,Madhya Pradesh,No,Not Applicable,Bar,No,Yes,No,Not Applicable,Yes,No,No,No,No,Not Available,Not Available,Commerce,Not Available,Not Available,1984,Rajasthan,No,Yes,No
Mohammed Anwar,Male,1959-04-05T00:00:00Z,Not Available,Not Available,2018-06-19T00:00:00Z,2021-04-04T00:00:00Z,No,No,Madhya Pradesh,No,Not Applicable,Not Applicable,Not Applicable,Not Applicable,Not Applicable,Not Applicable,No,Not Applicable,Not Applicable,Not Applicable,No,Not Applicable,Service,Yes,No,Not Applicable,Yes,Not Applicable,Not Applicable,Not Applicable,Not Applicable,Not Applicable,Not Available,Not Available,Not Available,Not Available,Not Available,Not Applicable,Not Applicable,No,Yes,No
Mool Chand Garg,Male,1954-06-10T00:00:00Z,Not Available,Not Available,2008-04-11T00:00:00Z,2016-06-09T00:00:00Z,No,No,Delhi,Yes,Madhya Pradesh,2011-04-17T00:00:00Z,Not Applicable,Not Applicable,Not Applicable,Not Applicable,No,Not Applicable,Not Applicable,Not Applicable,No,Not Applicable,Service,Yes,Yes,No,No,Yes,No,No,No,No,Not Available,Not Available,Commerce,Delhi University,Not Available,1978,Delhi,No,No,No
Nandita Dubey,Female,1961-09-17T00:00:00Z,Madhya Pradesh,Gwalior,2016-04-07T00:00:00Z,2023-09-16T00:00:00Z,No,No,Madhya Pradesh,No,Not Applicable,Not Applicable,Not Applicable,Not Applicable,Not Applicable,Not Applicable,No,Not Applicable,Not Applicable,Not Applicable,No,Not Applicable,Bar,No,Yes,No,Not Applicable,Yes,No,Yes,Yes,No,Not Available,Not Available,Economics,Not Available,Not Available,2001,Madhya Pradesh,No,Yes,No
Naresh Kumar Gupta,Male,1955-07-01T00:00:00Z,Not Available,Not Available,2010-05-03T00:00:00Z,2017-06-30T00:00:00Z,No,No,Madhya Pradesh,No,Not Applicable,Not Applicable,Not Applicable,Not Applicable,Not Applicable,Not Applicable,No,Not Applicable,Not Applicable,Not Applicable,No,Not Applicable,Service,Yes,No,Not Applicable,Yes,Not Applicable,Not Applicable,Not Applicable,Not Applicable,Not Applicable,Not Available,Not Available,Not Available,Not Available,Not Available,Not Applicable,Not Applicable,No,No,No
Nishith Kumar Mody,Male,1951-12-06T00:00:00Z,Not Available,Not Available,2004-10-11T00:00:00Z,2013-12-05T00:00:00Z,No,No,Madhya Pradesh,No,Not Applicable,Not Applicable,Not Applicable,Not Applicable,Not Applicable,Not Applicable,No,Not Applicable,Not Applicable,Not Applicable,No,Not Applicable,Bar,No,Yes,No,Not Applicable,Yes,No,Yes,Yes,No,Not Available,Not Available,Arts,Not Available,Not Available,1973,Madhya Pradesh,No,No,No
Pankaj Kumar Jaiswal,Male,1958-09-24T00:00:00Z,Not Available,Not Available,2004-10-11T00:00:00Z,2020-09-23T00:00:00Z,No,No,Madhya Pradesh,Yes,Allahabad,2019-02-04T00:00:00Z,Not Applicable,Not Applicable,Not Applicable,Not Applicable,No,Not Applicable,Not Applicable,Not Applicable,No,Not Applicable,Bar,No,Yes,No,Not Applicable,Yes,No,No,Yes,No,Not Available,Not Available,Science,Not Available,Not Available,1981,Madhya Pradesh,No,No,No
Piyush Mathur,Male,1960-03-12T00:00:00Z,Not Available,Not Available,2009-10-14T00:00:00Z,2010-09-01T00:00:00Z,No,Yes,Madhya Pradesh,No,Not Applicable,Not Applicable,Not Applicable,Not Applicable,Not Applicable,Not Applicable,No,Not Applicable,Not Applicable,Not Applicable,No,Not Applicable,Bar,No,Yes,No,Not Applicable,Yes,No,No,Yes,No,Not Available,Not Available,Arts,Not Available,Not Available,1984,Madhya Pradesh,No,No,No
Prakash Naik,Male,1941-09-02T00:00:00Z,Not Available,Not Available,1994-03-16T00:00:00Z,2003-09-01T00:00:00Z,No,No,Madhya Pradesh,Yes,Orissa,1994-03-23T00:00:00Z,Chhattisgarh,2002-04-14T00:00:00Z,Not Applicable,Not Applicable,No,Not Applicable,Not Applicable,Not Applicable,No,Not Applicable,Bar,No,Yes,No,Not Applicable,No,No,No,No,No,Not Available,Not Available,Not Available,Not Available,Not Available,1965,Madhya Pradesh,No,No,No
Prakash Shrivastava,Male,1961-03-31T00:00:00Z,Not Available,Not Available,2008-01-18T00:00:00Z,2023-03-30T00:00:00Z,No,No,Madhya Pradesh,No,Not Applicable,Not Applicable,Not Applicable,Not Applicable,Not Applicable,Not Applicable,No,Not Applicable,Not Applicable,Not Applicable,No,Not Applicable,Bar,No,Yes,No,Not Applicable,Yes,No,No,No,No,Not Available,Not Available,Not Available,Not Available,Not Available,1987,Madhya Pradesh,No,Yes,No
Rajiv Gupta,Male,1950-10-10T00:00:00Z,Madhya Pradesh,Gwalior,1994-09-27T00:00:00Z,2012-10-09T00:00:00Z,No,No,Madhya Pradesh,No,Not Applicable,Not Applicable,Not Applicable,Not Applicable,Not Applicable,Not Applicable,Yes,Kerala,Uttarakhand,Chhattisgarh,No,Not Applicable,Bar,No,Yes,No,Not Applicable,No,No,No,No,No,Not Available,"Jiwaji University, Gwalior",Arts,"Jiwaji University, Gwalior",Not Available,1973,Madhya Pradesh,No,No,No
Rajeev Kumar Dubey,Male,1960-10-11T00:00:00Z,Not Available,Not Available,2016-10-13T00:00:00Z,2022-10-10T00:00:00Z,No,No,Madhya Pradesh,No,Not Applicable,Not Applicable,Not Applicable,Not Applicable,Not Applicable,Not Applicable,No,Not Applicable,Not Applicable,Not Applicable,No,Not Applicable,Service,Yes,No,Not Applicable,No,Not Applicable,Not Applicable,Not Applicable,Not Applicable,Not Applicable,Not Available,Not Available,Science,Not Available,Not Available,Not Applicable,Not Applicable,No,No,No
Rajeev Kumar Shrivastava,Male,1960-11-25T00:00:00Z,Not Available,Not Available,2018-11-19T00:00:00Z,2022-11-24T00:00:00Z,No,No,Madhya Pradesh,No,Not Applicable,Not Applicable,Not Applicable,Not Applicable,Not Applicable,Not Applicable,No,Not Applicable,Not Applicable,Not Applicable,No,Not Applicable,Service,Yes,No,Not Applicable,Yes,Not Applicable,Not Applicable,Not Applicable,Not Applicable,Not Applicable,Not Available,Not Available,Not Available,Not Available,Not Available,Not Applicable,Not Applicable,No,No,No
Rajendra Kumar Srivastava,Male,1960-01-01T00:00:00Z,Not Available,Not Available,2018-06-19T00:00:00Z,2021-12-31T00:00:00Z,No,No,Madhya Pradesh,No,Not Applicable,Not Applicable,Not Applicable,Not Applicable,Not Applicable,Not Applicable,No,Not Applicable,Not Applicable,Not Applicable,No,Not Applicable,Service,Yes,No,Not Applicable,No,Not Applicable,Not Applicable,Not Applicable,Not Applicable,Not Applicable,Not Available,Not Available,Arts,Not Available,Not Available,Not Applicable,Not Applicable,No,No,No
Rajendra Mahajan,Male,1956-03-07T00:00:00Z,Madhya Pradesh,Khargon,2014-10-25T00:00:00Z,2018-03-06T00:00:00Z,No,No,Madhya Pradesh,No,Not Applicable,Not Applicable,Not Applicable,Not Applicable,Not Applicable,Not Applicable,No,Not Applicable,Not Applicable,Not Applicable,No,Not Applicable,Service,Yes,No,Not Applicable,No,Not Applicable,Not Applicable,Not Applicable,Not Applicable,Not Applicable,Not Available,Not Available,Not Available,Not Available,Not Available,Not Applicable,Not Applicable,No,No,No
Rajendra Menon,Male,1957-06-07T00:00:00Z,Not Available,Not Available,2002-04-01T00:00:00Z,2019-06-06T00:00:00Z,No,No,Madhya Pradesh,No,Not Applicable,Not Applicable,Not Applicable,Not Applicable,Not Applicable,Not Applicable,Yes,Patna,Delhi,Not Applicable,No,Not Applicable,Bar,No,Yes,No,Not Applicable,Yes,No,Yes,Yes,No,Not Available,"Govt. Science College, Jabalpur",Science,L.L.B from NSE Law College (Jabalpur),1981,1981,Madhya Pradesh,No,No,No
Rakesh Chandra Mishra,Male,1951-06-03T00:00:00Z,Not Available,Not Available,2006-09-11T00:00:00Z,2013-06-02T00:00:00Z,No,No,Madhya Pradesh,No,Not Applicable,Not Applicable,Not Applicable,Not Applicable,Not Applicable,Not Applicable,No,Not Applicable,Not Applicable,Not Applicable,No,Not Applicable,Service,Yes,Yes,No,Yes,No,No,No,No,No,Not Available,Not Available,Not Available,Not Available,Not Available,1972,Madhya Pradesh,No,Yes,Yes
Rakesh Saksena,Male,1951-09-08T00:00:00Z,Not Available,Not Available,2004-10-11T00:00:00Z,2013-09-07T00:00:00Z,No,No,Madhya Pradesh,No,Not Applicable,Not Applicable,Not Applicable,Not Applicable,Not Applicable,Not Applicable,No,Not Applicable,Not Applicable,Not Applicable,No,Not Applicable,Bar,No,Yes,No,Not Applicable,No,No,No,No,No,Not Available,Not Available,Arts,Not Available,Not Available,1972,Madhya Pradesh,No,Yes,No
Ram Kishore Gupta,Male,1949-01-01T00:00:00Z,Not Available,Not Available,2005-10-18T00:00:00Z,2010-12-01T00:00:00Z,No,Yes,Madhya Pradesh,No,Not Applicable,Not Applicable,Not Applicable,Not Applicable,Not Applicable,Not Applicable,No,Not Applicable,Not Applicable,Not Applicable,No,Not Applicable,Bar,No,Yes,No,Not Applicable,Yes,No,No,No,No,Not Available,Not Available,Not Available,Not Available,Not Available,1971,Madhya Pradesh,No,Yes,No
Ram Prakash Gupta,Male,1937-12-01T00:00:00Z,Not Available,Not Available,1994-12-16T00:00:00Z,1999-12-01T00:00:00Z,No,No,Delhi,Yes,Madhya Pradesh,1996-05-06T00:00:00Z,Not Applicable,Not Applicable,Not Applicable,Not Applicable,No,Not Applicable,Not Applicable,Not Applicable,No,Not Applicable,Service,Yes,No,Not Applicable,No,Not Applicable,Not Applicable,Not Applicable,Not Applicable,Not Applicable,Not Available,Panjab University,Arts - English,University of Delhi,Not Available,Not Applicable,Not Applicable,No,No,No
Ramesh Surajmal Garg,Male,1948-06-18T00:00:00Z,Not Available,Not Available,1994-12-15T00:00:00Z,2010-06-18T00:00:00Z,No,No,Madhya Pradesh,Yes,Chhattisgarh,2000-10-31T00:00:00Z,Patna,2001-10-31T00:00:00Z,Gujarat,2005-02-26T00:00:00Z,Yes,Gauhati,Not Applicable,Not Applicable,No,Not Applicable,Bar,No,Yes,No,Not Applicable,Yes,No,No,No,No,Indore Christian College,Not Available,Not Available,Not Available,1971,1971,Madhya Pradesh,No,Yes,No
Ravi Jha,Male,1961-10-14T00:00:00Z,Not Available,Not Available,2005-10-18T00:00:00Z,2023-10-13T00:00:00Z,No,No,Madhya Pradesh,No,Not Applicable,Not Applicable,Not Applicable,Not Applicable,Not Applicable,Not Applicable,Yes,Punjab and Haryana,Not Applicable,Not Applicable,No,Not Applicable,Bar,No,Yes,No,Not Applicable,Yes,No,No,No,Yes,Not Available,Not Available,Not Available,"University Teaching Department, Rani  Durgawati Vishwavidyalaya, Jabalpur",1986,1986,Madhya Pradesh,No,No,No
Rohit Arya,Male,1962-04-28T00:00:00Z,Not Available,Not Available,2013-09-12T00:00:00Z,2024-04-27T00:00:00Z,No,No,Madhya Pradesh,No,Not Applicable,Not Applicable,Not Applicable,Not Applicable,Not Applicable,Not Applicable,No,Not Applicable,Not Applicable,Not Applicable,No,Not Applicable,Bar,No,Yes,Yes,Not Applicable,Yes,No,Yes,No,No,Not Available,Not Available,Arts,Not Available,Not Available,1984,Madhya Pradesh,No,No,No
S. B. Sakrikar,Male,Not Available,Not Available,Not Available,1995-06-19T00:00:00Z,Not Available,Not Available,Not Available,Madhya Pradesh,Not Available,Not Available,Not Available,Not Available,Not Available,Not Available,Not Available,Not Available,Not Available,Not Available,Not Available,No,NA,Service,Yes,No,Not Applicable,No,Not Applicable,Not Applicable,Not Applicable,Not Applicable,Not Applicable,Not Available,Not Available,Not Available,Not Available,Not Available,Not Applicable,Not Applicable,No,No,No
Sanjay Dwivedi,Male,1963-07-01T00:00:00Z,Not Available,Not Available,2018-06-19T00:00:00Z,2025-06-30T00:00:00Z,No,No,Madhya Pradesh,No,Not Applicable,Not Applicable,Not Applicable,Not Applicable,Not Applicable,Not Applicable,No,Not Applicable,Not Applicable,Not Applicable,No,Not Applicable,Bar,No,Yes,No,Not Applicable,No,No,No,No,No,Not Available,Not Available,Commerce,Not Available,Not Available,Not Available,Not Available,No,No,No
Sanjay Kumar Seth,Male,1957-06-10T00:00:00Z,Not Available,Not Available,2003-03-21T00:00:00Z,2019-06-09T00:00:00Z,No,No,Madhya Pradesh,No,Not Applicable,Not Applicable,Not Applicable,Not Applicable,Not Applicable,Not Applicable,No,Not Applicable,Not Applicable,Not Applicable,No,Not Applicable,Bar,No,Yes,No,Not Applicable,Yes,No,No,No,No,Not Available,Not Available,Arts,Not Available,Not Available,1981,Madhya Pradesh,No,No,No
Sanjay Yadav,Male,1959-06-26T00:00:00Z,Not Available,Not Available,2007-03-02T00:00:00Z,2021-06-25T00:00:00Z,No,No,Madhya Pradesh,Yes,Allahabad,2021-01-07T00:00:00Z,Not Applicable,Not Applicable,Not Applicable,Not Applicable,Yes,Allahabad,Not Applicable,Not Applicable,No,Not Applicable,Bar,No,Yes,No,Not Applicable,Yes,No,No,No,No,Not Available,Not Available,Not Available,Not Available,Not Available,1986,Madhya Pradesh,No,Yes,No
Sarojini Saxena,Female,Not Available,Not Available,Not Available,1994-09-27T00:00:00Z,Not Available,Not Available,Not Available,Madhya Pradesh,Yes,Punjab and Haryana,1994-10-10T00:00:00Z,Not Applicable,Not Applicable,Not Applicable,Not Applicable,Not Available,Not Available,Not Available,Not Available,No,Not Applicable,Service,Yes,No,Not Applicable,No,Not Applicable,Not Applicable,Not Applicable,Not Applicable,Not Applicable,Not Available,Not Available,Not Available,Not Available,Not Available,Not Applicable,Not Applicable,No,No,No
Satish Chandra Sharma,Male,1961-11-30T00:00:00Z,Madhya Pradesh,Bhopal,2008-01-18T00:00:00Z,2023-11-29T00:00:00Z,No,No,Madhya Pradesh,Yes,Karnataka,2021-01-04T00:00:00Z,Not Applicable,Not Applicable,Not Applicable,Not Applicable,No,Not Applicable,Not Applicable,Not Applicable,No,Not Applicable,Bar,No,Yes,Yes,Not Applicable,Yes,No,No,No,No,"Christ Chruch Boys Higher Secondary School; Central School, Jabalpur","Dr Hari Singh Gour University, Sagar",Science,"Dr Hari Singh Gour University, Sagar",1984,1984,Madhya Pradesh,No,No,No
Shailendra Shukla,Male,1959-11-17T00:00:00Z,Not Available,Not Available,2018-11-19T00:00:00Z,2021-11-16T00:00:00Z,No,No,Madhya Pradesh,No,Not Applicable,Not Applicable,Not Applicable,Not Applicable,Not Applicable,Not Applicable,No,Not Applicable,Not Applicable,Not Applicable,No,Not Applicable,Service,Yes,No,Not Applicable,Yes,Not Applicable,Not Applicable,Not Applicable,Not Applicable,Not Applicable,Not Available,Not Available,Not Available,Not Available,Not Available,Not Applicable,Not Applicable,No,No,No
Shambhoo Singh,Male,1961-01-01T00:00:00Z,Not Available,Not Available,Not Available,Not Available,Not Available,Not Available,Madhya Pradesh,Not Available,Not Available,Not Available,Not Available,Not Available,Not Available,Not Available,Not Available,Not Available,Not Available,Not Available,No,NA,Not Available,Not Available,Not Available,Not Available,Not Available,Not Available,Not Available,Not Available,Not Available,Not Available,Not Available,Not Available,Not Available,Not Available,Not Available,Not Available,Not Available,No,No,No
Shantanu Kemkar,Male,1956-10-23T00:00:00Z,Not Available,Not Available,2003-03-21T00:00:00Z,2018-10-22T00:00:00Z,No,No,Madhya Pradesh,Yes,Bombay,2016-04-15T00:00:00Z,Not Applicable,Not Applicable,Not Applicable,Not Applicable,No,Not Applicable,Not Applicable,Not Applicable,No,Not Applicable,Bar,No,Yes,No,Not Applicable,Yes,No,Yes,No,No,Not Available,Not Available,Commerce,Not Available,Not Available,1979,Madhya Pradesh,No,No,No
Shanti Kochar,Male,1948-10-26T00:00:00Z,Not Available,Not Available,2001-10-22T00:00:00Z,2010-10-26T00:00:00Z,No,No,Madhya Pradesh,No,Not Applicable,Not Applicable,Not Applicable,Not Applicable,Not Applicable,Not Applicable,No,Not Applicable,Not Applicable,Not Applicable,No,Not Applicable,Bar,No,Yes,No,Not Applicable,No,No,No,No,No,Not Available,Not Available,Not Available,Not Available,Not Available,1973,Madhya Pradesh,No,Yes,No
Sharad Bobde,Male,1956-04-24T00:00:00Z,Maharashtra,Nagpur,2000-03-29T00:00:00Z,2021-04-23T00:00:00Z,No,No,Bombay,No,Not Applicable,Not Applicable,Not Applicable,Not Applicable,Not Applicable,Not Applicable,Yes,Madhya Pradesh,Not Applicable,Not Applicable,Yes,2013-04-12T00:00:00Z,Bar,No,Yes,Yes,Not Applicable,No,No,No,No,No,Not Available,Nagpur University,Arts,Nagpur University,Not Available,1978,Maharashtra,No,No,No
Sheel Nagu,Male,1965-01-01T00:00:00Z,Not Available,Not Available,2011-05-27T00:00:00Z,2026-12-31T00:00:00Z,No,No,Madhya Pradesh,No,Not Applicable,Not Applicable,Not Applicable,Not Applicable,Not Applicable,Not Applicable,No,Not Applicable,Not Applicable,Not Applicable,No,Not Applicable,Bar,No,Yes,No,Not Applicable,Yes,No,No,No,No,Not Available,Not Available,Commerce,Not Available,Not Available,1987,Madhya Pradesh,No,No,No
Shubhada Waghmare,Female,1954-11-05T00:00:00Z,Not Available,Not Available,2004-10-11T00:00:00Z,2016-04-13T00:00:00Z,Yes,No,Madhya Pradesh,No,Not Applicable,Not Applicable,Not Applicable,Not Applicable,Not Applicable,Not Applicable,No,Not Applicable,Not Applicable,Not Applicable,No,Not Applicable,Bar,No,Yes,No,Not Applicable,Yes,No,No,No,No,Not Available,Not Available,Not Available,Not Available,Not Available,1981,Madhya Pradesh,No,Yes,No
Shyam Dwivedi,Male,1948-10-31T00:00:00Z,Not Available,Not Available,2005-10-18T00:00:00Z,2010-08-30T00:00:00Z,No,No,Madhya Pradesh,No,Not Applicable,Not Applicable,Not Applicable,Not Applicable,Not Applicable,Not Applicable,No,Not Applicable,Not Applicable,Not Applicable,No,Not Applicable,Service,Yes,Yes,No,Yes,No,No,No,No,No,Not Available,Not Available,Arts,Not Available,Not Available,1969,Madhya Pradesh,No,No,No
Sri Niwas Aggarwal,Male,1950-08-25T00:00:00Z,Delhi,Delhi,2006-02-28T00:00:00Z,2012-08-24T00:00:00Z,No,No,Delhi,Yes,Madhya Pradesh,2010-10-28T00:00:00Z,Not Applicable,Not Applicable,Not Applicable,Not Applicable,No,Not Applicable,Not Applicable,Not Applicable,No,Not Applicable,Service,Yes,Yes,No,Yes,No,No,No,No,No,Not Available,Not Available,Science,Not Available,Not Available,1980,Delhi,No,No,Yes
Subhash Kakade,Male,Not Available,Not Available,Not Available,2013-04-01T00:00:00Z,2017-01-22T00:00:00Z,No,No,Madhya Pradesh,No,Not Applicable,Not Applicable,Not Applicable,Not Applicable,Not Applicable,Not Applicable,No,Not Applicable,Not Applicable,Not Applicable,No,Not Applicable,Service,Yes,No,Not Applicable,Yes,Not Applicable,Not Applicable,Not Applicable,Not Applicable,Not Applicable,Not Available,Not Available,Not Available,Not Available,Not Available,Not Applicable,Not Applicable,No,No,No
Subodh Abhyankar,Male,1969-01-03T00:00:00Z,Not Available,Not Available,2016-10-13T00:00:00Z,2031-01-02T00:00:00Z,No,No,Madhya Pradesh,No,Not Applicable,Not Applicable,Not Applicable,Not Applicable,Not Applicable,Not Applicable,No,Not Applicable,Not Applicable,Not Applicable,No,Not Applicable,Bar,No,Yes,No,Not Applicable,No,No,No,No,No,Not Available,Not Available,Mathematics,Not Available,Not Available,1997,Madhya Pradesh,No,Yes,No
Sujoy Paul,Male,1964-06-21T00:00:00Z,Not Available,Not Available,2011-05-27T00:00:00Z,2026-06-20T00:00:00Z,No,No,Madhya Pradesh,No,Not Applicable,Not Applicable,Not Applicable,Not Applicable,Not Applicable,Not Applicable,No,Not Applicable,Not Applicable,Not Applicable,No,Not Applicable,Bar,No,Yes,No,Not Applicable,Yes,No,No,No,No,Not Available,Not Available,Commerce,Not Available,Not Available,1990,Madhya Pradesh,No,Yes,No
Sunil Kumar Awasthi,Male,1959-06-04T00:00:00Z,Not Available,Not Available,2016-10-13T00:00:00Z,2021-01-02T00:00:00Z,No,Yes,Madhya Pradesh,No,Not Applicable,Not Applicable,Not Applicable,Not Applicable,Not Applicable,Not Applicable,No,Not Applicable,Not Applicable,Not Applicable,No,Not Applicable,Service,Yes,Yes,No,No,No,No,No,No,No,Not Available,Not Available,Commerce,Not Available,Not Available,1982,Madhya Pradesh,No,No,No
Surendra Kumar Gangele,Male,1956-07-26T00:00:00Z,Not Available,Not Available,2004-10-11T00:00:00Z,2018-07-25T00:00:00Z,No,No,Madhya Pradesh,No,Not Applicable,Not Applicable,Not Applicable,Not Applicable,Not Applicable,Not Applicable,No,Not Applicable,Not Applicable,Not Applicable,No,Not Applicable,Bar,No,Yes,No,Not Applicable,Yes,No,No,No,No,Not Available,Not Available,Not Available,Not Available,Not Available,1980,Madhya Pradesh,No,No,No
Suresh Chandra Sinho,Male,1950-08-20T00:00:00Z,Not Available,Not Available,2006-11-09T00:00:00Z,2012-08-19T00:00:00Z,No,No,Madhya Pradesh,No,Not Applicable,Not Applicable,Not Applicable,Not Applicable,Not Applicable,Not Applicable,No,Not Applicable,Not Applicable,Not Applicable,No,Not Applicable,Service,Yes,No,Not Applicable,Yes,Not Applicable,Not Applicable,Not Applicable,Not Applicable,Not Applicable,Not Available,Not Available,Not Available,Not Available,Not Available,Not Applicable,Not Applicable,No,Yes,No
Sushil Harkauli,Male,1951-08-02T00:00:00Z,Not Available,Not Available,1999-02-05T00:00:00Z,2013-08-01T00:00:00Z,No,No,Allahabad,Yes,Jharkhand,2009-07-01T00:00:00Z,Madhya Pradesh,2006-06-30T00:00:00Z,Allahabad,2012-10-10T00:00:00Z,No,Not Applicable,Not Applicable,Not Applicable,No,Not Applicable,Bar,No,Yes,No,Not Applicable,Yes,No,No,No,No,Not Available,Not Available,Arts,Allahabad University,Not Available,1976,Not Available,No,No,No
Sushil Kumar Gupta,Male,1954-05-12T00:00:00Z,Not Available,Not Available,2014-02-28T00:00:00Z,2016-05-11T00:00:00Z,No,No,Madhya Pradesh,No,Not Applicable,Not Applicable,Not Applicable,Not Applicable,Not Applicable,Not Applicable,No,Not Applicable,Not Applicable,Not Applicable,No,Not Applicable,Service,Yes,Yes,No,No,No,No,No,No,No,Not Available,Not Available,Not Available,Not Available,Not Available,1976,Madhya Pradesh,No,No,No
Sushil Kumar Palo,Male,1956-11-02T00:00:00Z,Odisha,Nabarangpur,2014-04-15T00:00:00Z,2018-11-01T00:00:00Z,No,No,Madhya Pradesh,No,Not Applicable,Not Applicable,Not Applicable,Not Applicable,Not Applicable,Not Applicable,No,Not Applicable,Not Applicable,Not Applicable,No,Not Applicable,Service,Yes,No,Not Applicable,No,Not Applicable,Not Applicable,Not Applicable,Not Applicable,Not Applicable,Not Available,Not Available,Not Available,Not Available,Not Available,Not Applicable,Not Applicable,No,No,No
Sushma Shrivastava,Female,1949-11-12T00:00:00Z,Not Available,Not Available,2006-05-15T00:00:00Z,2011-11-11T00:00:00Z,No,No,Madhya Pradesh,No,Not Applicable,Not Applicable,Not Applicable,Not Applicable,Not Applicable,Not Applicable,No,Not Applicable,Not Applicable,Not Applicable,No,Not Applicable,Service,Yes,Yes,No,No,No,No,No,No,No,Not Available,Not Available,Not Available,Not Available,Not Available,1971,Madhya Pradesh,No,Yes,No
Sushrut Arvind Dharmadhikari,Male,1966-07-08T00:00:00Z,Chhattishgarh (then in MP),Raipur,2016-04-07T00:00:00Z,2028-07-07T00:00:00Z,No,No,Madhya Pradesh,No,Not Applicable,Not Applicable,Not Applicable,Not Applicable,Not Applicable,Not Applicable,No,Not Applicable,Not Applicable,Not Applicable,No,Not Applicable,Bar,No,Yes,No,Not Applicable,Yes,No,Yes,No,Yes,Not Available,Not Available,Not Available,Not Available,Not Available,1992,Madhya Pradesh,No,No,No
Syed Ali Naqvi,Male,1947-12-24T00:00:00Z,Not Available,Not Available,2005-10-18T00:00:00Z,2009-12-23T00:00:00Z,No,No,Madhya Pradesh,No,Not Applicable,Not Applicable,Not Applicable,Not Applicable,Not Applicable,Not Applicable,No,Not Applicable,Not Applicable,Not Applicable,No,Not Applicable,Service,Yes,Yes,No,Yes,No,No,No,No,No,Not Available,Not Available,Science,Not Available,Not Available,1969,Madhya Pradesh,No,No,No
Syed Rafat Alam,Male,1950-08-08T00:00:00Z,Not Available,Not Available,1994-11-08T00:00:00Z,2012-08-07T00:00:00Z,No,No,Patna,Yes,Allahabad,1994-11-28T00:00:00Z,Not Applicable,Not Applicable,Not Applicable,Not Applicable,Yes,Madhya Pradesh,Allahabad,Not Applicable,No,Not Applicable,Bar,No,Yes,No,Not Applicable,Yes,No,No,No,No,Not Available,"St. Columbus College, Hazaribagh",Arts,"Patna Law College, Patna",Not Available,1975,Bihar,No,No,No
Tarun Kumar Kaushal,Male,1953-09-08T00:00:00Z,Not Available,Not Available,2011-01-03T00:00:00Z,2015-09-07T00:00:00Z,No,No,Madhya Pradesh,No,Not Applicable,Not Applicable,Not Applicable,Not Applicable,Not Applicable,Not Applicable,No,Not Applicable,Not Applicable,Not Applicable,No,Not Applicable,Service,Yes,Yes,No,Yes,No,No,No,No,No,Not Available,Not Available,Science,Not Available,Not Available,Not Available,Not Available,No,No,No
Tej Shanker,Male,Not Available,Not Available,Not Available,1994-02-01T00:00:00Z,1999-04-05T00:00:00Z,No,No,Allahabad,Yes,Madhya Pradesh,1994-02-14T00:00:00Z,Not Applicable,Not Applicable,Not Applicable,Not Applicable,No,Not Applicable,Not Applicable,Not Applicable,No,Not Applicable,Service,Yes,No,Not Applicable,No,Not Applicable,Not Applicable,Not Applicable,Not Applicable,Not Applicable,Not Available,Not Available,Not Available,Not Available,Not Available,Not Applicable,Not Applicable,No,No,No
Ullal Bhat,Male,1933-10-10T00:00:00Z,Karnataka,Ullal,1993-12-15T00:00:00Z,1995-10-10T00:00:00Z,No,No,Kerala,No,Not Applicable,Not Applicable,Not Applicable,Not Applicable,Not Applicable,Not Applicable,Yes,Madhya Pradesh,Gauhati,Not Applicable,No,Not Applicable,Service,Yes,Yes,Yes,No,No,No,No,No,Yes,Not Available,Not Available,Not Available,Not Available,Not Available,1955,Not Available,No,No,No
Uma Nath Singh,Male,1954-01-15T00:00:00Z,Not Available,Not Available,2001-10-22T00:00:00Z,2016-01-14T00:00:00Z,No,No,Madhya Pradesh,Yes,Punjab and Haryana,2004-11-29T00:00:00Z,Allahabad,2009-06-29T00:00:00Z,Meghalaya,2014-08-26T00:00:00Z,No,Not Applicable,Not Applicable,Not Applicable,No,Not Applicable,Bar,No,Yes,No,Not Applicable,Yes,No,No,No,No,Not Available,"Ewing Christian College, Allahabad",Not Available,Allahabad University,Not Available,1982,Delhi,No,Yes,No
Umesh Chandra Maheshwari,Male,1955-11-02T00:00:00Z,Madhya Pradesh,"Mhow, Indore",2004-10-11T00:00:00Z,2016-06-27T00:00:00Z,No,Yes,Madhya Pradesh,No,Not Applicable,Not Applicable,Not Applicable,Not Applicable,Not Applicable,Not Applicable,No,Not Applicable,Not Applicable,Not Applicable,No,Not Applicable,Bar,No,Yes,No,Not Applicable,Yes,No,Yes,No,No,Not Available,Not Available,Not Available,Not Available,Not Available,1977,Madhya Pradesh,No,No,No
Vivek Agarwal,Male,1967-06-28T00:00:00Z,Uttar Pradesh,Kasganj,Not Available,Not Available,Not Available,Not Available,Madhya Pradesh,Not Available,Not Available,Not Available,Not Available,Not Available,Not Available,Not Available,Not Available,Not Available,Not Available,Not Available,No,NA,Not Available,Not Available,Not Available,Not Available,Not Available,Not Available,Not Available,Not Available,Not Available,Not Available,Not Available,Not Available,Not Available,Not Available,Not Available,Not Available,Not Available,No,No,No
Vandana Kasrekar,Female,1960-07-10T00:00:00Z,Madhya Pradesh,Indore,2014-10-25T00:00:00Z,2020-12-13T00:00:00Z,No,No,Madhya Pradesh,No,Not Applicable,Not Applicable,Not Applicable,Not Applicable,Not Applicable,Not Applicable,No,Not Applicable,Not Applicable,Not Applicable,No,Not Applicable,Bar,No,Yes,No,Not Applicable,No,No,No,No,No,Not Available,Not Available,Science,Not Available,Not Available,1988,Madhya Pradesh,No,No,Yes
Ved Prakash Sharma,Male,1956-01-02T00:00:00Z,Uttar Pradesh,Agra,2016-04-07T00:00:00Z,2018-01-01T00:00:00Z,No,No,Madhya Pradesh,No,Not Applicable,Not Applicable,Not Applicable,Not Applicable,Not Applicable,Not Applicable,No,Not Applicable,Not Applicable,Not Applicable,No,Not Applicable,Service,Yes,No,Not Applicable,Yes,Not Applicable,Not Applicable,Not Applicable,Not Applicable,Not Applicable,Not Available,Not Available,Not Available,Not Available,Not Available,Not Applicable,Not Applicable,No,No,No
Vijay Kumar Shukla,Male,1964-06-28T00:00:00Z,Not Available,Not Available,2016-10-13T00:00:00Z,2026-06-27T00:00:00Z,No,No,Madhya Pradesh,No,Not Applicable,Not Applicable,Not Applicable,Not Applicable,Not Applicable,Not Applicable,No,Not Applicable,Not Applicable,Not Applicable,No,Not Applicable,Bar,No,Yes,No,Not Applicable,No,No,No,No,No,Not Available,Not Available,Arts,Not Available,Not Available,1987,Madhya Pradesh,No,No,No
Vimla Jain,Female,1952-06-11T00:00:00Z,Not Available,Not Available,2010-09-13T00:00:00Z,2014-06-11T00:00:00Z,No,No,Madhya Pradesh,No,Not Applicable,Not Applicable,Not Applicable,Not Applicable,Not Applicable,Not Applicable,No,Not Applicable,Not Applicable,Not Applicable,No,Not Applicable,Service,Yes,No,Not Applicable,No,Not Applicable,Not Applicable,Not Applicable,Not Applicable,Not Applicable,Not Available,Not Available,Not Available,Not Available,Not Available,Not Applicable,Not Applicable,No,Yes,No
Virender Singh,Male,1961-04-15T00:00:00Z,Not Available,Not Available,2016-10-13T00:00:00Z,2023-04-14T00:00:00Z,No,No,Madhya Pradesh,No,Not Applicable,Not Applicable,Not Applicable,Not Applicable,Not Applicable,Not Applicable,No,Not Applicable,Not Applicable,Not Applicable,No,Not Applicable,Service,Yes,No,Not Applicable,No,Not Applicable,Not Applicable,Not Applicable,Not Applicable,Not Applicable,Not Available,Not Available,Arts,Not Available,Not Available,Not Applicable,Not Applicable,No,No,No
Vishal Dhagat,Male,1969-12-14T00:00:00Z,Assam,Dibrugarh,2019-05-27T00:00:00Z,2031-12-13T00:00:00Z,No,No,Madhya Pradesh,No,Not Applicable,Not Applicable,Not Applicable,Not Applicable,Not Applicable,Not Applicable,No,Not Applicable,Not Applicable,Not Applicable,No,Not Applicable,Bar,No,Yes,No,Not Applicable,Yes,No,No,No,No,Not Available,"Venkateswara College, Delhi University",Arts (Honours),Hari Singh Gour University Sagar,Not Available,1999,Madhya Pradesh,No,No,No
Vishal Mishra,Male,1974-07-17T00:00:00Z,Not Available,Not Available,2019-05-27T00:00:00Z,2036-07-16T00:00:00Z,No,No,Madhya Pradesh,No,Not Applicable,Not Applicable,Not Applicable,Not Applicable,Not Applicable,Not Applicable,No,Not Applicable,Not Applicable,Not Applicable,No,Not Applicable,Bar,No,Yes,No,Not Applicable,Yes,No,Yes,No,Yes,Not Available,Not Available,Not Available,Not Available,Not Available,2000,Madhya Pradesh,No,No,No
Vishnu Deo Narayan,Male,1943-08-13T00:00:00Z,Not Available,Not Available,2002-01-28T00:00:00Z,2005-08-13T00:00:00Z,No,No,Jharkhand,Yes,Madhya Pradesh,2004-12-07T00:00:00Z,Not Applicable,Not Applicable,Not Applicable,Not Applicable,No,Not Applicable,Not Applicable,Not Applicable,No,Not Applicable,Service,Yes,No,Not Applicable,Yes,Not Applicable,Not Applicable,Not Applicable,Not Applicable,Not Applicable,Not Available,Not Available,Not Available,Not Available,Not Available,Not Applicable,Not Applicable,No,No,No
Vishnu Chauhan,Male,1959-03-15T00:00:00Z,Not Available,Not Available,2018-11-19T00:00:00Z,2021-03-14T00:00:00Z,No,No,Madhya Pradesh,No,Not Applicable,Not Applicable,Not Applicable,Not Applicable,Not Applicable,Not Applicable,No,Not Applicable,Not Applicable,Not Applicable,No,Not Applicable,Service,Yes,Yes,No,No,No,No,No,No,No,Not Available,Not Available,Not Available,Not Available,Not Available,1984,Madhya Pradesh,No,No,No
Vivek Agarwal,Male,1967-06-28T00:00:00Z,Uttar Pradesh,Kasganj,2016-04-07T00:00:00Z,2029-06-27T00:00:00Z,No,No,Madhya Pradesh,Yes,Allahabad,2019-10-16T00:00:00Z,Not Applicable,Not Applicable,Not Applicable,Not Applicable,No,Not Applicable,Not Applicable,Not Applicable,No,Not Applicable,Bar,No,Yes,No,Not Applicable,No,No,No,No,No,Not Available,Not Available,Science,Not Available,Not Available,1992,Madhya Pradesh,No,No,No
Vivek Rusia,Male,1969-08-02T00:00:00Z,Madhya Pradesh,Jabalpur,2016-04-07T00:00:00Z,2031-08-01T00:00:00Z,No,No,Madhya Pradesh,No,Not Applicable,Not Applicable,Not Applicable,Not Applicable,Not Applicable,Not Applicable,No,Not Applicable,Not Applicable,Not Applicable,No,Not Applicable,Bar,No,Yes,No,Not Applicable,Yes,No,Yes,No,Yes,Not Available,Not Available,Science,Not Available,Not Available,1992,Madhya Pradesh,No,No,No
